id,fingerprint,firstEventId,date,tail,pattern,legs,peak,final
2025-07-02~N202HA,sha256:2d5fd2dc2b4b373e6f25ce6988d8a3588581527c8f3166ba81329a6e375c9388,2025-07-02~HA~12~12173~14771~1330,2025-07-02,N202HA,ineligible,1,38,38
2025-07-02~N204HA,sha256:bef4d833463e74e5d2f09b63162040994b52b24e7d0c9d8223922777f78b9118,2025-07-02~HA~95~14869~12173~0700,2025-07-02,N204HA,ineligible,2,7,7
2025-07-02~N205HA,sha256:68998da9b5a9cad8764b67b7f68942f332f586c510dafcf0e5dfd7b1dd566b90,2025-07-02~HA~628~12173~14679~0800,2025-07-02,N205HA,ineligible,1,9,9
2025-07-02~N208HA,sha256:2b2f0d2b85ed0ba6cb63b66c777ae1a59f24e9289d25f17dce223ce41e1ae2cd,2025-07-02~HA~49~14057~12173~0730,2025-07-02,N208HA,ineligible,2,12,12
2025-07-02~N209HA,sha256:152b603da0f04ab2af80b21edf8a9e927011e529c49e55c9f14643bcfd4c3987,2025-07-02~HA~26~12173~14057~0750,2025-07-02,N209HA,ineligible,2,9,5
2025-07-02~N212HA,sha256:d3ee41bb982aa1e01c8b0fed1c9f553b3eb17d7de46ff15a9490ba1efb32e049,2025-07-02~HA~41~14771~13830~0730,2025-07-02,N212HA,ineligible,2,2,2
2025-07-02~N213HA,sha256:3affd59fe2abc764de37b6a4ead2b2c62e0d86a54bfa75b60eb67b1daa70d1d1,2025-07-02~HA~59~14893~13830~0830,2025-07-02,N213HA,ineligible,2,4,-6
2025-07-02~N214HA,sha256:a9607d351b5ce1a828a58f9df5279f7892ce0dd155300937c6db0e2ab3fd5c85,2025-07-02~HA~611~14679~12173~1230,2025-07-02,N214HA,ineligible,2,-2,-2
2025-07-02~N215HA,sha256:8d5122f1a7568dff4f35b090caab103e39d318c2ed4626a68b95045bc29cf810,2025-07-02~HA~653~14831~13830~0700,2025-07-02,N215HA,ineligible,2,6,-1
2025-07-02~N216HA,sha256:1200fffd2586642a06ca25ec9463e9b71fdc368b54bab84ea9164919fb34999d,2025-07-02~HA~667~13796~12982~0715,2025-07-02,N216HA,ineligible,2,12,12
2025-07-02~N217HA,sha256:749d42d1fc3b886b6d0abb24299109f5ba0ad3071857bca45d7bede68c1ec2c0,2025-07-02~HA~71~12954~13830~0845,2025-07-02,N217HA,ineligible,2,-2,-2
2025-07-02~N218HA,sha256:3523256a1c1a1918b0523257237d6156a1a23e4b59fd176e3e9af01fe1dfd9b2,2025-07-02~HA~683~14057~12173~1055,2025-07-02,N218HA,ineligible,2,10,2
2025-07-02~N220HA,sha256:69739f166a85afd21cbf7f898b5100169e273dc6b81190554af93afd6e6b6bb1,2025-07-02~HA~73~14893~12758~0700,2025-07-02,N220HA,ineligible,2,0,-6
2025-07-02~N226HA,sha256:e1cd2721771372ecfe649b32284fa91ce139e090809b78a5084815bfeab4487a,2025-07-02~HA~69~12954~12173~0745,2025-07-02,N226HA,ineligible,2,5,5
2025-07-02~N227HA,sha256:2e4d55280e6ddc65cf4459c2d0827d4c79583a5d0fdf5dc1d51d6eecedfbff24,2025-07-02~HA~91~14831~12173~0700,2025-07-02,N227HA,other,3,16,16
2025-07-02~N228HA,sha256:31332a2a4ff2efc457e850107ec3a320a92fa7a324c1095fb53665bb43277846,2025-07-02~HA~63~12892~12982~0930,2025-07-02,N228HA,ineligible,2,-3,-3
2025-07-02~N230HA,sha256:15cee45403e9a6be877ae1d859f0428527d3049960f783993ba1f8182bd492bb,2025-07-02~HA~47~13796~12173~0850,2025-07-02,N230HA,ineligible,2,4,4
2025-07-02~N360HA,sha256:2ac64e4aeabb4f3fbb5ef01f41e968bd3e1d3ec067ec0ae011e18b9724c3fc76,2025-07-02~HA~633~14747~12173~1555,2025-07-02,N360HA,ineligible,2,32,14
2025-07-02~N361HA,sha256:7d5a8db620bf34723a93d89c3ccf45a05b56799c8caddb290923887caa23eac7,2025-07-02~HA~29~14747~13830~1030,2025-07-02,N361HA,ineligible,2,-3,-3
2025-07-02~N374HA,sha256:6a88b472c867795646e3121d5ca0861b05f053f913c774648c5ab555ba65f85f,2025-07-02~HA~17~12889~12173~0150,2025-07-02,N374HA,other,3,16,0
2025-07-02~N375HA,sha256:4414aad563820be4bc9d98675947370c426f18a3efd6ef710d5bfd4baca96959,2025-07-02~HA~6~12173~12889~0810,2025-07-02,N375HA,other,3,16,-1
2025-07-02~N379HA,sha256:6d359c9db8b6bb84bf6937d433d650af1eae671c74192b55e15968e36f69351b,2025-07-02~HA~33~12892~13830~0700,2025-07-02,N379HA,near,3,9,9
2025-07-02~N380HA,sha256:d7c692550c54cf3bded3044b808bf009bd0dd385b6d79962c69908d747ae949a,2025-07-02~HA~7~12889~12173~0750,2025-07-02,N380HA,ineligible,2,429,3
2025-07-02~N382HA,sha256:db94b2b2001b5f04e6ac94d5dd5e8fd4868fd9f71a6211b463752eaa55319374,2025-07-02~HA~35~14107~12173~0805,2025-07-02,N382HA,ineligible,2,933,3
2025-07-02~N383HA,sha256:e7d745cb4d30bb1ef8ad531de16409615d895bd20d4909db191c6e2f295769be,2025-07-02~HA~22~12173~14747~1300,2025-07-02,N383HA,ineligible,1,10,10
2025-07-02~N384HA,sha256:a1b3ec6132bf5c1865544a2c1363858d5380a4d6d3cd3774e21dabf434386e5d,2025-07-02~HA~11~14771~12173~0935,2025-07-02,N384HA,ineligible,1,-5,-5
2025-07-02~N386HA,sha256:15c5cdb3888bb6f832159f1c0fa6d852c9e2b68a563ec92d5e9f14a27693ed17,2025-07-02~HA~698~10299~14747~0250,2025-07-02,N386HA,ineligible,3,138,138
2025-07-02~N389HA,sha256:9bcd4a2bebb69b7e7a1605e619786417aa6f76df7c298556cc252f81135cb38b,2025-07-02~HA~16~12173~14679~1255,2025-07-02,N389HA,ineligible,1,11,11
2025-07-02~N390HA,sha256:684903a436a33898f95a89d2d8f898930d84ac96f4fcb68cf811e2cdde1c3de7,2025-07-02~HA~15~14679~12173~0915,2025-07-02,N390HA,ineligible,2,7,7
2025-07-02~N391HA,sha256:e1ecb9f492dc26b6ebddcc364ae6b1c918bd1e357bdfb627d8c7821b48046b54,2025-07-02~HA~21~14747~12173~0815,2025-07-02,N391HA,ineligible,2,12,12
2025-07-02~N392HA,sha256:7b773d9f583891b9e6c0c34e42103d1f972a8dd778208f41f1c4f3bef3cde596,2025-07-02~HA~31~12889~13830~0850,2025-07-02,N392HA,ineligible,2,66,66
2025-07-02~N396HA,sha256:c5970ae48ca67480532c417a5f9fabe760f7e9b31c31ec7b328c14d9fe50b480,2025-07-02~HA~681~14747~10299~1145,2025-07-02,N396HA,ineligible,2,7,-6
2025-07-02~N475HA,sha256:1968b11fd3c310068f4dda6a3b0b30db8b9f03bf7b74a9ee029b609f387a9788,2025-07-02~HA~225~13830~12173~1140,2025-07-02,N475HA,near,4,9,-1
2025-07-02~N476HA,sha256:83fab7d90ce54afcc1bbf4ea5421bef395fb58e412ed03f96160b006f44602a0,2025-07-02~HA~139~12758~13830~0810,2025-07-02,N476HA,near,8,8,-3
2025-07-02~N477HA,sha256:95e32a5eb853126af08e943f53d9a46d7f27c33b3211d937c690e21ed118ec38,2025-07-02~HA~138~12173~12758~0630,2025-07-02,N477HA,near,11,12,-4
2025-07-02~N478HA,sha256:02f0afe96bffc061b82da04ee8b3f7e56d8bdbd14962ef6c85c012366440cf03,2025-07-02~HA~116~12173~13830~0536,2025-07-02,N478HA,other,11,15,1
2025-07-02~N479HA,sha256:0157c52c2f935cbf3cc2aec28a47b2f4584d1539bfa67f7a9f1f1cf055e63fd6,2025-07-02~HA~118~12173~12758~0540,2025-07-02,N479HA,near,12,11,8
2025-07-02~N483HA,sha256:40ee14b05a0f264bdc1b7f91f87d5f18bcc227accdeb415c443c6158736420c5,2025-07-02~HA~133~12173~12982~0620,2025-07-02,N483HA,near,11,5,-4
2025-07-02~N484HA,sha256:9c7eef5578edb27e3b8a11cf7afb2af23638c3708900a8bf5fdad4717471b924,2025-07-02~HA~122~12173~12402~0605,2025-07-02,N484HA,near,8,1,0
2025-07-02~N486HA,sha256:a3b39d800b9f86c4a534f84c0965818c8850ee9cc01a99dc5512b2125a999046,2025-07-02~HA~140~12982~13830~0909,2025-07-02,N486HA,near,7,12,0
2025-07-02~N488HA,sha256:cf66b5f095dc6a45e5fafa8b62623a41dd48dbffc35b1f55fab7b45528ab5cae,2025-07-02~HA~126~12173~13830~0615,2025-07-02,N488HA,near,11,3,2
2025-07-02~N489HA,sha256:267449e0226f2ca8d0727a500f47e50fdb1a5d48d2c86405bda2d01bf402ce99,2025-07-02~HA~101~12402~12173~0600,2025-07-02,N489HA,near,11,10,2
2025-07-02~N490HA,sha256:e54ea878435f4bcc73df804659892b36112519ab583efd8d8fdce193f7e94e0a,2025-07-02~HA~107~12758~12173~0600,2025-07-02,N490HA,near,11,6,0
2025-07-02~N492HA,sha256:3605c3019bfbbee35d8d7542eea5735ec2a3f0b4b4d5a332a19f382f8e4dc332,2025-07-02~HA~146~12173~13830~0700,2025-07-02,N492HA,near,11,3,-5
2025-07-02~N493HA,sha256:9b0fca019d0f08ccc2d91bb9be41eaede9bcf4366b94538e1251fd5b182c8901,2025-07-02~HA~104~12982~12173~0600,2025-07-02,N493HA,near,11,13,-5
2025-07-02~N494HA,sha256:1cf03815627fd206cc3e77f5803ddfefff285b47723ea4eb8f6b84b69cd794f0,2025-07-02~HA~105~13830~12173~0600,2025-07-02,N494HA,near,10,0,0
2025-07-02~N495HA,sha256:0b716ff330c459b3aba9bc025f12451030a4e572b7f3686a36d1f3454ca74938,2025-07-02~HA~113~12173~12982~0536,2025-07-02,N495HA,near,9,12,0
2025-07-02~N780HA,sha256:e42eddb668e2a56110f52d238cb015ebe36ce4c127d99012c0623e10794e7b1a,2025-07-02~HA~3~12892~12173~1010,2025-07-02,N780HA,ineligible,2,6,-1
2025-07-02~N781HA,sha256:298211d3598b51e5b769ffe458b40d512f5a82d0505e0c6a12d9d2b96d95bdb9,2025-07-02~HA~51~12478~12173~0905,2025-07-02,N781HA,ineligible,2,10,1
2025-07-02~N782HA,sha256:f0842f04fe001ae68e30ba3facab2b449fbfebda626ae2f0647df53eecb3e16c,2025-07-02~HA~1~12892~12173~0830,2025-07-02,N782HA,ineligible,2,30,-3
2025-07-03~N202HA,sha256:a87cdf6b975868e48b5d9cbaa972ce9fece75b0be71d54b14cfbd503c3d4d39e,2025-07-03~HA~1011~14771~12173~0935,2025-07-03,N202HA,ineligible,2,17,17
2025-07-03~N204HA,sha256:09eb23e7c32eec94ac8dfb9e60515671be44f4cf807d6d316fe496e3958cff27,2025-07-03~HA~667~13796~12982~0715,2025-07-03,N204HA,other,3,26,26
2025-07-03~N205HA,sha256:467052c408488743e8c79526cdff6433b4eb8acd5f7f86673c793fa9a0e199e7,2025-07-03~HA~611~14679~12173~1230,2025-07-03,N205HA,ineligible,2,2,-6
2025-07-03~N208HA,sha256:fd3e3d329db8dcc0a808baec5158d3b846dccc93edf81db8e95b127481fcd75d,2025-07-03~HA~69~12954~12173~0745,2025-07-03,N208HA,near,3,1,1
2025-07-03~N209HA,sha256:0d2849c58aa52812b923cf1eba476e7b1f38f835760a96189c77677b2e3fecce,2025-07-03~HA~628~12173~14679~0800,2025-07-03,N209HA,near,3,14,14
2025-07-03~N212HA,sha256:9d5e7706ff23382e3eb4a854050ab199f0c364c51ec9f589852294d00ba2a453,2025-07-03~HA~653~14831~13830~0700,2025-07-03,N212HA,near,4,12,12
2025-07-03~N213HA,sha256:20d3d9888e5296874f04816d4c69d84b7c0521d0a7dbca2995c27e8c69bbf8dd,2025-07-03~HA~71~12954~13830~0845,2025-07-03,N213HA,ineligible,2,27,27
2025-07-03~N214HA,sha256:6f4a393f36fffdd7c91606e767167dcb091c07447ea128d79aa92d72899e2c5c,2025-07-03~HA~49~14057~12173~0730,2025-07-03,N214HA,ineligible,2,25,25
2025-07-03~N215HA,sha256:866a9b771e4ebd81c59c34b3d9638d21430c0c5b160477b0acf0b363d079d0c4,2025-07-03~HA~41~14771~13830~0730,2025-07-03,N215HA,ineligible,2,5,5
2025-07-03~N216HA,sha256:f16db6c077299417452b80bfc2c3b8809dbde9d6c5853fafc3a73a135610229e,2025-07-03~HA~63~12892~12982~0930,2025-07-03,N216HA,ineligible,2,6,6
2025-07-03~N217HA,sha256:9ce9f39ccc8b3a85022f8d8e24e3ca2ccd900829042a20cc0f1ad4b536ef2406,2025-07-03~HA~65~14893~12982~0700,2025-07-03,N217HA,ineligible,2,-3,-7
2025-07-03~N218HA,sha256:5dac75c111455bd16d64dea646c053d394d2714478d2a1a1d8a4c2fc5ac06ae5,2025-07-03~HA~95~14869~12173~0700,2025-07-03,N218HA,ineligible,2,-4,-6
2025-07-03~N220HA,sha256:a092155bdf41ed5a8df298055f386bc5beaf5fe262463a4b28f3bfba85f02340,2025-07-03~HA~59~14893~13830~0830,2025-07-03,N220HA,ineligible,2,-5,-6
2025-07-03~N226HA,sha256:6d15e03ca744228a2cc1a56661286f646fb75320efe00dbe797651787ec05e70,2025-07-03~HA~683~14057~12173~1055,2025-07-03,N226HA,ineligible,2,6,6
2025-07-03~N227HA,sha256:df91aa0c1c378dbfe9ab78090ef2a36976b4dad58e32f1d6b6f05f65396710b7,2025-07-03~HA~26~12173~14057~0750,2025-07-03,N227HA,near,3,13,9
2025-07-03~N228HA,sha256:43f553f3e7afd9645cb605203bff006e9c72d428ae0bf8226aa406b96466b200,2025-07-03~HA~47~13796~12173~0850,2025-07-03,N228HA,ineligible,2,-6,-6
2025-07-03~N230HA,sha256:f777ef229be69d65710f274b6bf6d475157901ecb4dfda8d946d2368cf8c8c39,2025-07-03~HA~91~14831~12173~0700,2025-07-03,N230HA,other,3,34,34
2025-07-03~N360HA,sha256:ee6011ea42f66e9a3ea6d2c53611a19c3ebce1255af55ceb9e8a52a0f5a474d0,2025-07-03~HA~31~12889~13830~0850,2025-07-03,N360HA,ineligible,2,24,24
2025-07-03~N361HA,sha256:ae761ccbc18dbae6d295681d706e83ac6b9de4eb1efd53377dfbb46bb4cc729f,2025-07-03~HA~17~12889~12173~0150,2025-07-03,N361HA,near,4,9,9
2025-07-03~N373HA,sha256:adeea5e43bcc081c1147de627468be992b052c13103d76df25d5668690eaebd3,2025-07-03~HA~20~12173~14893~1330,2025-07-03,N373HA,ineligible,1,100,100
2025-07-03~N374HA,sha256:541e225c79eb18bd3e7ebc63d5222cac746b3eee1a32ee028ba64fccf486f62c,2025-07-03~HA~10~12173~12892~0740,2025-07-03,N374HA,other,3,58,58
2025-07-03~N375HA,sha256:04fd62a60a7f641fb4ffebe30a782a71c6e15c4f75a87a7d25f8d58ac16e6ed3,2025-07-03~HA~681~14747~10299~1145,2025-07-03,N375HA,ineligible,2,4,4
2025-07-03~N379HA,sha256:ae30eab29e3d314f6dfa67ff248a6fef26c449a693fd6745e0ee258eb32149da,2025-07-03~HA~698~10299~14747~0250,2025-07-03,N379HA,other,3,26,-2
2025-07-03~N380HA,sha256:45f62e50d8363e08719f22524283c461d7d80c3c1a0ea92efe83a8ddeaae560c,2025-07-03~HA~21~14747~12173~0815,2025-07-03,N380HA,ineligible,1,-2,-2
2025-07-03~N382HA,sha256:f1409745a68a8b073a20a77b70fdcbaff4caace0d4f29785b36764af8083c9ef,2025-07-03~HA~12~12173~14771~1330,2025-07-03,N382HA,ineligible,1,1,1
2025-07-03~N383HA,sha256:c1760b1e0458701f47c8c209a24f779130581f6dbf7fb61c3488004471842443,2025-07-03~HA~27~14747~12173~1125,2025-07-03,N383HA,other,3,40,40
2025-07-03~N384HA,sha256:cdffe63e034528f208bbcef9456ca28d18d0d6338056d11c7a28542fedeec8df,2025-07-03~HA~36~12173~14107~1105,2025-07-03,N384HA,ineligible,1,-3,-3
2025-07-03~N385HA,sha256:fc9db42fd0bb437ff8d93e93ad4f11ec29d1482755547e69c270769c770d7d5c,2025-07-03~HA~35~14107~12173~0805,2025-07-03,N385HA,ineligible,2,2,2
2025-07-03~N386HA,sha256:dbdb120db7e9b3c09045f0677416f117ec311ef19bbdf671869047d30c86fea7,2025-07-03~HA~7~12889~12173~0750,2025-07-03,N386HA,ineligible,2,25,25
2025-07-03~N389HA,sha256:9f05a13885b77eaacb051f5199d83c0d4cf9ea302942981fa3f234abba4b29c4,2025-07-03~HA~15~14679~12173~0915,2025-07-03,N389HA,ineligible,2,14,14
2025-07-03~N390HA,sha256:624e51ef30dc3deaef36d1d2d49e74e3a91515aeecc08efbc954b7bb711b17e6,2025-07-03~HA~89~10721~12173~0800,2025-07-03,N390HA,ineligible,1,-2,-2
2025-07-03~N391HA,sha256:b42b14c2f689472b3911565df81e80ecf876dcff0920b0ddbd5e0f2e9d2266c7,2025-07-03~HA~19~14893~12173~0940,2025-07-03,N391HA,ineligible,1,3,3
2025-07-03~N392HA,sha256:4723bd1a22a1a7af8d528d59dd5cd9ac452771305e7fed4dd318a2d02e6b9489,2025-07-03~HA~33~12892~13830~0700,2025-07-03,N392HA,near,3,8,8
2025-07-03~N393HA,sha256:3dfba17a1334de100d164a1e273a8468b9ba25bb666d519cc3404d31d3c7244b,2025-07-03~HA~16~12173~14679~1255,2025-07-03,N393HA,ineligible,1,18,18
2025-07-03~N396HA,sha256:d5ff00027b7d2a156da1c5fc344f963f76b6caa7f9fcc92652f6c480032fe7a8,2025-07-03~HA~29~14747~13830~1030,2025-07-03,N396HA,ineligible,2,-4,-6
2025-07-03~N475HA,sha256:a5fc7e22c00a12e542f9db8627f5a64100643eee8a6acfd2f904106e9ca6b374,2025-07-03~HA~147~12758~12173~0800,2025-07-03,N475HA,near,9,12,10
2025-07-03~N476HA,sha256:464a62bb48822cd9c2277290a2db61fbead1223587693d379fd562e17d812d14,2025-07-03~HA~116~12173~13830~0536,2025-07-03,N476HA,other,11,17,-6
2025-07-03~N477HA,sha256:2d579b5f6805e6ce978d8f9869bdc02f5b1a9c650da0c6436095e37c7c346007,2025-07-03~HA~105~13830~12173~0600,2025-07-03,N477HA,near,12,4,-5
2025-07-03~N478HA,sha256:f16ff5010b29e90635eca1cd97f032d34724e2bf383ed45090b8cbe2d54a3dd9,2025-07-03~HA~107~12758~12173~0600,2025-07-03,N478HA,near,11,7,7
2025-07-03~N479HA,sha256:eaf6d6f757343762e4c82f3257842bb5c2452cb0986d2251aed014dbb6ba3598,2025-07-03~HA~118~12173~12758~0540,2025-07-03,N479HA,near,9,1,-7
2025-07-03~N483HA,sha256:9a4744abbeaf91d65d027efbead713dbc7d2044574b681df8af154351cbfcc07,2025-07-03~HA~104~12982~12173~0600,2025-07-03,N483HA,other,11,15,0
2025-07-03~N484HA,sha256:3b9256989f8f6d3e8308def00be12d20d50471b8fee49fe573ee9e373416784f,2025-07-03~HA~140~12982~13830~0909,2025-07-03,N484HA,near,9,10,-1
2025-07-03~N486HA,sha256:201d7c9b469c8f79f92278bc456315aee338f380a74545400cfc1124abfd225b,2025-07-03~HA~113~12173~12982~0536,2025-07-03,N486HA,near,12,11,2
2025-07-03~N488HA,sha256:0da43b03ee8afa042fa6bb2bee5d6730e3b864b22d462ca88797f3d2378ced05,2025-07-03~HA~101~12402~12173~0600,2025-07-03,N488HA,near,9,5,-2
2025-07-03~N489HA,sha256:fe4faa52d80d0925cf30fe88596a6d0682d1d73bea5e6600916f429e1850411a,2025-07-03~HA~126~12173~13830~0615,2025-07-03,N489HA,near,11,1,-2
2025-07-03~N490HA,sha256:81efb915793f4d0dadc45ee565160de4345b4b4c88785345d33c25dfc4786dc6,2025-07-03~HA~133~12173~12982~0620,2025-07-03,N490HA,near,10,-1,-3
2025-07-03~N491HA,sha256:f940fb2e9e8cf078204bc2912d8713fd05bba5161d26bb0e713862609f8ed3de,2025-07-03~HA~202~12173~12402~0920,2025-07-03,N491HA,near,9,0,-3
2025-07-03~N492HA,sha256:3f03d782caf54e81711ae03b860dedd48e7ae4b2bf89aafa2f3c4416d7fc08f9,2025-07-03~HA~138~12173~12758~0630,2025-07-03,N492HA,near,8,12,-3
2025-07-03~N493HA,sha256:a70337379b77eeaadcc44661ffafabdfbc33141402474e29d9511a611e6d9d6c,2025-07-03~HA~122~12173~12402~0605,2025-07-03,N493HA,other,10,17,-5
2025-07-03~N494HA,sha256:aaf17bc40e32820486a5f685e2eb6cd8dde667eca7d2a9f88723749009273159,2025-07-03~HA~146~12173~13830~0700,2025-07-03,N494HA,near,8,6,-5
2025-07-03~N495HA,sha256:66a1abce711bf052823d4ef04b9b3491710e63cc039f58bca37cd3c571982bde,2025-07-03~HA~225~13830~12173~1140,2025-07-03,N495HA,near,7,-1,-8
2025-07-03~N780HA,sha256:75a0292f84c8b8a6375cd6fb0abd811c35f87a677f5ef0eb8c0442301e8b7ff1,2025-07-03~HA~51~12478~12173~0905,2025-07-03,N780HA,ineligible,2,-1,-1
2025-07-03~N781HA,sha256:3dd9517a3a2f5113b5c2837b1fd356ebefbf3d54fbd30db4995d28f30c2f03be,2025-07-03~HA~1~12892~12173~0830,2025-07-03,N781HA,ineligible,2,4,2
2025-07-03~N782HA,sha256:670e4468814b65eaea750d93170cb4ef410ea2284ed3d678ff355a50dddbf620,2025-07-03~HA~3~12892~12173~1010,2025-07-03,N782HA,ineligible,2,-1,-1
2025-07-04~N202HA,sha256:17c51acc1c8651f2cddb33fe231d5344a3bfadbe2303a697233dd7c9ca260786,2025-07-04~HA~49~14057~12173~0730,2025-07-04,N202HA,ineligible,2,-1,-1
2025-07-04~N204HA,sha256:92a422fb955de3a5ee1be5f4194ff6b5a461cd995b463d8bf64068457de638b7,2025-07-04~HA~26~12173~14057~0750,2025-07-04,N204HA,other,3,16,16
2025-07-04~N205HA,sha256:8a2742473cf554cc80d4571073ac1a2cd973afcf4e69007d434665d277000e73,2025-07-04~HA~95~14869~12173~0700,2025-07-04,N205HA,ineligible,2,6,3
2025-07-04~N208HA,sha256:9e7ca3d77ffc10645f96f9671398d594636635628212ec3fc9343fad95a04f7a,2025-07-04~HA~667~13796~12982~0715,2025-07-04,N208HA,near,3,6,6
2025-07-04~N209HA,sha256:2d97e1e77d876a2dad85de47db1b60d1a3cbbf22b249bdc052e2dfe9124926bf,2025-07-04~HA~611~14679~12173~1230,2025-07-04,N209HA,ineligible,2,9,0
2025-07-04~N212HA,sha256:2a1fd444a1f0f3857bbb3042e9851c287145454165124fce306f5124366d5090,2025-07-04~HA~63~12892~12982~0930,2025-07-04,N212HA,ineligible,2,5,2
2025-07-04~N213HA,sha256:f0572e1fdc7752a5c3ae1a6d52663856c6fdc899c3e44cd1647033a8c3ea62e0,2025-07-04~HA~65~14893~12982~0700,2025-07-04,N213HA,ineligible,2,-6,-6
2025-07-04~N214HA,sha256:526e52a86f6954e7e89b1af4c6e2e9514b9869fb8c6a2153288c3975ca117de4,2025-07-04~HA~71~12954~13830~0845,2025-07-04,N214HA,ineligible,2,-3,-4
2025-07-04~N215HA,sha256:bfccb4da5bc1dca08442d5950dbb9d3a34b0ab3c5ff1395661a621c554e9b53c,2025-07-04~HA~91~14831~12173~0700,2025-07-04,N215HA,other,3,33,33
2025-07-04~N216HA,sha256:a26bf3fb661b373bbaaf6e38f7fa5f20c4b997259e27778d4957466e3b9f163e,2025-07-04~HA~23~13796~13830~0700,2025-07-04,N216HA,near,4,0,-1
2025-07-04~N217HA,sha256:0515972a2fa80213de5d1290adbf36bdc8c45fad7563a4346448deb4c3ce9ae0,2025-07-04~HA~59~14893~13830~0830,2025-07-04,N217HA,ineligible,2,-6,-6
2025-07-04~N218HA,sha256:5eb970ff935d5fb60d391eadbbc5b1379f5432cc5d9bc319be64cba1b13aa576,2025-07-04~HA~47~13796~12173~0850,2025-07-04,N218HA,ineligible,2,1,1
2025-07-04~N220HA,sha256:a68ee53639405201fb75839b095f56eb86d9a4fc09395505f71102b7c89342d5,2025-07-04~HA~69~12954~12173~0745,2025-07-04,N220HA,ineligible,2,19,-10
2025-07-04~N226HA,sha256:f4e14e545516a2601ad40f34de58a438aae718d0eee3ee1f00374dcb4e965f86,2025-07-04~HA~683~14057~12173~1055,2025-07-04,N226HA,ineligible,2,-1,-13
2025-07-04~N227HA,sha256:92e6da914e75e8d644ff9842b0b8821f5c0309806c80f6518542138cb77406c5,2025-07-04~HA~41~14771~13830~0730,2025-07-04,N227HA,ineligible,2,7,7
2025-07-04~N228HA,sha256:92ce753bf0c1e852c169e09ee3269eb1a4cbe4ed29981b0833e3ca3be64db5e3,2025-07-04~HA~653~14831~13830~0700,2025-07-04,N228HA,ineligible,2,6,6
2025-07-04~N230HA,sha256:31d4531663a13edc24233c54b7c988599d49403f09366a695550066bee10d44d,2025-07-04~HA~628~12173~14679~0800,2025-07-04,N230HA,near,3,0,-13
2025-07-04~N360HA,sha256:d84363ec3773db21d66405600c08297e74e3b77b0ee9a7d581cfc0f7d7f72317,2025-07-04~HA~33~12892~13830~0700,2025-07-04,N360HA,ineligible,3,364,364
2025-07-04~N361HA,sha256:654f6dd270c35c661e2b55884f297b793a0a5539beb7c7fa8ea252a7c8038b27,2025-07-04~HA~681~14747~10299~1145,2025-07-04,N361HA,ineligible,2,10,0
2025-07-04~N370HA,sha256:cb7ce62234f389355e4c0791b0acdffb9e0f876db13d4d0b91c35027ce5eff3a,2025-07-04~HA~12~12173~14771~1330,2025-07-04,N370HA,ineligible,1,0,0
2025-07-04~N373HA,sha256:7b9b414c64b9d927a5c62902efdf7605e08cf2c93d8379778921c8cf08878686,2025-07-04~HA~19~14893~12173~0940,2025-07-04,N373HA,ineligible,1,45,45
2025-07-04~N374HA,sha256:6bbe7a48fb56acb12a049e21dd61ee71a4cce782f0b677d6a10453fa81fc216c,2025-07-04~HA~31~12889~13830~0850,2025-07-04,N374HA,ineligible,2,34,14
2025-07-04~N379HA,sha256:2e74fcfccb127c80d87e5d805f63baf30a9ebcb010217c4b50c1eae095a8e9a9,2025-07-04~HA~21~14747~12173~0815,2025-07-04,N379HA,ineligible,2,4,-4
2025-07-04~N380HA,sha256:9411dc55e002f4d96c3d67cfcddcd089068478dad7991c20268ae34e0026639e,2025-07-04~HA~36~12173~14107~1105,2025-07-04,N380HA,ineligible,1,-3,-3
2025-07-04~N381HA,sha256:f45bb8fa0565da5cba0f9d3d9ae96a344a6dbb337097d0c489a111021e3d9edb,2025-07-04~HA~20~12173~14893~1330,2025-07-04,N381HA,ineligible,1,-6,-6
2025-07-04~N382HA,sha256:4b00096aea3398e680ffda2c10eb791599cf3bbbfd88af3775de959f61024fb9,2025-07-04~HA~11~14771~12173~0935,2025-07-04,N382HA,ineligible,1,2,2
2025-07-04~N383HA,sha256:eda231c5f0659d16cd88e0859bce44e0222f1574355c25c2697cb374fada5f3b,2025-07-04~HA~6~12173~12889~0810,2025-07-04,N383HA,ineligible,2,14,2
2025-07-04~N384HA,sha256:63ced818c3e608fa6a9764cb5314d7020bf9034f67f6de9e3dcf173f8f775fef,2025-07-04~HA~35~14107~12173~0805,2025-07-04,N384HA,ineligible,1,-5,-5
2025-07-04~N385HA,sha256:8f7eea527646b951ff97b28606ebde74caf6c64119fe657dfb3ff19c6a6585de,2025-07-04~HA~89~10721~12173~0800,2025-07-04,N385HA,ineligible,1,12,12
2025-07-04~N386HA,sha256:cc81e908ca697927de4aa2e5b74f65350f8c0f0747f0ff201f2725bd62321df8,2025-07-04~HA~29~14747~13830~1030,2025-07-04,N386HA,ineligible,2,91,91
2025-07-04~N388HA,sha256:78068a941b26655aba69b2153ad46e77d8872c71bcecb765b994d9886feac496,2025-07-04~HA~28~12173~14747~2355,2025-07-04,N388HA,ineligible,1,-9,-9
2025-07-04~N389HA,sha256:f301938345746c8f1c890a8d9aca0bb36d3c3b6d7c7c027bb4e2bd6fc2ce0364,2025-07-04~HA~7~12889~12173~0750,2025-07-04,N389HA,ineligible,1,-5,-5
2025-07-04~N390HA,sha256:953aa0724b1de0e946092c7d834c821b95cbba70bb7106ca51dabcba3a5fa2fb,2025-07-04~HA~16~12173~14679~1255,2025-07-04,N390HA,ineligible,1,7,7
2025-07-04~N391HA,sha256:41c01dee89da24c27e0466e020635e86b87781c4d13a801250c3a097734a3ca5,2025-07-04~HA~22~12173~14747~1300,2025-07-04,N391HA,ineligible,1,6,6
2025-07-04~N392HA,sha256:4da98f8d986a613fb0fc9de4bd4b4f227abfe15d75c6fb80f854129b898d9cd7,2025-07-04~HA~698~10299~14747~0250,2025-07-04,N392HA,other,3,20,-7
2025-07-04~N393HA,sha256:9d5fc1584efca667eeed3f508a7d875e6b909cce626131e1c8e86d44bc9864ce,2025-07-04~HA~15~14679~12173~0915,2025-07-04,N393HA,ineligible,1,0,0
2025-07-04~N396HA,sha256:62c6fffad6f51338a5f9711c7d7d3e891eb2601e924b56aaee8e6d0e54fdad44,2025-07-04~HA~17~12889~12173~0150,2025-07-04,N396HA,other,4,38,8
2025-07-04~N399HA,sha256:9c11ce5f0aac1f85471a97bb0e253f49c655ddfb26fde632189041489fdc4864,2025-07-04~HA~32~13830~12889~1520,2025-07-04,N399HA,ineligible,1,-8,-8
2025-07-04~N475HA,sha256:708976a87876ae349ba671534157aa98e2830f15055b0f611ae6076a3469a824,2025-07-04~HA~146~12173~13830~0700,2025-07-04,N475HA,near,10,2,-10
2025-07-04~N476HA,sha256:95721c2bfe7c5d1fbcab25e645d1684267f80f6f311a4f9329dc557d94601f15,2025-07-04~HA~101~12402~12173~0600,2025-07-04,N476HA,other,9,15,-8
2025-07-04~N477HA,sha256:5751b89135f190e425fc3331444bb476a88c6da1c360423358e2b987d9b2cae2,2025-07-04~HA~122~12173~12402~0605,2025-07-04,N477HA,near,10,-2,-5
2025-07-04~N478HA,sha256:a05cd59e93224ba6ba66fb5e1da23bec162ba67b2f2007bd57ca4210ac29d038,2025-07-04~HA~133~12173~12982~0620,2025-07-04,N478HA,near,11,2,-6
2025-07-04~N479HA,sha256:3c55bd1bbfd8ebd95df88383922ed567b9c35e8d246960af5f1605ec3099c436,2025-07-04~HA~225~13830~12173~1140,2025-07-04,N479HA,near,5,14,-7
2025-07-04~N480HA,sha256:b6ec1f74011e5d7cbf238bcd6b983498adc4d49f866d89e431e9ae04f3323a8f,2025-07-04~HA~516~12173~13830~1833,2025-07-04,N480HA,near,3,8,-3
2025-07-04~N483HA,sha256:ac0e72a83c1824f3edfc7e513a5bd4409def0f9ae6fecf76158794104118959d,2025-07-04~HA~138~12173~12758~0630,2025-07-04,N483HA,near,9,14,-10
2025-07-04~N484HA,sha256:5930c0e5d81cabe46eecb350c0d628974808933f133429275b5ccfab2cf43921,2025-07-04~HA~176~12173~13830~0853,2025-07-04,N484HA,near,8,4,-5
2025-07-04~N486HA,sha256:e862d0a9b2e39c5fbb74707d113b6cf2e21df9d0f8d57e6c6e6ad5a834ee0ab4,2025-07-04~HA~158~12173~12758~0730,2025-07-04,N486HA,near,7,-4,-9
2025-07-04~N488HA,sha256:e9a3e0e5248d8cf9dab0895993c775ad78f8102aac6fef483a6170d9ce9b3cef,2025-07-04~HA~143~12173~12982~0720,2025-07-04,N488HA,near,8,0,-2
2025-07-04~N489HA,sha256:d5fb1b5a3db095af7f629c7cdd1e38f38777f73d34df31232672a8636797c711,2025-07-04~HA~104~12982~12173~0600,2025-07-04,N489HA,near,9,11,-7
2025-07-04~N490HA,sha256:1f0a08b99669fd4c5f907d49658a0ccce71cd2e835165e301a4571b56d28c365,2025-07-04~HA~168~12173~12758~0805,2025-07-04,N490HA,other,7,17,-3
2025-07-04~N491HA,sha256:8e501ff2c450d3b50bdb8ac9b92554a02de9857116311f0e7b9dcd3b332d3479,2025-07-04~HA~107~12758~12173~0600,2025-07-04,N491HA,near,9,-2,-5
2025-07-04~N492HA,sha256:f20b711dfde0953049f11d4c81759659ceb73fb9cf7f05afa2d13ae5a959b688,2025-07-04~HA~147~12758~12173~0800,2025-07-04,N492HA,near,7,0,-8
2025-07-04~N493HA,sha256:2ad14fa3e22753bb54b4a0179feab8ba4ed123b07841654d5808c43ab52c8549,2025-07-04~HA~115~13830~12173~0649,2025-07-04,N493HA,near,9,3,3
2025-07-04~N494HA,sha256:743afece06e454170033538e9369e57648525568c1d960eaeb5197c67eeace87,2025-07-04~HA~140~12982~13830~0909,2025-07-04,N494HA,near,9,9,-5
2025-07-04~N495HA,sha256:cb3b573c5947db93529757e35bbe5dc904e000910f00a53445634b6d82d6e6d8,2025-07-04~HA~126~12173~13830~0615,2025-07-04,N495HA,near,8,-2,-5
2025-07-04~N780HA,sha256:d280fbf11bbfcce2666cf9821aae3abdc8a0def3f9d9ad9e0ece0ec891532a25,2025-07-04~HA~51~12478~12173~0905,2025-07-04,N780HA,ineligible,2,7,0
2025-07-04~N781HA,sha256:374558052b1e4eebf69e4aca8fe7adb5410aa29fb44a273d16da515008042181,2025-07-04~HA~3~12892~12173~1010,2025-07-04,N781HA,ineligible,2,-2,-7
2025-07-04~N782HA,sha256:9c6e3ad12d289cbfa500aab353885f5677f73690fc1649b497d77061e12fa0e8,2025-07-04~HA~1~12892~12173~0830,2025-07-04,N782HA,ineligible,2,-2,-2
2025-07-05~N202HA,sha256:c0e14b4fcb25652e367ad705892f972768f8c4d0def0524d5a34ed5cf1757549,2025-07-05~HA~71~12954~13830~0845,2025-07-05,N202HA,ineligible,2,-9,-12
2025-07-05~N204HA,sha256:9b529a2aeb47cfa43fa6f4f70432fe7a9fdd73ca21ee03e4f031295ad2122e4e,2025-07-05~HA~41~14771~13830~0730,2025-07-05,N204HA,ineligible,2,21,21
2025-07-05~N205HA,sha256:faf9b606c55955cecfc42f9ede83bf178273078d59b5c36ab097bfea8505f30c,2025-07-05~HA~47~13796~12173~0850,2025-07-05,N205HA,ineligible,2,17,17
2025-07-05~N208HA,sha256:5c17314983695d296499a32fd6071f8f4b23b4f4d55d84d537fad8261fdfd480,2025-07-05~HA~26~12173~14057~0750,2025-07-05,N208HA,other,3,27,18
2025-07-05~N209HA,sha256:8be7d7505904154fdd4b39e326793d16c8a37b16adef4ddc74d1772db1533aab,2025-07-05~HA~95~14869~12173~0700,2025-07-05,N209HA,ineligible,2,7,7
2025-07-05~N212HA,sha256:dd20a06dab82a20ef6995d4ef82353c29ae574bed2c7e09e4636f5270937799c,2025-07-05~HA~667~13796~12982~0715,2025-07-05,N212HA,other,3,18,18
2025-07-05~N213HA,sha256:6e9397cc9f8d9772e85e5b6dc744a1ae3220a314e4c8f754ab3a16f66e7c0e7d,2025-07-05~HA~73~14893~12758~0700,2025-07-05,N213HA,ineligible,2,0,0
2025-07-05~N214HA,sha256:20962db75bb1d955324f8f8aa458681bc8f1eca714cd17d2fc3ac708bf718aae,2025-07-05~HA~59~14893~13830~0830,2025-07-05,N214HA,ineligible,2,14,14
2025-07-05~N215HA,sha256:384b07855ecda19e6a8721c706c3e0a7d7d14c3af05f6d8b42bbc6c002328130,2025-07-05~HA~628~12173~14679~0800,2025-07-05,N215HA,near,3,-1,-1
2025-07-05~N216HA,sha256:d3761ac7914def8d8f9d4e3ac3f74790b48eb13afdaac22934b5cf2803d10378,2025-07-05~HA~63~12892~12982~0930,2025-07-05,N216HA,ineligible,2,6,5
2025-07-05~N217HA,sha256:407f79419d99704139006f88087d42670480433b7a764a679d9a84239d752a91,2025-07-05~HA~69~12954~12173~0745,2025-07-05,N217HA,ineligible,2,11,11
2025-07-05~N218HA,sha256:2f8f38c11b6a1a10edd6a42950dad3c1b3c5a0608324e17a11f34640511a275a,2025-07-05~HA~653~14831~13830~0700,2025-07-05,N218HA,ineligible,2,1,1
2025-07-05~N220HA,sha256:b033ff56ebdc93ee93090607e0587cb43c18dd9dd76cd301b28b6fa713823e63,2025-07-05~HA~49~14057~12173~0730,2025-07-05,N220HA,ineligible,2,25,25
2025-07-05~N226HA,sha256:f04680092cff8253c7909f1b66ac5c621d97a254f3c7c3e528a1d4666be5b882,2025-07-05~HA~683~14057~12173~1055,2025-07-05,N226HA,ineligible,1,3,3
2025-07-05~N227HA,sha256:aef018438376e035c7f8882d051f63af301a9189acb346c95fa6ee34d5893032,2025-07-05~HA~91~14831~12173~0700,2025-07-05,N227HA,other,3,17,17
2025-07-05~N228HA,sha256:481ab2e6f3c5c7245844c3a9c1e74ecca9fca63cf664b0c0a45709f7b8f7c615,2025-07-05~HA~23~13796~13830~0700,2025-07-05,N228HA,other,4,30,25
2025-07-05~N230HA,sha256:fcf3617684ac0424f16d502b5fe8641a7a1ee9d11f274bb9e7297b8553233d38,2025-07-05~HA~611~14679~12173~1230,2025-07-05,N230HA,ineligible,2,6,-2
2025-07-05~N360HA,sha256:0fbb5cc4b64a2a3c07610f56cc421207b91525fd776f24a8d47aef251feee7e5,2025-07-05~HA~36~12173~14107~1105,2025-07-05,N360HA,ineligible,1,6,6
2025-07-05~N361HA,sha256:ed349dcdbcb7aef0b58558d5f70d52e37e1831e92a96a3a0861049cfc127165d,2025-07-05~HA~21~14747~12173~0815,2025-07-05,N361HA,ineligible,2,3,2
2025-07-05~N370HA,sha256:1106b9324209762a986137ccffd1ea997f13298dc06c6acdb9eae4cb73dd2382,2025-07-05~HA~11~14771~12173~0935,2025-07-05,N370HA,ineligible,1,-1,-1
2025-07-05~N374HA,sha256:910b8cf3d221da2ab20c284fad5f2a0b52b9e95340780bca4e2ea416fe8e5b78,2025-07-05~HA~33~12892~13830~0700,2025-07-05,N374HA,ineligible,2,17,17
2025-07-05~N379HA,sha256:64d8c1b52129cc39677bb05800f63d4aeef6402707b154bb0e8ce6172797c814,2025-07-05~HA~7~12889~12173~0750,2025-07-05,N379HA,ineligible,1,6,6
2025-07-05~N380HA,sha256:100c01f5b6d149f0cbf2861590919980f0f6fc57703e9e923cea2bfe323d95a4,2025-07-05~HA~35~14107~12173~0805,2025-07-05,N380HA,ineligible,2,11,11
2025-07-05~N381HA,sha256:9cdca95b18127ca24e42285aba1fd4fb37ceb950b57984177332baab201d45d9,2025-07-05~HA~19~14893~12173~0940,2025-07-05,N381HA,ineligible,1,-1,-1
2025-07-05~N383HA,sha256:47896a88f4082e43bc562ccbc797a8c644026729be5b2d442024886978775f85,2025-07-05~HA~10~12173~12892~0740,2025-07-05,N383HA,near,3,3,-4
2025-07-05~N385HA,sha256:17937a054497e3cec50d7c06c85ee51c703c136268cd1ce49b1aca654f54b260,2025-07-05~HA~20~12173~14893~1330,2025-07-05,N385HA,ineligible,1,-6,-6
2025-07-05~N386HA,sha256:ecfc46f7d17f71a17bdb9e7f6d4df7f53142f216320dfc37187eafc9384f4bfc,2025-07-05~HA~698~10299~14747~0250,2025-07-05,N386HA,ineligible,2,90,0
2025-07-05~N388HA,sha256:0b44f9b4aa7b224f2082d63dfb4ef33f0f75d37e0b45af0f5c12dd9d5aadd30e,2025-07-05~HA~681~14747~10299~1145,2025-07-05,N388HA,other,3,90,90
2025-07-05~N389HA,sha256:781825861fa3535a9c5b2ba7b2740291578b12b718a5dfd727c60a2fea7bb5ae,2025-07-05~HA~22~12173~14747~1300,2025-07-05,N389HA,ineligible,1,47,47
2025-07-05~N390HA,sha256:1132f2f4ce8ef81c7b164ba0014cc0f1e8253ba7922f755dbf4769d4d2af4ac1,2025-07-05~HA~15~14679~12173~0915,2025-07-05,N390HA,ineligible,2,5,5
2025-07-05~N391HA,sha256:49eb4407da083f292d383a3df4e0ca52bf1dcbab09a5eb3bfd0975c1ac85c418,2025-07-05~HA~633~14747~12173~1555,2025-07-05,N391HA,ineligible,2,-3,-6
2025-07-05~N392HA,sha256:eea3c8f67b6217c67f2e63c9f4229328432e849a7d881fa038dc23d64f5568fd,2025-07-05~HA~29~14747~13830~1030,2025-07-05,N392HA,ineligible,2,2,-9
2025-07-05~N393HA,sha256:e306ac351473bac7404bb1cdade84a94ee44dfad1603e4300ba54e8834c54fa6,2025-07-05~HA~12~12173~14771~1330,2025-07-05,N393HA,ineligible,1,7,7
2025-07-05~N396HA,sha256:75d8c572f015dceae1e15db12a6ecc75302d6d6d591cbc24f322284fa4a89e58,2025-07-05~HA~31~12889~13830~0850,2025-07-05,N396HA,ineligible,2,5,5
2025-07-05~N399HA,sha256:1277b3791906bc1c65894d74131fa5130ad253d45acbe64149e145931020dd1e,2025-07-05~HA~17~12889~12173~0150,2025-07-05,N399HA,near,4,9,-3
2025-07-05~N475HA,sha256:57fadd904f1c0ce82e923ca13e8c95e20fcca97b88aa2b900ccda638ab100fe8,2025-07-05~HA~173~12173~12982~0826,2025-07-05,N475HA,other,7,15,-3
2025-07-05~N476HA,sha256:d126e280af7f7299175790b03ea20c0aff802f217ec639a9d6c47a5faa064936,2025-07-05~HA~133~12173~12982~0620,2025-07-05,N476HA,other,11,16,-4
2025-07-05~N477HA,sha256:0c233b1ffc88c18e8241f542ee5a55a09670d1c7d0d8ecf780ad0d30dc627ae8,2025-07-05~HA~104~12982~12173~0600,2025-07-05,N477HA,near,10,10,-8
2025-07-05~N478HA,sha256:1adea60ad0f490bc4c6262c6db45d2dbc5bbd4bfdff5e70ee044e231269090bf,2025-07-05~HA~101~12402~12173~0600,2025-07-05,N478HA,near,11,10,7
2025-07-05~N479HA,sha256:fbf9c2681831a720a391088e93b7ae94341e6dfd3574f8251b7d96d2e5777aef,2025-07-05~HA~138~12173~12758~0630,2025-07-05,N479HA,other,9,39,21
2025-07-05~N480HA,sha256:8fdcd77627f6e5b9c2bcb336d6a5643657ec81662dc7a11dd48d34512c7336e7,2025-07-05~HA~107~12758~12173~0600,2025-07-05,N480HA,other,10,29,-5
2025-07-05~N483HA,sha256:500366ca5ce0e6ddacb64195c3870a31f44f54b26177d3962953035b957ae98c,2025-07-05~HA~168~12173~12758~0805,2025-07-05,N483HA,recovered,10,64,-1
2025-07-05~N484HA,sha256:eddb94de9b37c492f7516418123710b14fb90d716f902608c7b318e15545b697,2025-07-05~HA~105~13830~12173~0600,2025-07-05,N484HA,other,6,30,-7
2025-07-05~N486HA,sha256:50b833435c7caf8dacbee4cb35bff9e6a392ddedd306e21d0f72a02a925b90a8,2025-07-05~HA~122~12173~12402~0605,2025-07-05,N486HA,other,12,27,4
2025-07-05~N488HA,sha256:6d411fa63fc18b11e554820808c25b80f3ac13272ba334247d5181224b3aca36,2025-07-05~HA~147~12758~12173~0800,2025-07-05,N488HA,other,9,23,-2
2025-07-05~N489HA,sha256:363674e4d71ea6017f27f900a50605a29a3e0d77eebe7a622b64e379e784331b,2025-07-05~HA~218~12173~12758~1005,2025-07-05,N489HA,near,7,4,-5
2025-07-05~N490HA,sha256:d8fd44fc642702c3d915175343f82651a3450ea178b5858a7693dc7e68523448,2025-07-05~HA~225~13830~12173~1140,2025-07-05,N490HA,other,5,25,-6
2025-07-05~N491HA,sha256:40496d29cc85d6f5111664d2edfc72c0ad028efba55a5248a766a7eda5aab313,2025-07-05~HA~356~12173~13830~1525,2025-07-05,N491HA,ineligible,1,-3,-3
2025-07-05~N492HA,sha256:244815efe49654ac95a5ba0e0af92bdd8e17736979532dcbfb54890fe1510f4b,2025-07-05~HA~126~12173~13830~0615,2025-07-05,N492HA,other,11,25,-5
2025-07-05~N493HA,sha256:0ebcd4e4de33c008beda0720933b1864d792e23f1fe2a30367285f0d3b573fbc,2025-07-05~HA~143~12173~12982~0720,2025-07-05,N493HA,recovered,10,77,-6
2025-07-05~N494HA,sha256:498e7f5618d942974e2f3ecc2747d595410607a8ad2c472c0050588f0a0279eb,2025-07-05~HA~162~12173~12402~0810,2025-07-05,N494HA,near,9,8,-6
2025-07-05~N495HA,sha256:cb7687211545783f08247521d86e705b80f7ccd89565ef1b337c78100c22443b,2025-07-05~HA~140~12982~13830~0909,2025-07-05,N495HA,other,9,25,-11
2025-07-05~N780HA,sha256:a7562ecd3d087d61a43fbc74023d8fe413d724ee2ffda89f960c984c01e7846d,2025-07-05~HA~1~12892~12173~0830,2025-07-05,N780HA,ineligible,2,2,-4
2025-07-05~N781HA,sha256:7307d6e327ea3afd2f4339d85a4b7674fdd920d02e93e8594582f5a9cfe1ee1b,2025-07-05~HA~51~12478~12173~0905,2025-07-05,N781HA,ineligible,2,1,-4
2025-07-05~N782HA,sha256:2f857aeb1cc5fc86e9c4b82e9715441ad5584c8dd96731b7ddcd0d5184985b50,2025-07-05~HA~3~12892~12173~1010,2025-07-05,N782HA,ineligible,2,1,1
2025-07-06~N202HA,sha256:cf8755211e123658a77efedbc78548dc9628d1f94dde747530c37bd63a238310,2025-07-06~HA~59~14893~13830~0830,2025-07-06,N202HA,ineligible,2,-3,-8
2025-07-06~N204HA,sha256:36c1781bf523362a477d258f32a7f25add91d80008356aa9131c0caf3a5bb48f,2025-07-06~HA~653~14831~13830~0700,2025-07-06,N204HA,ineligible,2,-3,-3
2025-07-06~N205HA,sha256:8f756ccf65220e2dd2a3e0eb811fabe3d1155e55e9651228774ce06dabef45d7,2025-07-06~HA~49~14057~12173~0730,2025-07-06,N205HA,ineligible,2,25,25
2025-07-06~N208HA,sha256:8c92164974d4cb7fc7917dc7ff487696a0f2fdfebe673ea765330f7c52d1f13d,2025-07-06~HA~41~14771~13830~0730,2025-07-06,N208HA,ineligible,2,33,30
2025-07-06~N209HA,sha256:457d31de185d4a18767c54b18ca5591a25053a69c7dc4a21e4132a17f5cc48a4,2025-07-06~HA~23~13796~13830~0700,2025-07-06,N209HA,other,4,32,32
2025-07-06~N212HA,sha256:8340dd7c9198569d1bc22c40b6313c2bf558eb38bc8803aa74131d7b1a8a2e49,2025-07-06~HA~26~12173~14057~0750,2025-07-06,N212HA,other,3,22,22
2025-07-06~N213HA,sha256:2cc3a77552f18c8a4c3d34e899cce27804ea8ef3498db3ccfed95325f4eeb938,2025-07-06~HA~65~14893~12982~0700,2025-07-06,N213HA,near,3,1,-8
2025-07-06~N214HA,sha256:f0e17fd0a58e68db3c34fe8f7c23d8011c610a540e7fda1eefbe42d0d0f748ff,2025-07-06~HA~69~12954~12173~0745,2025-07-06,N214HA,ineligible,2,10,10
2025-07-06~N215HA,sha256:05fbbd56255c4426b85167676bb17a87b9b97134858612e10acb9e72c8b8f79d,2025-07-06~HA~611~14679~12173~1230,2025-07-06,N215HA,ineligible,2,12,5
2025-07-06~N216HA,sha256:4c5be55f8483f292d0818e6956e3ab09720458a8f7b064f7bbf07562503a44ce,2025-07-06~HA~667~13796~12982~0715,2025-07-06,N216HA,ineligible,2,9,9
2025-07-06~N217HA,sha256:6374356419605b2b13f912593bc1fcd913b5ca68bc7179bae4c6281aad7aca69,2025-07-06~HA~91~14831~12173~0700,2025-07-06,N217HA,other,3,23,23
2025-07-06~N218HA,sha256:c04c1a816267290143fdcbe23a4e2a2500cdf73903c87d429c6badb84b73cca0,2025-07-06~HA~47~13796~12173~0850,2025-07-06,N218HA,ineligible,2,3,3
2025-07-06~N220HA,sha256:6b154193a27ee4f9cdc9fa631f92b106471ce0b64e019da67a9130e0e0c3cd53,2025-07-06~HA~71~12954~13830~0845,2025-07-06,N220HA,ineligible,2,5,5
2025-07-06~N226HA,sha256:9f51dce20d5cb71866acd01cf15de82afcbd7dcbc17efe225b2d6dba8ca1a377,2025-07-06~HA~684~12173~14057~2125,2025-07-06,N226HA,ineligible,1,14,14
2025-07-06~N227HA,sha256:0d59313efb169b0723b00074746275e55c46fceb91e404486029dbc710e3431c,2025-07-06~HA~628~12173~14679~0800,2025-07-06,N227HA,other,3,16,2
2025-07-06~N228HA,sha256:c28f2d6ef4a944bd444ba6cc887e4ec9e025cfb2ec182958976f4cfa28584380,2025-07-06~HA~63~12892~12982~0930,2025-07-06,N228HA,ineligible,2,24,22
2025-07-06~N230HA,sha256:469bd5a7b6c4afb3ad071c5879b731be51f7905488b84b62cef0ad468230de15,2025-07-06~HA~95~14869~12173~0700,2025-07-06,N230HA,ineligible,2,8,8
2025-07-06~N360HA,sha256:10d29de44fd3a39d34f33995c76b30c92ac31c8adf353f7cbc4050297027437e,2025-07-06~HA~35~14107~12173~0805,2025-07-06,N360HA,ineligible,1,-10,-10
2025-07-06~N361HA,sha256:c9b51d145f31794281bc7903d41c654ff3b8766a10acf34f1cd25094be425acc,2025-07-06~HA~15~14679~12173~0915,2025-07-06,N361HA,ineligible,1,-2,-2
2025-07-06~N370HA,sha256:6eeccda89ab145aafa36467cae71770445ad5cf03ba113dd6f2330acf74a7e2f,2025-07-06~HA~36~12173~14107~1105,2025-07-06,N370HA,ineligible,1,34,34
2025-07-06~N373HA,sha256:36d5309402b320acbb4e8a2ed37d3dbd7a811b6803a9681b581eb44414d3da6e,2025-07-06~HA~22~12173~14747~1300,2025-07-06,N373HA,ineligible,1,3,3
2025-07-06~N374HA,sha256:894d2a7211a4402f0154909effb3c979ac844322aed4f2a2c36a9559d2118690,2025-07-06~HA~21~14747~12173~0815,2025-07-06,N374HA,ineligible,2,31,13
2025-07-06~N375HA,sha256:6cb7c317dbaec9ce4c11c0e79996855a15bde7f5208c7397b8d2669a892c32be,2025-07-06~HA~633~14747~12173~1555,2025-07-06,N375HA,ineligible,2,7,-4
2025-07-06~N379HA,sha256:17d71c2c46928b04fc0d7b9a183b329f57b719407b2c7726f8be4d7da4d8abaf,2025-07-06~HA~28~12173~14747~2355,2025-07-06,N379HA,ineligible,1,10,10
2025-07-06~N380HA,sha256:a9e6f0609a2abe21a98d9e1dc7c7bcbdd02da60bd4273aa61bb49274a3d6f6b4,2025-07-06~HA~17~12889~12173~0150,2025-07-06,N380HA,other,3,19,-3
2025-07-06~N381HA,sha256:1be5ce8a709790264cbd146293201686ebb507a849acae7a3450765500e0cd72,2025-07-06~HA~10~12173~12892~0740,2025-07-06,N381HA,near,3,6,-2
2025-07-06~N382HA,sha256:a8caf7d81df918f8f863faa5c28ef5456436f878f5a7095b0c00e06905ff7179,2025-07-06~HA~90~12173~10721~1415,2025-07-06,N382HA,ineligible,1,0,0
2025-07-06~N383HA,sha256:c9dac3ac551dc6410e6977701264d2305426b3c4de0eae26cc8667f3d6307651,2025-07-06~HA~31~12889~13830~0850,2025-07-06,N383HA,ineligible,2,-1,-3
2025-07-06~N384HA,sha256:58f00b8e5962af564446dec958c0aaa88348ba131fbdd4c34241371f30b2b82c,2025-07-06~HA~20~12173~14893~1330,2025-07-06,N384HA,ineligible,1,31,31
2025-07-06~N385HA,sha256:d3aa5b5475efb2183a89551a0f4c12d3a94d206df921575025656837ad6176ee,2025-07-06~HA~19~14893~12173~0940,2025-07-06,N385HA,ineligible,1,0,0
2025-07-06~N386HA,sha256:0f1a3b68ce4df279e71e3830850a097d6ba0b4f7410ed9a884efb9f4976fbb0f,2025-07-06~HA~16~12173~14679~1255,2025-07-06,N386HA,ineligible,1,12,12
2025-07-06~N388HA,sha256:5325df305be28db2ad61fac6af927d8f6181234022a3596689d2e03addc72000,2025-07-06~HA~698~10299~14747~0250,2025-07-06,N388HA,ineligible,1,154,154
2025-07-06~N389HA,sha256:9b8f9906fc7f9e045ee57c925052c0565df97f1458a3ec725983fde301d2d86a,2025-07-06~HA~27~14747~12173~1125,2025-07-06,N389HA,ineligible,1,3,3
2025-07-06~N390HA,sha256:ee70e7f39ec41c565e42a9f8c486b8e012200eeb0188507e17dc9755f70f6822,2025-07-06~HA~89~10721~12173~0800,2025-07-06,N390HA,ineligible,1,1,1
2025-07-06~N391HA,sha256:482834e357fc1f174670a7bee6605d6e364cfd8ac0f73c2d20f345763c3c0ccb,2025-07-06~HA~29~14747~13830~1030,2025-07-06,N391HA,ineligible,2,2,-11
2025-07-06~N392HA,sha256:5d4942cbd0c759b10d52066a064864a23de43b894acc4f0d53d2a96a191448e8,2025-07-06~HA~7~12889~12173~0750,2025-07-06,N392HA,ineligible,2,17,17
2025-07-06~N393HA,sha256:df2513c9833056e591de1374b1e6e49cdf2455ab80debdd62f50e02e7ea8b3c4,2025-07-06~HA~11~14771~12173~0935,2025-07-06,N393HA,ineligible,1,-6,-6
2025-07-06~N396HA,sha256:72f6c893e8b2a11e71854b6c57ac870c866a80ad5e7d07f09b2abb6f56082141,2025-07-06~HA~33~12892~13830~0700,2025-07-06,N396HA,other,3,25,25
2025-07-06~N399HA,sha256:f5d3e364db2b361bfefda572b683ac9089ba350abbd350c8cab3b9927b9533b6,2025-07-06~HA~681~14747~10299~1145,2025-07-06,N399HA,ineligible,2,4,-2
2025-07-06~N475HA,sha256:57b16203c0e1b9ac4b24c2095a7061398a6c4ef3f565545e286a11b46c5c887b,2025-07-06~HA~147~12758~12173~0800,2025-07-06,N475HA,near,9,1,1
2025-07-06~N476HA,sha256:caa1f7b05a93ee140319094be3f1292a787fcca6f9bbc4e2c93f95e9e20faaa9,2025-07-06~HA~101~12402~12173~0600,2025-07-06,N476HA,near,11,6,-5
2025-07-06~N477HA,sha256:8d45929c64d596d1af4794ba7ead076cab990ef97829d83ee14a1a178f38a22e,2025-07-06~HA~228~12173~12758~1035,2025-07-06,N477HA,other,9,20,0
2025-07-06~N478HA,sha256:8dba1a128b2393e252cc2fb60b08af235bac2cd900619df454564080ccc8a327,2025-07-06~HA~363~12173~12982~1536,2025-07-06,N478HA,ineligible,2,53,53
2025-07-06~N479HA,sha256:c4f83b7457220e230bc9efa1c6dba6b0925458e6dade1a2787e4895415ea1d28,2025-07-06~HA~258~12173~12758~1125,2025-07-06,N479HA,near,5,3,-2
2025-07-06~N480HA,sha256:ef9ca59de19772331efc7f4aae4e2e8aeabb77bddc474f1e95dfcdc9feccbfb1,2025-07-06~HA~133~12173~12982~0620,2025-07-06,N480HA,near,12,13,2
2025-07-06~N483HA,sha256:af9a7b9df762eb889c57fd1f537880dccb1d133d0b305a937cd5bb8a96163f12,2025-07-06~HA~105~13830~12173~0600,2025-07-06,N483HA,near,4,6,6
2025-07-06~N484HA,sha256:ea32d8742d03e304b21e1ea08e362f5b64e515b1bb0cbfc399dea2e9a23f6eb9,2025-07-06~HA~126~12173~13830~0615,2025-07-06,N484HA,ineligible,12,48,-7
2025-07-06~N485HA,sha256:c7410346e3904fddba4cdb7fcbd0dcd5892b885ccf063f8347a95ae17d230db1,2025-07-06~HA~276~12173~13830~1218,2025-07-06,N485HA,near,7,13,-3
2025-07-06~N486HA,sha256:87fe3901bbdbed02402e549f87143e19375a33614433f12e2206c98c89a3285c,2025-07-06~HA~107~12758~12173~0600,2025-07-06,N486HA,other,7,30,30
2025-07-06~N488HA,sha256:b713129a871ef99ecc4c0d48b6426b2fe2d0ea9418a2ba8131f36d42aafe764b,2025-07-06~HA~202~12173~12402~0920,2025-07-06,N488HA,near,6,5,5
2025-07-06~N489HA,sha256:2475cddbed150e5ad747511b86f32dc90635c1109f7f98c0339167d070db3128,2025-07-06~HA~226~12173~13830~1033,2025-07-06,N489HA,near,6,9,4
2025-07-06~N490HA,sha256:5d7d6826b583ce28f8f599b8b367f8eb5abf418f37e5dc76082c0cad5bc67131,2025-07-06~HA~140~12982~13830~0909,2025-07-06,N490HA,other,9,15,3
2025-07-06~N491HA,sha256:3884af8ec5745b2a26850b70ddf25b5710de75e1c88ea7a96198ac15a210fa7e,2025-07-06~HA~225~13830~12173~1140,2025-07-06,N491HA,near,7,5,-4
2025-07-06~N492HA,sha256:6a39e58c20fa817aed2ad970f9fea015ad34fa2a920f39931dc4e45eee6a193d,2025-07-06~HA~173~12173~12982~0826,2025-07-06,N492HA,other,10,30,-3
2025-07-06~N493HA,sha256:b9cd5a0ba5bc79aeefc7a00ed64e68e8afe0825d15e5f93a46a3c1e1abe248c4,2025-07-06~HA~138~12173~12758~0630,2025-07-06,N493HA,near,10,10,0
2025-07-06~N494HA,sha256:7bae9bd3fbd73921b1853e02ed311b653b7048e513f83e95a84d461bb4bc0508,2025-07-06~HA~104~12982~12173~0600,2025-07-06,N494HA,other,12,16,-1
2025-07-06~N495HA,sha256:234f37a0cdaecf278777295425a2f1cc0a830bfa519c25028e43f8a22b240518,2025-07-06~HA~122~12173~12402~0605,2025-07-06,N495HA,near,9,7,-6
2025-07-06~N780HA,sha256:6909a5b27463324d657306fa33081ccd8a99053e92914b558d38d8238ac4cdd2,2025-07-06~HA~3~12892~12173~1010,2025-07-06,N780HA,ineligible,2,2,2
2025-07-06~N781HA,sha256:d8c9994474094bd99010862daa6240736c5699cf57790cb1da7570bda214b430,2025-07-06~HA~1~12892~12173~0830,2025-07-06,N781HA,ineligible,2,-1,-1
2025-07-06~N782HA,sha256:0e78fc33220fc36816f90d3ac780c503ff79ec15ce970db4ff758508fcede94a,2025-07-06~HA~51~12478~12173~0905,2025-07-06,N782HA,ineligible,2,-2,-2
2025-07-07~N202HA,sha256:ae912e0e28357b88fc16f2625801e04ced8c515c5375c21f562b12e6cdd2c310,2025-07-07~HA~69~12954~12173~0745,2025-07-07,N202HA,ineligible,2,4,4
2025-07-07~N204HA,sha256:0a3c9f338c3d9e21d064a6332c5266344d18f1a30c70308bf0855e8d16e689fd,2025-07-07~HA~667~13796~12982~0715,2025-07-07,N204HA,other,3,27,27
2025-07-07~N205HA,sha256:b1669415b0b55231234bb81f4d8db5f0b69554fa0ad98dfb044c66ce849cefd3,2025-07-07~HA~71~12954~13830~0845,2025-07-07,N205HA,ineligible,2,-3,-4
2025-07-07~N208HA,sha256:9fce202640fcc4a0cbc531542d6716f707d64f5fb514e803d03fdbdb77f2a372,2025-07-07~HA~91~14831~12173~0700,2025-07-07,N208HA,other,3,56,56
2025-07-07~N209HA,sha256:0b138ae3d2447c36c425bf960c6009f87a41f03464bea6a249e8806f93aa88e5,2025-07-07~HA~63~12892~12982~0930,2025-07-07,N209HA,ineligible,2,43,20
2025-07-07~N212HA,sha256:cd89d3104649e65074e90d777589477465253456466b68cc4e520c74467f9917,2025-07-07~HA~41~14771~13830~0730,2025-07-07,N212HA,ineligible,2,56,56
2025-07-07~N213HA,sha256:e417c317a29f4306fac4ba7d804b4a63496cc92f3cb8ad8ca25d59ce26757d8f,2025-07-07~HA~628~12173~14679~0800,2025-07-07,N213HA,persisted,3,62,35
2025-07-07~N214HA,sha256:7777e52247ba7523cf702ee14a6edb44e9a940f04c53f1eff6c1fe60c00634cd,2025-07-07~HA~49~14057~12173~0730,2025-07-07,N214HA,ineligible,2,25,24
2025-07-07~N215HA,sha256:ece4671e3a680ff47d8278c0fb5bfac3d080d6d5fc4a959b634665cf4234a172,2025-07-07~HA~95~14869~12173~0700,2025-07-07,N215HA,ineligible,2,2,2
2025-07-07~N216HA,sha256:3e454564a6382a04488f9438828b5f26538cc5f3658b36e51aed4e1f386a909d,2025-07-07~HA~73~14893~12758~0700,2025-07-07,N216HA,ineligible,2,-2,-7
2025-07-07~N217HA,sha256:bac2e1f5230b030c2ca656b4ed5c2ac7262527a058c15706e8ada19de77743dc,2025-07-07~HA~26~12173~14057~0750,2025-07-07,N217HA,ineligible,2,121,121
2025-07-07~N218HA,sha256:21218534fb730ec52a95efa1f82ae0906452ca0adec88c54b77f995892d23c95,2025-07-07~HA~653~14831~13830~0700,2025-07-07,N218HA,near,4,10,10
2025-07-07~N220HA,sha256:87a36180d16b51f8b25be3e54f2bc97fcd37a15ea5c4610c73ed97838fffec8e,2025-07-07~HA~59~14893~13830~0830,2025-07-07,N220HA,ineligible,2,-2,-10
2025-07-07~N226HA,sha256:e89f3803550330e5a0589caae343d9472575d69958d7708db5dbde1f6f712b8c,2025-07-07~HA~683~14057~12173~1055,2025-07-07,N226HA,ineligible,2,13,13
2025-07-07~N227HA,sha256:1be77e745f70e21eae5dc92aee408569cd4a505e116234fabc11def717505786,2025-07-07~HA~611~14679~12173~1230,2025-07-07,N227HA,ineligible,2,19,1
2025-07-07~N228HA,sha256:69a1dd5a655525344dfb7a3e69951449e5889a5e5971d83d937b1461749147db,2025-07-07~HA~23~13796~13830~0700,2025-07-07,N228HA,near,3,14,14
2025-07-07~N230HA,sha256:c1bdca26b71b7b11c0ec49be34e130dc3196d40cf56eb1a0cdc4857c247f5310,2025-07-07~HA~47~13796~12173~0850,2025-07-07,N230HA,ineligible,2,5,5
2025-07-07~N360HA,sha256:d3228665a8002dfca47550a795c5f6bc37a2d92fc8e64487406f5f61a1d82f17,2025-07-07~HA~18~12173~12889~1405,2025-07-07,N360HA,ineligible,1,0,0
2025-07-07~N361HA,sha256:08d7088f7dffc32f4e9c738d7f4a1fd435837badc444fd628b20466cb0b7253f,2025-07-07~HA~36~12173~14107~1105,2025-07-07,N361HA,ineligible,1,4,4
2025-07-07~N370HA,sha256:8f39217249045f9d71633f836baca96032e16315b390295413c7b0aff6990156,2025-07-07~HA~35~14107~12173~0805,2025-07-07,N370HA,ineligible,1,5,5
2025-07-07~N373HA,sha256:e010efa6d67dd2e5a4b56e97153f386183ba55bf3d26657a9b435b92290f2e04,2025-07-07~HA~21~14747~12173~0815,2025-07-07,N373HA,ineligible,1,5,5
2025-07-07~N374HA,sha256:50b03ceeebd46732b667ad754d4938b0d1ced1427b9b3f97f5441e59dfaa4ab5,2025-07-07~HA~11~14771~12173~0935,2025-07-07,N374HA,ineligible,1,3,3
2025-07-07~N375HA,sha256:9f81e92e65ac3e0f970e27387d9dd187aeafb84e2aa8c7d47367b441c2b5531b,2025-07-07~HA~29~14747~13830~1030,2025-07-07,N375HA,ineligible,2,6,6
2025-07-07~N380HA,sha256:03bd4c903e7a01f264576ad639bec6e65632ff0f6eb459b617785c7f7154e34b,2025-07-07~HA~22~12173~14747~1300,2025-07-07,N380HA,ineligible,1,4,4
2025-07-07~N381HA,sha256:9a5a5c2f3da18cc8c98941f9c87d653ac8b68743cc37827d53e53aea5cca2db0,2025-07-07~HA~31~12889~13830~0850,2025-07-07,N381HA,ineligible,2,17,17
2025-07-07~N382HA,sha256:6dcb91aef165d6e096788497c2d14789a3693f07a43fcc7dc770179223a11807,2025-07-07~HA~89~10721~12173~0800,2025-07-07,N382HA,ineligible,1,-6,-6
2025-07-07~N383HA,sha256:a2bf2b20ba5030c359958e8555378d1ceaf67af33b3571aea07834783e564897,2025-07-07~HA~33~12892~13830~0700,2025-07-07,N383HA,other,3,16,16
2025-07-07~N384HA,sha256:665481996c551647a57e06b58bdf30a60cd5bf7c181fc7e490669fb5927591b2,2025-07-07~HA~19~14893~12173~0940,2025-07-07,N384HA,ineligible,1,-7,-7
2025-07-07~N385HA,sha256:56eff47331f82c41c682ec818beefa704eec719417c05d0b6057c72580d99114,2025-07-07~HA~12~12173~14771~1330,2025-07-07,N385HA,ineligible,1,-5,-5
2025-07-07~N386HA,sha256:1b675e3132fcf1972230678ebcbd891964455ba7e4576a313f348f493867f47a,2025-07-07~HA~15~14679~12173~0915,2025-07-07,N386HA,other,3,17,6
2025-07-07~N388HA,sha256:1236885ef53fc719f1da6a2d6431ac5076c9943e71c1c4b5f2046a7fa94059d4,2025-07-07~HA~633~14747~12173~1555,2025-07-07,N388HA,ineligible,2,53,0
2025-07-07~N389HA,sha256:14e2d8d8912adf04113eaceed3b40f7ffde17ea1f07cea13474dd27da0945f92,2025-07-07~HA~16~12173~14679~1255,2025-07-07,N389HA,ineligible,1,8,8
2025-07-07~N390HA,sha256:435d221a64ccc70ba81a04db53fa5e953e236ae3bb730135f2ffc50264231edd,2025-07-07~HA~20~12173~14893~1330,2025-07-07,N390HA,ineligible,1,4,4
2025-07-07~N391HA,sha256:34416689638e5c83cc458985805bd5f7afe6fcaec87fac265b03788fcc831256,2025-07-07~HA~17~12889~12173~0150,2025-07-07,N391HA,other,4,22,16
2025-07-07~N392HA,sha256:b4ed2047e0d6ef7881033ec6d3e2a4d028a6d578f4cd8eae8e28a36e94cd07bd,2025-07-07~HA~7~12889~12173~0750,2025-07-07,N392HA,ineligible,2,55,1
2025-07-07~N393HA,sha256:e5eacccb490a95e1dbd02e026188f7ebd60afe34996288d00954f1758fdb7200,2025-07-07~HA~6~12173~12889~0810,2025-07-07,N393HA,near,3,10,10
2025-07-07~N396HA,sha256:abcb93a78b717ad972b2fc58f9e630a78a8036de0f118d5dfcda6902c868e99b,2025-07-07~HA~698~10299~14747~0250,2025-07-07,N396HA,ineligible,2,17,17
2025-07-07~N399HA,sha256:f6ed6a7a1c9f421dc7869cef24ebe89dad4a2dfa4f3f311fdee060e0738fa783,2025-07-07~HA~681~14747~10299~1145,2025-07-07,N399HA,ineligible,2,12,-4
2025-07-07~N475HA,sha256:7eafe0b721cec4e9f7a4ffe12445fa9125931ecb6f6e0ec11fb7c7bc4f403c7d,2025-07-07~HA~143~12173~12982~0720,2025-07-07,N475HA,other,11,28,21
2025-07-07~N476HA,sha256:d707ec66ebc92d6d5945fb2381da65603641180669e6f4501b076730b207fb9c,2025-07-07~HA~118~12173~12758~0540,2025-07-07,N476HA,other,11,16,-6
2025-07-07~N477HA,sha256:4eb82060c9e51e80db3262788f6f67d89512fcc08c44640d26e373b4911c9092,2025-07-07~HA~105~13830~12173~0600,2025-07-07,N477HA,other,4,57,57
2025-07-07~N479HA,sha256:3aaaa9e7de0a8da478ed0dac20b10a3ad7f191ab9c0e70938612cfdf6cddeb68,2025-07-07~HA~225~13830~12173~1140,2025-07-07,N479HA,other,7,19,-6
2025-07-07~N480HA,sha256:28d50fe26259f30ed823853a440f96854829e1a92d50c102d5280f3568d564a5,2025-07-07~HA~107~12758~12173~0600,2025-07-07,N480HA,near,8,14,14
2025-07-07~N483HA,sha256:21e5dfcb98f394f8fe77357b8b59f7d1044647951b8162623a2e5c7153eae1a8,2025-07-07~HA~146~12173~13830~0700,2025-07-07,N483HA,other,8,39,-2
2025-07-07~N484HA,sha256:d4d0db38c1cd9d724d856525739c5c5302d754e0c35a886d964d1c1569475b30,2025-07-07~HA~126~12173~13830~0615,2025-07-07,N484HA,recovered,10,90,-1
2025-07-07~N485HA,sha256:89a82d3a3fc957f9dacf0c928ecef6dc38ab2b732232eb0e7868aeb38e0b8dff,2025-07-07~HA~101~12402~12173~0600,2025-07-07,N485HA,other,11,41,37
2025-07-07~N486HA,sha256:c1e000e3c6c4afe7221fcb4c8c9cd87c35bac904ba8db54929094401b91dce1b,2025-07-07~HA~266~12173~13830~1151,2025-07-07,N486HA,other,3,57,57
2025-07-07~N488HA,sha256:147c4ffa04c17ac80c952b83344000f75386a65c85f16490c76e46893106f576,2025-07-07~HA~147~12758~12173~0800,2025-07-07,N488HA,other,9,20,12
2025-07-07~N489HA,sha256:107a7831ff099c7913dee5f4b3ed1f273527792e6484a04b975b6c11a84f4a1c,2025-07-07~HA~140~12982~13830~0909,2025-07-07,N489HA,other,9,15,-2
2025-07-07~N490HA,sha256:dfa47304da115818d6cc02f1d71b37abd87baaa131ad989d2242e5522884406c,2025-07-07~HA~116~12173~13830~0536,2025-07-07,N490HA,other,9,16,-3
2025-07-07~N491HA,sha256:5432deb964d84217bec9dfc8fd8299ff91e0d4c8f9bcc5200183f96f4e399855,2025-07-07~HA~138~12173~12758~0630,2025-07-07,N491HA,near,12,14,-7
2025-07-07~N492HA,sha256:fed439c60e4da3cf8b9774df19b54af5d6d470990c38874ad609b745c5e5e472,2025-07-07~HA~122~12173~12402~0605,2025-07-07,N492HA,other,9,36,-4
2025-07-07~N493HA,sha256:da0ddac7144860a04488e04a30f8324f5a98e77dcfba226c5f7f70b16d32eefd,2025-07-07~HA~104~12982~12173~0600,2025-07-07,N493HA,near,11,5,-6
2025-07-07~N494HA,sha256:abeacb91fb94c8f6ea0326e5a783161f520a02372302684a4c6d7e47dad30f30,2025-07-07~HA~113~12173~12982~0536,2025-07-07,N494HA,near,11,4,-1
2025-07-07~N495HA,sha256:2832f61e252a662e44d2c5395d2f7ac153f0f2ac355645186904354881597f3e,2025-07-07~HA~133~12173~12982~0620,2025-07-07,N495HA,other,11,16,0
2025-07-07~N780HA,sha256:efbe2b232076dc243a7bb1799332c43b33b32a67f3c9cd4dd5a2660facffe0ab,2025-07-07~HA~51~12478~12173~0905,2025-07-07,N780HA,ineligible,2,3,0
2025-07-07~N781HA,sha256:84e2b09029142adef5db0c3bad6f75ab24a1e56880f229cdc83c32cade65a9b7,2025-07-07~HA~3~12892~12173~1010,2025-07-07,N781HA,ineligible,2,8,8
2025-07-07~N782HA,sha256:4f609c96d532274ed21450260b39ea1dbbf753e4c4b01a980247822efee3f830,2025-07-07~HA~1~12892~12173~0830,2025-07-07,N782HA,ineligible,2,5,5
2025-07-08~N202HA,sha256:c4e4c668b349dffd47c39cf96155cb4bf197cdf801d2640db545183322d28b0d,2025-07-08~HA~683~14057~12173~1055,2025-07-08,N202HA,ineligible,2,5,-2
2025-07-08~N204HA,sha256:d8f16bbdc16ef329467186572af6d10ff7cab51f1b70acf44f27e7f05be33a97,2025-07-08~HA~628~12173~14679~0800,2025-07-08,N204HA,ineligible,1,5,5
2025-07-08~N205HA,sha256:15a8cc1780f8c33e2fb9a4589ada6826e532e6c335e1b14847cbff03d14c7945,2025-07-08~HA~59~14893~13830~0830,2025-07-08,N205HA,ineligible,2,-3,-3
2025-07-08~N208HA,sha256:901da78eb0f6c8fea2da03e8b966a6b3602af5f2e641cc8b5e016d1a23ec9a3b,2025-07-08~HA~26~12173~14057~0750,2025-07-08,N208HA,ineligible,2,40,40
2025-07-08~N209HA,sha256:6e49d723bb0de4eec8cb3cb8618b99b07dd88e7129ee8a33d570f32cb124c8bb,2025-07-08~HA~667~13796~12982~0715,2025-07-08,N209HA,ineligible,2,38,38
2025-07-08~N212HA,sha256:a3382cc3a9210dc95e15c9c25106038db5c06937e5d073b9ba7bf98434c2642f,2025-07-08~HA~653~14831~13830~0700,2025-07-08,N212HA,ineligible,2,3,3
2025-07-08~N213HA,sha256:ed6c403dc5eeb3cadbf79096d575e2549b7715b07a9241040da21244c6e0efd5,2025-07-08~HA~611~14679~12173~1230,2025-07-08,N213HA,ineligible,1,10,10
2025-07-08~N214HA,sha256:43f6c9a4d4f013fff6b4191d1f0a409b7673236b5ab7affde6bf07bc3d488162,2025-07-08~HA~71~12954~13830~0845,2025-07-08,N214HA,ineligible,2,-3,-3
2025-07-08~N215HA,sha256:ae5f10aa3afe0303b635972aaa3cf3b37778bc9a7cac8f284b50a8ffd862b2b0,2025-07-08~HA~47~13796~12173~0850,2025-07-08,N215HA,ineligible,2,13,13
2025-07-08~N216HA,sha256:0c6f1acbb8ed39168833e532b408564ea3d7c2d368c078225e0682214b045fe8,2025-07-08~HA~65~14893~12982~0700,2025-07-08,N216HA,ineligible,2,40,40
2025-07-08~N217HA,sha256:0580a5b9c0e3e069fc1a2153cecdf64e2c43e3ed69e4004b3cca28a4b417c4dd,2025-07-08~HA~52~12173~14057~1335,2025-07-08,N217HA,ineligible,1,20,20
2025-07-08~N218HA,sha256:877db472acb693f47c0280573e1120bcebfd6ac1d48c42f527bbfa91b3901aaf,2025-07-08~HA~63~12892~12982~0930,2025-07-08,N218HA,ineligible,2,18,16
2025-07-08~N220HA,sha256:551fba778ca3593e047e589db16fbbda3763d33f46c74d05b6aa75ac83fa28a7,2025-07-08~HA~69~12954~12173~0745,2025-07-08,N220HA,ineligible,2,0,0
2025-07-08~N226HA,sha256:3caa87dd30ee7d63be6dbb32c167c7588be2fe825480ee62316e7ea40aef447a,2025-07-08~HA~41~14771~13830~0730,2025-07-08,N226HA,ineligible,2,-2,-4
2025-07-08~N227HA,sha256:4ca5bf27d545609edc9cf8078d93aed07e5ad04fa438d201cc29b05cd0c4d54f,2025-07-08~HA~95~14869~12173~0700,2025-07-08,N227HA,ineligible,2,0,0
2025-07-08~N228HA,sha256:d3e85e26492f4942102314b31d015b0de9265435c834b3925fd41c610e3edec5,2025-07-08~HA~49~14057~12173~0730,2025-07-08,N228HA,ineligible,2,0,-1
2025-07-08~N230HA,sha256:98e8532686d6776908866e210addffca677b3e2a11f92fb0d9a677a44c5d2d8e,2025-07-08~HA~91~14831~12173~0700,2025-07-08,N230HA,other,3,54,54
2025-07-08~N360HA,sha256:312950e0b9093360b66ee750e11930da4252e5c9cd1244586df4be4c21cfea64,2025-07-08~HA~7~12889~12173~0750,2025-07-08,N360HA,ineligible,2,13,13
2025-07-08~N361HA,sha256:72b33c2aa9e9161dd7360aabdbab758a559fb8fcffebb58879a05754b5690266,2025-07-08~HA~35~14107~12173~0805,2025-07-08,N361HA,ineligible,2,15,15
2025-07-08~N370HA,sha256:4454fedc82e6ceb7b806f5ec573d8dd95f227b6d00cdc9c52ccb08d606a5b787,2025-07-08~HA~10~12173~12892~0740,2025-07-08,N370HA,ineligible,2,81,81
2025-07-08~N373HA,sha256:a44966d6456537688e0df4911debad55ef2750a790bb22f0f8c42b094a7cc669,2025-07-08~HA~20~12173~14893~1330,2025-07-08,N373HA,ineligible,1,5,5
2025-07-08~N374HA,sha256:9414bcdc7d0f4c782502172b2cc656041afc77e4d063cc97d613c0a8ac099932,2025-07-08~HA~36~12173~14107~1105,2025-07-08,N374HA,ineligible,1,12,12
2025-07-08~N375HA,sha256:f37979eab5ad03c06fe25ea55f185385f02e76b074cc1f21f40a8a8cca99ee3e,2025-07-08~HA~17~12889~12173~0150,2025-07-08,N375HA,ineligible,1,9,9
2025-07-08~N379HA,sha256:8e51aa5b5c89f9a7b80419ff70e592f80b6e2a2c63f47616532cdbc8649ab48c,2025-07-08~HA~633~14747~12173~1555,2025-07-08,N379HA,ineligible,2,38,9
2025-07-08~N380HA,sha256:652f40fe4de347819665d95df51b2aa25241e338435a3005731cba3f36567694,2025-07-08~HA~29~14747~13830~1030,2025-07-08,N380HA,ineligible,2,90,90
2025-07-08~N381HA,sha256:6878186520338dc75ab64f74f8752869f9dafb4a311f64e738baaa114f1566d4,2025-07-08~HA~33~12892~13830~0700,2025-07-08,N381HA,ineligible,1,-7,-7
2025-07-08~N383HA,sha256:c2533c383cf316846989e2dcfd1f9df945dae61fe31424b47c76fb0f899fbc50,2025-07-08~HA~698~10299~14747~0250,2025-07-08,N383HA,other,4,40,3
2025-07-08~N384HA,sha256:0fcb6711e724949398efd2fec2cf59cdf0646f2ff1ae1f3ec437ceb67f8c979d,2025-07-08~HA~16~12173~14679~1255,2025-07-08,N384HA,ineligible,1,0,0
2025-07-08~N385HA,sha256:d38da213a95b64b37fd55a4243f8aee703843ac250eba24bc5431605414685f7,2025-07-08~HA~11~14771~12173~0935,2025-07-08,N385HA,ineligible,1,-1,-1
2025-07-08~N386HA,sha256:5eed2bd1a190515dcb0cbe4bd779b7fc6da02158eb57055a89ec8eebe6a4a4b6,2025-07-08~HA~6~12173~12889~0810,2025-07-08,N386HA,near,3,12,-3
2025-07-08~N388HA,sha256:25720d96faf436e8b679d770610bf208bd50bc2e3aac88798f7250426d311dcc,2025-07-08~HA~21~14747~12173~0815,2025-07-08,N388HA,ineligible,2,17,-4
2025-07-08~N389HA,sha256:120f15ba6e364ac0439a941ee307ef8943292fcacd7f9af98e2416d670e39310,2025-07-08~HA~15~14679~12173~0915,2025-07-08,N389HA,ineligible,2,111,111
2025-07-08~N390HA,sha256:557c849c8efef9bd5fca3d72c5641e4a74403a834bf296ca59b38d52d4e08ffe,2025-07-08~HA~19~14893~12173~0940,2025-07-08,N390HA,ineligible,1,-2,-2
2025-07-08~N391HA,sha256:220d71a35a37d2eeafc276fc4f9a38624c9b8f551405e4425ec7bfa9e9325cba,2025-07-08~HA~31~12889~13830~0850,2025-07-08,N391HA,ineligible,2,149,149
2025-07-08~N392HA,sha256:5726a1c108438f7065319e410017c95c4a889c8522aaf1c35357d0b0168da263,2025-07-08~HA~89~10721~12173~0800,2025-07-08,N392HA,ineligible,1,-1,-1
2025-07-08~N393HA,sha256:a10aa9e7557a066652a6d76460d589c09d050f43cbfbdc7cc33830bc03ec6a7f,2025-07-08~HA~681~14747~10299~1145,2025-07-08,N393HA,other,3,20,20
2025-07-08~N396HA,sha256:95c0be3c9524fe4e42c84a741a2adf78746402c9a13a592a424bc02bc7d1e065,2025-07-08~HA~8~12173~12889~2210,2025-07-08,N396HA,ineligible,1,77,77
2025-07-08~N475HA,sha256:ea59fff53e97fd41ea65f54cdba886524ff653134c61ee26f9fed6513440f593,2025-07-08~HA~146~12173~13830~0700,2025-07-08,N475HA,other,11,39,-7
2025-07-08~N476HA,sha256:bd2d0870e27d3403845b9d69ae38f8ba70447147ac6de6041b966b103a3e3673,2025-07-08~HA~101~12402~12173~0600,2025-07-08,N476HA,near,11,4,-14
2025-07-08~N477HA,sha256:4630c95f3f2fa8be7673ecfab8c647edb0fdfdaa86bfba47f346895cfdce541a,2025-07-08~HA~133~12173~12982~0620,2025-07-08,N477HA,near,11,4,-4
2025-07-08~N478HA,sha256:7107f22653b7d9c741d1239cfac52908278ec78f104a0a0407fdbffeb33e937b,2025-07-08~HA~118~12173~12758~0540,2025-07-08,N478HA,near,7,14,-1
2025-07-08~N479HA,sha256:abd20ac95d14b29a1a98e81cbf060e67f8268f05829ec2c96c69b6368c3fb061,2025-07-08~HA~138~12173~12758~0630,2025-07-08,N479HA,other,8,19,-5
2025-07-08~N480HA,sha256:473a216127efec56c232ff4710b5224a0a5a058976e2b528dfa2c9524a842f0d,2025-07-08~HA~139~12758~13830~0810,2025-07-08,N480HA,other,10,17,-3
2025-07-08~N483HA,sha256:f37e7e9e295d01c2f3b8d38c095869a5e064e784c40596007884e3e4f084b164,2025-07-08~HA~140~12982~13830~0909,2025-07-08,N483HA,near,9,14,-9
2025-07-08~N484HA,sha256:5bcc7545eb7e1b070568e6d5795fe37fe948ec724dbd04c1b6e77e14e86aeb98,2025-07-08~HA~173~12173~12982~0826,2025-07-08,N484HA,recovered,7,154,-8
2025-07-08~N485HA,sha256:499da850dffd26abcd4b05614e48740eec80300fa685fc9a7d53dc0ce9b86d0a,2025-07-08~HA~202~12173~12402~0920,2025-07-08,N485HA,other,8,27,-8
2025-07-08~N488HA,sha256:66f1efdf757fa44b2a160dd4845daeb9b373ec2be656e6e7ee97fc7efd0456ec,2025-07-08~HA~122~12173~12402~0605,2025-07-08,N488HA,ineligible,3,11,-3
2025-07-08~N489HA,sha256:1bc92f4503f20530b442b8dca67fb11777ac455876a04cd97705ec533b8292f0,2025-07-08~HA~116~12173~13830~0536,2025-07-08,N489HA,other,7,22,22
2025-07-08~N490HA,sha256:cdb1e136f70315f65ca3524f32dc93c279d19be2a20821bf39ca171687e0337a,2025-07-08~HA~225~13830~12173~1140,2025-07-08,N490HA,near,7,2,-8
2025-07-08~N491HA,sha256:34c51ffdfc368cf3d8ba7a1b2ae8bbf0557b3253ea29074e10822ffa05d0cb44,2025-07-08~HA~105~13830~12173~0600,2025-07-08,N491HA,near,10,-2,-7
2025-07-08~N492HA,sha256:99c13e2b2d415c6258fed26b5b0cedd26b0defc1656eb4cb7a211496ae89cb15,2025-07-08~HA~126~12173~13830~0615,2025-07-08,N492HA,near,11,14,-4
2025-07-08~N493HA,sha256:e1853228f00536e3b2ab96988b063644ef7cb0548aa9590278ef58aa6cd7ac48,2025-07-08~HA~113~12173~12982~0536,2025-07-08,N493HA,near,9,5,5
2025-07-08~N494HA,sha256:95f55aebab38d3237ff25eeba7a7fe944eee89f48183b5fbae4b63b016972d72,2025-07-08~HA~107~12758~12173~0600,2025-07-08,N494HA,near,8,4,-2
2025-07-08~N495HA,sha256:74c8e4ca8df41f5a27f78738e1078041817398059141c0d9ac8237997f61941e,2025-07-08~HA~104~12982~12173~0600,2025-07-08,N495HA,near,9,5,4
2025-07-08~N780HA,sha256:43a2d38be32d1007a6a11f1cb0bb6fe96c85ffaf59a43df3085a56b7fd0ccfd1,2025-07-08~HA~1~12892~12173~0830,2025-07-08,N780HA,ineligible,2,-1,-4
2025-07-08~N781HA,sha256:b20cc8af8c3ff230bce86147e539348dd9b7064204461ff198d0113e109e314d,2025-07-08~HA~51~12478~12173~0905,2025-07-08,N781HA,ineligible,2,19,19
2025-07-08~N782HA,sha256:72fe20882555723c76accc3540a1475c3cc0a62e6150d96400656f167ba8bf3a,2025-07-08~HA~3~12892~12173~1010,2025-07-08,N782HA,ineligible,2,-1,-1
2025-07-09~N202HA,sha256:3cd95db325653ef61da3fbb225e1572c41df6444a9d448bf582881b8b7d13bcf,2025-07-09~HA~95~14869~12173~0700,2025-07-09,N202HA,ineligible,2,-1,-1
2025-07-09~N204HA,sha256:9484098fe4934e2b0695c42212ebfbc6eed7997f1b495a527464b74e91b60832,2025-07-09~HA~611~14679~12173~1230,2025-07-09,N204HA,ineligible,2,-3,-3
2025-07-09~N205HA,sha256:1154293f9aa1f2a706655145608dc73fc4089a433184ae5a4d978923acd4f8cc,2025-07-09~HA~71~12954~13830~0845,2025-07-09,N205HA,ineligible,2,-4,-4
2025-07-09~N208HA,sha256:ff2ba633db89d5bc81cc810001b3e54fa4667b38e5d78803cbcc9edbc7e37b24,2025-07-09~HA~628~12173~14679~0800,2025-07-09,N208HA,ineligible,1,3,3
2025-07-09~N209HA,sha256:8c9c6b38cb09dc682765b753be675e39f802a2dbdf0a4937a6afb6d6e6b364ef,2025-07-09~HA~63~12892~12982~0930,2025-07-09,N209HA,ineligible,2,-1,-1
2025-07-09~N212HA,sha256:90566207c8aeae94a465eaabbb4e7280c7c4f3bccfa6a109a4a4445fba741298,2025-07-09~HA~41~14771~13830~0730,2025-07-09,N212HA,ineligible,2,-1,-9
2025-07-09~N213HA,sha256:c776ed9a8d9e70c790c732011db77cb65128819ab1067f58582405792fd98cf1,2025-07-09~HA~26~12173~14057~0750,2025-07-09,N213HA,ineligible,2,29,29
2025-07-09~N214HA,sha256:9c5b5b61f71fb23643ac5ccfaa6adfdcee1a1302955c238dd8c864e56a19cfb5,2025-07-09~HA~59~14893~13830~0830,2025-07-09,N214HA,ineligible,2,-6,-6
2025-07-09~N215HA,sha256:4696f6963523035369e4a1ee353875ef8e3fe32f24db0954d21a23dbde22b3c0,2025-07-09~HA~91~14831~12173~0700,2025-07-09,N215HA,other,3,44,44
2025-07-09~N216HA,sha256:8c7867cb2654712709c048bdff1d39992bb7831b30b2cd3319eb8bf268826191,2025-07-09~HA~73~14893~12758~0700,2025-07-09,N216HA,ineligible,2,-7,-7
2025-07-09~N217HA,sha256:0bb98dcd794b1f5a85418cb03ce5fe06174f7b93d5cb01d724f1ce3fee522d4e,2025-07-09~HA~49~14057~12173~0730,2025-07-09,N217HA,ineligible,2,1,0
2025-07-09~N218HA,sha256:213788427cc335b645546f4c6a75d1584cbc4817a32f3d642d16c105d52f3192,2025-07-09~HA~47~13796~12173~0850,2025-07-09,N218HA,ineligible,2,-1,-1
2025-07-09~N220HA,sha256:151d27df61cd6c9c5b938fc89227f1e7aa02bd2ad11e12375e5cf0f4bd268b99,2025-07-09~HA~683~14057~12173~1055,2025-07-09,N220HA,ineligible,1,-3,-3
2025-07-09~N226HA,sha256:fce1d4cdfc17c75e84677abb96a0961836000f5ae687247e22c75dd610150cd8,2025-07-09~HA~653~14831~13830~0700,2025-07-09,N226HA,ineligible,2,-5,-5
2025-07-09~N227HA,sha256:fb5f500231269fef966b22c51523612e4c9d46b1d1553933187507e8f02b4b06,2025-07-09~HA~667~13796~12982~0715,2025-07-09,N227HA,ineligible,2,-2,-2
2025-07-09~N228HA,sha256:8b9541f08100dd498ef5e1658bd967cb518a5cd1d074318085ba84a22af3a70d,2025-07-09~HA~69~12954~12173~0745,2025-07-09,N228HA,ineligible,2,41,41
2025-07-09~N230HA,sha256:d187c4aaa2887a1a9f26a40469aba29f68d813e14ba3f559d747ed0e87ead287,2025-07-09~HA~684~12173~14057~2125,2025-07-09,N230HA,ineligible,1,-2,-2
2025-07-09~N360HA,sha256:3d509bdca54c1d043de925bb958f551f95f0223e23b6353b32a6f72616d753dd,2025-07-09~HA~29~14747~13830~1030,2025-07-09,N360HA,ineligible,2,0,0
2025-07-09~N361HA,sha256:8376a3c7313763ed44b5eee3204562b0a638b7b27e6651a3e92ee28b3e69a15a,2025-07-09~HA~11~14771~12173~0935,2025-07-09,N361HA,ineligible,1,-4,-4
2025-07-09~N373HA,sha256:eeebeceb97ef55d7797f9de60b440a163c6f28c6a5d819bea5aa61b4530200d9,2025-07-09~HA~19~14893~12173~0940,2025-07-09,N373HA,ineligible,2,20,20
2025-07-09~N374HA,sha256:2f014b983d1390a300eba07a9993946147fbb7676a6b449289512c008dd1ac21,2025-07-09~HA~35~14107~12173~0805,2025-07-09,N374HA,ineligible,2,-5,-7
2025-07-09~N375HA,sha256:4732b79e680d7f0e9f90ab24aac3e35fb03174790f0c044d8cdb427e4b164ff5,2025-07-09~HA~36~12173~14107~1105,2025-07-09,N375HA,ineligible,1,-3,-3
2025-07-09~N379HA,sha256:16423c6f89bdaed54eb6cf5bcbfb34176ede12460fb5748ee1f7538bece031c2,2025-07-09~HA~21~14747~12173~0815,2025-07-09,N379HA,ineligible,1,4,4
2025-07-09~N380HA,sha256:cde1330359cd6d8e459f4ed8b07a82603cca4ff9d75cc30277294f37d77efa21,2025-07-09~HA~33~12892~13830~0700,2025-07-09,N380HA,near,3,10,10
2025-07-09~N383HA,sha256:088b1d36f5cc0f7b73d7037e14fbee2e3c9b3010d710398799ff80cac21248a0,2025-07-09~HA~22~12173~14747~1300,2025-07-09,N383HA,ineligible,1,1,1
2025-07-09~N384HA,sha256:7f89d81a108a648ab6934a3ff7967dd04eb14e61a7aa844664f411eb3769a44a,2025-07-09~HA~15~14679~12173~0915,2025-07-09,N384HA,ineligible,1,2,2
2025-07-09~N385HA,sha256:4456b002fa5862e3c2df57e7bc6a9178e9901a3774849df67edfd5d8d3a5354a,2025-07-09~HA~90~12173~10721~1415,2025-07-09,N385HA,ineligible,1,20,20
2025-07-09~N386HA,sha256:fe2001697ed167c67f02101344994e584ec31195140f0e95a9df82bfa3d65cbf,2025-07-09~HA~681~14747~10299~1145,2025-07-09,N386HA,ineligible,2,29,29
2025-07-09~N388HA,sha256:01357ce49e9a6298a81246b6e7f8fbbf3be1321a0ec55e25ca3a1d318b154ed9,2025-07-09~HA~17~12889~12173~0150,2025-07-09,N388HA,near,3,2,2
2025-07-09~N389HA,sha256:e2b04f73c3c3865dcdaf045d683bcd0b56462d526404ed2fbb4f51db99f7a22a,2025-07-09~HA~7~12889~12173~0750,2025-07-09,N389HA,ineligible,2,6,-5
2025-07-09~N390HA,sha256:802be83760f5e1e023739d02e0374213004edc7c0d6271acb5489371f5cdba14,2025-07-09~HA~8~12173~12889~2210,2025-07-09,N390HA,ineligible,1,182,182
2025-07-09~N392HA,sha256:9f9a03f47ff52ebf428cf686675f6533f704d629916daa68a0dadcb723ef9d3d,2025-07-09~HA~16~12173~14679~1255,2025-07-09,N392HA,ineligible,1,1,1
2025-07-09~N393HA,sha256:909e79b84ed20862af741aa6ddfb13e31b79c635bbbff1179c5b776f9cc7149a,2025-07-09~HA~698~10299~14747~0250,2025-07-09,N393HA,ineligible,3,177,177
2025-07-09~N396HA,sha256:42be04579ee415da4ae596c489518d7fc97d1c0917af401a887cf1dbea64f284,2025-07-09~HA~31~12889~13830~0850,2025-07-09,N396HA,ineligible,2,69,56
2025-07-09~N399HA,sha256:8b02689fdbb75f3325049272c9d5a5cb78d179f8760c4085afad4444b5a87239,2025-07-09~HA~633~14747~12173~1555,2025-07-09,N399HA,ineligible,2,-2,-2
2025-07-09~N475HA,sha256:ad25fdf3df5094b69b0a185d754f977c36bc19d5d81cd17bfa0c08957a561491,2025-07-09~HA~126~12173~13830~0615,2025-07-09,N475HA,near,11,9,9
2025-07-09~N476HA,sha256:6cabe85de26d34c9c0b861621134501ba293d14bf6dc64cf31b6a876438779a9,2025-07-09~HA~113~12173~12982~0536,2025-07-09,N476HA,near,9,5,-8
2025-07-09~N477HA,sha256:c4866d9e276d5df65e696dc3278ab0fc030e314edd3706979dd3cc782e2ba444,2025-07-09~HA~104~12982~12173~0600,2025-07-09,N477HA,near,12,7,-6
2025-07-09~N478HA,sha256:0054ab592fbcf9201d0de0cbd818ddc9c7e1a7841b5359402b25addf047e7482,2025-07-09~HA~225~13830~12173~1140,2025-07-09,N478HA,near,7,4,-6
2025-07-09~N479HA,sha256:d65e7fd528b04f43cb92710fd8c4c1bd831dffddd33bd03266eab36cf58cf389,2025-07-09~HA~140~12982~13830~0909,2025-07-09,N479HA,near,7,9,9
2025-07-09~N480HA,sha256:373481f712bc35bfd8ab723f6c4eec413d7d74c9c2b47a0b7fd197ce3043b975,2025-07-09~HA~146~12173~13830~0700,2025-07-09,N480HA,other,11,50,1
2025-07-09~N483HA,sha256:83b8211a3545a1bd8131b7ef74307615eaa64fbe68d16ade6fa61d40a90772b8,2025-07-09~HA~133~12173~12982~0620,2025-07-09,N483HA,other,10,25,0
2025-07-09~N484HA,sha256:2caffbecce273a51508c61418bacdba4505562cd76a661cece110b949db32e43,2025-07-09~HA~107~12758~12173~0600,2025-07-09,N484HA,ineligible,1,-6,-6
2025-07-09~N485HA,sha256:90ecae35204a921a5ce34d12a9a7232e522f5c838764ebd6b0a76389cb0d97c3,2025-07-09~HA~286~12173~13830~1245,2025-07-09,N485HA,near,4,-3,-3
2025-07-09~N488HA,sha256:85320b9b5ce3d11ef554329c3ca5e6ae59b9c6dda110aab538d14106314b432e,2025-07-09~HA~105~13830~12173~0600,2025-07-09,N488HA,near,10,2,-9
2025-07-09~N489HA,sha256:ccf54b9a471409097e243c422a809fb88ca386c00f29ec3eadf5cecb8341dd73,2025-07-09~HA~158~12173~12758~0730,2025-07-09,N489HA,near,8,14,3
2025-07-09~N490HA,sha256:bae52f4a146b20be1dc54f2c0caf0e091385daea4d5d2a96f7da8eeca5d2108c,2025-07-09~HA~138~12173~12758~0630,2025-07-09,N490HA,other,11,27,-1
2025-07-09~N491HA,sha256:09de6b82e2673fd1661bc03381f68aa5f16f146478563637af53ff3ad03571b7,2025-07-09~HA~122~12173~12402~0605,2025-07-09,N491HA,near,4,3,3
2025-07-09~N492HA,sha256:b73ec19d250647329dc9e0f4fce204e3eb5063a23715588551ac17d8fe09b871,2025-07-09~HA~101~12402~12173~0600,2025-07-09,N492HA,other,11,21,-4
2025-07-09~N493HA,sha256:970f11589a4949745ab114271f29b8201e64b4f1ade0b887cd1df451bc5a1e20,2025-07-09~HA~139~12758~13830~0810,2025-07-09,N493HA,near,10,12,12
2025-07-09~N494HA,sha256:aeb81c4bfed7a9068015424d4a6f0df530119651da69607a416eed4648f1ae20,2025-07-09~HA~118~12173~12758~0540,2025-07-09,N494HA,other,9,19,11
2025-07-09~N495HA,sha256:95281287518d45e5e3ca443b099297d7681acd6b5594a353e8ebeb2902efe1cf,2025-07-09~HA~116~12173~13830~0536,2025-07-09,N495HA,other,11,19,0
2025-07-09~N780HA,sha256:0f077798da32c2e206585ce491a6ad00f175bf1c8569c60b4ec889f65a7c7030,2025-07-09~HA~3~12892~12173~1010,2025-07-09,N780HA,ineligible,2,9,9
2025-07-09~N781HA,sha256:f3347004d61913cf96ef110ee1d47d71f0e516b693926d551a0762389182df34,2025-07-09~HA~1~12892~12173~0830,2025-07-09,N781HA,ineligible,2,9,-6
2025-07-09~N782HA,sha256:6d6d1bd66943ee9aeeef3a6db683de8c46c5fcbd31a346122d897ad761ba709d,2025-07-09~HA~51~12478~12173~0905,2025-07-09,N782HA,ineligible,2,52,35
2025-07-09~N783HA,sha256:fef5af87d37c3ac0a4260217e70f12c129ff6f1fbd98cad5cb8f8ccc9f4df9f6,2025-07-09~HA~10~12173~12892~0740,2025-07-09,N783HA,ineligible,2,8,4
2025-07-10~N202HA,sha256:3adb3815a37d7cc1eeb489694faba725d6233450c4d05a259c7972e02c071396,2025-07-10~HA~49~14057~12173~0730,2025-07-10,N202HA,ineligible,2,10,10
2025-07-10~N204HA,sha256:49ee40c0b57238c6c4fb976fd53019b3fb64eb6e3af0cd03ceec0e08bf1ba55e,2025-07-10~HA~95~14869~12173~0700,2025-07-10,N204HA,ineligible,2,11,11
2025-07-10~N205HA,sha256:430223a74abcb8d3c7465f0908e5ad4b8df831922f6c11fade77e2e45e9d1b0d,2025-07-10~HA~59~14893~13830~0830,2025-07-10,N205HA,ineligible,2,6,6
2025-07-10~N208HA,sha256:0df618d5bedde8eefab0f3c16f3e9746de5aa33c6c040f280fd17dd77bb42c60,2025-07-10~HA~611~14679~12173~1230,2025-07-10,N208HA,ineligible,2,9,-4
2025-07-10~N209HA,sha256:15a55a4c23756814c5bc7adbc2ee803be62e3654fe973229760c9de62c3fd605,2025-07-10~HA~667~13796~12982~0715,2025-07-10,N209HA,ineligible,2,30,30
2025-07-10~N212HA,sha256:b042c9b1c651b04b8b963105bb414ec708e22dab1bf67a581e6807331bc9e4db,2025-07-10~HA~91~14831~12173~0700,2025-07-10,N212HA,other,3,53,53
2025-07-10~N213HA,sha256:e4641952729059c40c605d87e20d5ac54a71da6aaafbe6e9513d053ea7428a78,2025-07-10~HA~52~12173~14057~1335,2025-07-10,N213HA,ineligible,1,14,14
2025-07-10~N214HA,sha256:1bff4d0ebe325316146c298ba19a308d12eb515ed3548cd269cd55220aa98f2c,2025-07-10~HA~69~12954~12173~0745,2025-07-10,N214HA,near,3,0,0
2025-07-10~N215HA,sha256:492cb96fb8199c8d8cfa479269110ba40c19c246c1957a713a712dbbce423577,2025-07-10~HA~26~12173~14057~0750,2025-07-10,N215HA,near,3,9,9
2025-07-10~N216HA,sha256:41befe94bbe203fc32206d680b8130e0c498bf9736c1a4ef308a6c37f59e890e,2025-07-10~HA~65~14893~12982~0700,2025-07-10,N216HA,near,3,1,-4
2025-07-10~N217HA,sha256:6f82ec1de56babd6bfffb9d3fa05f6e6c575afef3a46a42620c5b0d7fb2c367d,2025-07-10~HA~71~12954~13830~0845,2025-07-10,N217HA,ineligible,2,-6,-7
2025-07-10~N218HA,sha256:8719a6ceb01d32fa9a98bb6596bec1113cc3a6a24edd4a92ee3c30cbb989c92a,2025-07-10~HA~653~14831~13830~0700,2025-07-10,N218HA,near,4,9,9
2025-07-10~N220HA,sha256:049ebec6db1b1fe8c292be7f15d3fb5fbb9a342d16407f05fd43653d7cea731b,2025-07-10~HA~628~12173~14679~0800,2025-07-10,N220HA,near,3,2,-10
2025-07-10~N226HA,sha256:fb6ce41a32be1fdbecf1eb940ae98ee89bcf802f7ac21c691eb72111a971dbde,2025-07-10~HA~41~14771~13830~0730,2025-07-10,N226HA,ineligible,2,4,-4
2025-07-10~N227HA,sha256:a9a1951176e6dd128841fa244335ef4e8392b9bfde1c0eed6ea018f4a2eabea6,2025-07-10~HA~63~12892~12982~0930,2025-07-10,N227HA,ineligible,2,-2,-2
2025-07-10~N228HA,sha256:bf91c9e88d5ea19c97d8c397ac42c5e0fd351cb8da44e6e65189d5634b0647c1,2025-07-10~HA~47~13796~12173~0850,2025-07-10,N228HA,ineligible,2,-2,-4
2025-07-10~N230HA,sha256:d7ce3d590a458b0ed91c9e5f78116dcd5d1ff6724062b21ac6a5eec112b11f30,2025-07-10~HA~683~14057~12173~1055,2025-07-10,N230HA,ineligible,2,10,2
2025-07-10~N360HA,sha256:2ed10a751cc2756edfb8459b021ca3bf3ca7e298c693cb52cb8f0da9acacdc65,2025-07-10~HA~17~12889~12173~0150,2025-07-10,N360HA,other,4,20,10
2025-07-10~N361HA,sha256:1876b051f599d7f69543baeec70444cf7f1313f8ef146c9fd7b602c67c6ddb22,2025-07-10~HA~20~12173~14893~1330,2025-07-10,N361HA,ineligible,1,8,8
2025-07-10~N370HA,sha256:8329a3115c390762e156fe50c7a4efd35d80f05c43d462b2cd22e2253cd3b09d,2025-07-10~HA~18~12173~12889~1405,2025-07-10,N370HA,ineligible,1,22,22
2025-07-10~N373HA,sha256:2661e3aeaae0f6417352a1c07ccd8946bff9085860f33af956fe72f03e9ba8d3,2025-07-10~HA~7~12889~12173~0750,2025-07-10,N373HA,ineligible,2,3,3
2025-07-10~N374HA,sha256:3353d96052ab233508173805f98c1e7ff54b14d8b4548284855237896f09bea0,2025-07-10~HA~19~14893~12173~0940,2025-07-10,N374HA,ineligible,1,-7,-7
2025-07-10~N375HA,sha256:2465e788616c08d4a958c0d9cdcc1005f1de2997946c30fd96d2400624f2ea7b,2025-07-10~HA~35~14107~12173~0805,2025-07-10,N375HA,ineligible,2,9,9
2025-07-10~N379HA,sha256:154d0b01ae2d2073386ad82df0e2c27bb66f48f5499e25aff94623ec7891b3cd,2025-07-10~HA~22~12173~14747~1300,2025-07-10,N379HA,ineligible,1,17,17
2025-07-10~N380HA,sha256:a01cc0b888f3a1ef63a117b964c34d19efe64781ed9ddcdf95518ba0b19394fe,2025-07-10~HA~698~10299~14747~0250,2025-07-10,N380HA,ineligible,2,343,343
2025-07-10~N381HA,sha256:26c0557b776e6befbee634d6cabf09347202647641a6d0f1c2613be0263dde43,2025-07-10~HA~6~12173~12889~0810,2025-07-10,N381HA,persisted,3,106,64
2025-07-10~N383HA,sha256:51fdf7df0adf78f567093354a4ec0d463de3c6109ac6d872e0d6cf8ff15a02c1,2025-07-10~HA~29~14747~13830~1030,2025-07-10,N383HA,ineligible,2,2,2
2025-07-10~N385HA,sha256:aafa7a9e8da81dbb10a4278ee1ce474ec1c04fd89adb419231a7b72c57f9b27a,2025-07-10~HA~89~10721~12173~0800,2025-07-10,N385HA,ineligible,1,4,4
2025-07-10~N386HA,sha256:9d5670b97206b426dd276cb6a1af2785245d39219d829076763e8f49720a6e03,2025-07-10~HA~21~14747~12173~0815,2025-07-10,N386HA,ineligible,2,40,40
2025-07-10~N388HA,sha256:c49d35c7dd9b8667787195ed63c8985d6a0ea6aaafbe8f9f6ce19bbf7b3e42c7,2025-07-10~HA~36~12173~14107~1105,2025-07-10,N388HA,ineligible,1,21,21
2025-07-10~N389HA,sha256:e9dac131dbc42f72aeab4944f90810ef7bc8d51d67ebc7b9416b595e40faad37,2025-07-10~HA~27~14747~12173~1125,2025-07-10,N389HA,ineligible,2,15,-1
2025-07-10~N390HA,sha256:137e246499df09f2e360644dd78773b43cb5518e7e5e9b41b51d6e740e8dfb59,2025-07-10~HA~31~12889~13830~0850,2025-07-10,N390HA,ineligible,2,167,156
2025-07-10~N391HA,sha256:9252522d37bcca05e7636432856ae13b097e97df2be61abcbc4e4c6e55afb35a,2025-07-10~HA~633~14747~12173~1555,2025-07-10,N391HA,ineligible,1,29,29
2025-07-10~N392HA,sha256:cceb3b57dea2a580246ee78e92facc6b74748e2fce6cba2393a1d8be1db077cb,2025-07-10~HA~15~14679~12173~0915,2025-07-10,N392HA,ineligible,1,4,4
2025-07-10~N393HA,sha256:ba92c8b47058cd1fdc6ee0eba2b70a1f94292bec99d48bbc64041f6a489075e8,2025-07-10~HA~11~14771~12173~0935,2025-07-10,N393HA,recovered,3,150,12
2025-07-10~N396HA,sha256:de608bec874a3e9c6bba4565c34ce415282ad2f4bbecb0fc338e6e44b8b2451b,2025-07-10~HA~33~12892~13830~0700,2025-07-10,N396HA,other,3,16,16
2025-07-10~N475HA,sha256:8bf6621145a01c94c13a8ba2eb276fb7b3e8872e451a66749035f11aae87fce7,2025-07-10~HA~101~12402~12173~0600,2025-07-10,N475HA,other,11,46,-1
2025-07-10~N476HA,sha256:a3053cdc7db1e78043c2fdfcadcf7520cb49dea3f7d33f18f1cadee29772931f,2025-07-10~HA~225~13830~12173~1140,2025-07-10,N476HA,near,7,10,-8
2025-07-10~N477HA,sha256:9d5fb4560953815475347deb3d6e5ab814841ff7de1b7c9ad57955f1f028b5dc,2025-07-10~HA~104~12982~12173~0600,2025-07-10,N477HA,near,11,4,-9
2025-07-10~N478HA,sha256:cf50ff7a32f6bbdea9eb455d2b3e794497c0accd62507ba787365426a132598f,2025-07-10~HA~118~12173~12758~0540,2025-07-10,N478HA,near,9,4,-6
2025-07-10~N479HA,sha256:4700d1caee79d7d6c8a72eb5067eb82306463672b088cc8bd85d0bc3fbd2d028,2025-07-10~HA~122~12173~12402~0605,2025-07-10,N479HA,near,8,7,5
2025-07-10~N480HA,sha256:cf5ebfab94d49ec8c5d2e47298d77e2c40048c44aa5373cb0de970c7d5ffbe1c,2025-07-10~HA~126~12173~13830~0615,2025-07-10,N480HA,other,10,53,37
2025-07-10~N484HA,sha256:ca4707c332d4550e309b9516a495b568abadeee523f2489af50aee21744cdddf,2025-07-10~HA~133~12173~12982~0620,2025-07-10,N484HA,other,11,19,-1
2025-07-10~N485HA,sha256:22202757d3bf268e076ed4ce23f4d85daf5c5e94e399368527f03b076318914d,2025-07-10~HA~140~12982~13830~0909,2025-07-10,N485HA,other,9,15,15
2025-07-10~N486HA,sha256:0c74b94f0b5336f8950f33b444cde079754cac1d981c6cdfeb8a98ae44a8b53a,2025-07-10~HA~146~12173~13830~0700,2025-07-10,N486HA,other,7,55,55
2025-07-10~N489HA,sha256:3c23ff8a0a8d9a1249a3c05869a1485c9815be518e796af4423acd7c13636772,2025-07-10~HA~116~12173~13830~0536,2025-07-10,N489HA,near,11,3,-4
2025-07-10~N490HA,sha256:8d853ea46655de4a89214381c80fb30f74189dca86c479301fdf09713cceb076,2025-07-10~HA~105~13830~12173~0600,2025-07-10,N490HA,other,12,31,31
2025-07-10~N491HA,sha256:f747fc3f26815e5dde289f7243c0589d97a169db98ffdcf84a7fd95437bf15a4,2025-07-10~HA~198~12173~12758~0900,2025-07-10,N491HA,other,9,19,10
2025-07-10~N492HA,sha256:2536250bc4c2cdb71c276bde609236987c5a9404c1dd0fd86c1eb99a9181bc96,2025-07-10~HA~113~12173~12982~0536,2025-07-10,N492HA,other,12,20,-8
2025-07-10~N493HA,sha256:0b0da3559a2e6ca1e6420084f89f0663744dfc0004a890372f796e75944f6a49,2025-07-10~HA~138~12173~12758~0630,2025-07-10,N493HA,near,8,13,-6
2025-07-10~N494HA,sha256:da23bc0fcacd95f44e0dfa1c1db29e8a1cb89eede823dbd7ed925e2d97b797a5,2025-07-10~HA~147~12758~12173~0800,2025-07-10,N494HA,other,10,29,8
2025-07-10~N495HA,sha256:d72202f971e5964a7a598bdea3064ce9887fd56dc9f591438faf7b912dfff19a,2025-07-10~HA~107~12758~12173~0600,2025-07-10,N495HA,other,11,48,22
2025-07-10~N780HA,sha256:74c48ccda1895c18979ad1b8fd5e53258ba30a7c9985d04b902eaef893e6920f,2025-07-10~HA~51~12478~12173~0905,2025-07-10,N780HA,ineligible,2,26,26
2025-07-10~N781HA,sha256:6ea4d8fffd0fbef811c30f86cdec07b99e1bf1aee750a7449365d60c64367369,2025-07-10~HA~3~12892~12173~1010,2025-07-10,N781HA,ineligible,2,68,12
2025-07-10~N782HA,sha256:c1cab1cc648876d2aea5ab465459818502c5369c1ed8e6d9692b78f15713311a,2025-07-10~HA~1~12892~12173~0830,2025-07-10,N782HA,ineligible,2,15,15
2025-07-11~N202HA,sha256:d60f8e58c0499b8aca0adc8e1b26245d5fbdb90fe491cce196c9b731d0d441f4,2025-07-11~HA~71~12954~13830~0845,2025-07-11,N202HA,ineligible,2,-3,-3
2025-07-11~N204HA,sha256:4877da63fcb8e72411cf1e3a632044d5b9c3d9675a5306de621bafc96c16b300,2025-07-11~HA~667~13796~12982~0715,2025-07-11,N204HA,ineligible,4,168,168
2025-07-11~N205HA,sha256:59d329911b317293da9c25cd9cc597a96de724c7d900fdd4ce191eba4d841967,2025-07-11~HA~69~12954~12173~0745,2025-07-11,N205HA,ineligible,2,15,15
2025-07-11~N208HA,sha256:dd2e2f4427377293637f84bbc8f6326a4ebdfeedd2d1707c2ef219bb50f232a8,2025-07-11~HA~95~14869~12173~0700,2025-07-11,N208HA,ineligible,2,-3,-3
2025-07-11~N209HA,sha256:cc30a5c7c62b3c1f269e1991e8b98aa67e9abf61e1ad2b96a0272ca097f67280,2025-07-11~HA~59~14893~13830~0830,2025-07-11,N209HA,ineligible,2,156,105
2025-07-11~N213HA,sha256:62e96fbb9f130c2fe6fcdee4e8e8204cafc8888e2738ee725a8ecbf113c1c1ce,2025-07-11~HA~49~14057~12173~0730,2025-07-11,N213HA,ineligible,2,26,16
2025-07-11~N214HA,sha256:f2c5094b6a4a5f7f590926f0711e02d6f76e3d6c76c277cba578d8e6019e2996,2025-07-11~HA~23~13796~13830~0700,2025-07-11,N214HA,other,4,17,17
2025-07-11~N215HA,sha256:c41d7db0680f4dc79dbb93420a2d96f45f53ca0b7c638bb9a252d11e935fecff,2025-07-11~HA~41~14771~13830~0730,2025-07-11,N215HA,ineligible,2,16,16
2025-07-11~N216HA,sha256:2d02faaa6d1a5b1974c1acfdef4ebfffb27d6c94830eca281ea7dca83e7f8c8e,2025-07-11~HA~26~12173~14057~0750,2025-07-11,N216HA,other,3,36,36
2025-07-11~N217HA,sha256:ca3ef7832b455a34c898d346ceba4d783d08ea9d8b8c20af0750d9fd4d9ce5dc,2025-07-11~HA~65~14893~12982~0700,2025-07-11,N217HA,ineligible,2,1,1
2025-07-11~N218HA,sha256:8c973243fd513f9f82b5068875a3874ab8975e8e026b83e91bd538e92e6e4f39,2025-07-11~HA~63~12892~12982~0930,2025-07-11,N218HA,ineligible,2,27,12
2025-07-11~N220HA,sha256:8d5d23ce4399008dbc9c0779150de66a10383f5a6ca928475c711178013d91fd,2025-07-11~HA~611~14679~12173~1230,2025-07-11,N220HA,ineligible,2,272,3
2025-07-11~N226HA,sha256:1e9c3ee06a5ec5869c06bf173cebf970cf8ec04cbae3c5d57c1d661c7835c6f6,2025-07-11~HA~653~14831~13830~0700,2025-07-11,N226HA,ineligible,2,1,1
2025-07-11~N227HA,sha256:015e0e1d0bc8a4a651564c806660e7c74e64bab1d6b8e1699fdbd2a83310e4ef,2025-07-11~HA~47~13796~12173~0850,2025-07-11,N227HA,ineligible,2,4,4
2025-07-11~N228HA,sha256:8f4f219effe32c671a77551b01446e6d73bfb0c9067296116d16594b5c21b59e,2025-07-11~HA~91~14831~12173~0700,2025-07-11,N228HA,other,3,48,48
2025-07-11~N230HA,sha256:63a696ccc3fde3007240f61f3f16c6f48c316b3a13d550f6a475bd4c0fb309d9,2025-07-11~HA~683~14057~12173~1055,2025-07-11,N230HA,ineligible,2,6,6
2025-07-11~N360HA,sha256:4819f98946582c3d706b3223ba93399ed0fae250a95d9e10f11e76e52fad1113,2025-07-11~HA~31~12889~13830~0850,2025-07-11,N360HA,ineligible,2,30,26
2025-07-11~N361HA,sha256:19c24bf1c2ed3aa37eaf43719958711a818b26e147b17f78234ef494ad3c25b9,2025-07-11~HA~19~14893~12173~0940,2025-07-11,N361HA,ineligible,1,6,6
2025-07-11~N370HA,sha256:6b193bb9099ef311c6a5d0142d1dc01a44fb1d99c5e081797bc383b683f62539,2025-07-11~HA~17~12889~12173~0150,2025-07-11,N370HA,other,4,77,77
2025-07-11~N374HA,sha256:7394a11c160e444f2c97f7daa5c1ee7ac1f338d47d47a6c3e482d191dbf83b45,2025-07-11~HA~12~12173~14771~1330,2025-07-11,N374HA,ineligible,1,180,180
2025-07-11~N375HA,sha256:29004cdeae8af1915d697038d45263e25979aae97b5d4e2960addcc7801b849b,2025-07-11~HA~89~10721~12173~0800,2025-07-11,N375HA,ineligible,1,1,1
2025-07-11~N379HA,sha256:dc4b3938e6868723ef12835a3217f3371f21baa692e7cb496eed80466724f487,2025-07-11~HA~29~14747~13830~1030,2025-07-11,N379HA,ineligible,2,-7,-7
2025-07-11~N383HA,sha256:a60564461190f6443bf6420df70d3c91a4e119f331150eb7028692f8374b47ef,2025-07-11~HA~7~12889~12173~0750,2025-07-11,N383HA,ineligible,2,9,-3
2025-07-11~N385HA,sha256:9609707bf088343f8206c4d4bd86f1f5c906a44f9558e16409da84155c7d650a,2025-07-11~HA~36~12173~14107~1105,2025-07-11,N385HA,ineligible,1,40,40
2025-07-11~N386HA,sha256:ceefb0f6358829175fea6551b4ed173ecf389eb788b8a7d8dfd89fa200e5ae77,2025-07-11~HA~11~14771~12173~0935,2025-07-11,N386HA,ineligible,2,24,16
2025-07-11~N388HA,sha256:aa9204b7d86e90cba3f5cd35554046716db772b537a2432e3770ab12ab908eb4,2025-07-11~HA~35~14107~12173~0805,2025-07-11,N388HA,ineligible,2,-1,-5
2025-07-11~N389HA,sha256:98e477a6edaf59d34de0528a6c6a5e64aa5fc08392ad6a0a56de5a1d78a46aa1,2025-07-11~HA~21~14747~12173~0815,2025-07-11,N389HA,ineligible,1,36,36
2025-07-11~N390HA,sha256:a0ea87eb5e89d0aa2536636cd07604a65d1802f84f86b4d218c370b80f2f9a2a,2025-07-11~HA~33~12892~13830~0700,2025-07-11,N390HA,other,3,27,27
2025-07-11~N391HA,sha256:ef35bd5e51a7dac7c3c5b561bfe16d85c1c2d4853521e2db357b37819d273aa2,2025-07-11~HA~10~12173~12892~0740,2025-07-11,N391HA,ineligible,2,216,216
2025-07-11~N392HA,sha256:7a2fbc4d5ff84be5705d4d6a3c54688db1029b22f32aea0250763c52e58eadd1,2025-07-11~HA~22~12173~14747~1300,2025-07-11,N392HA,ineligible,1,61,61
2025-07-11~N393HA,sha256:a6bbfe58d0489002dc1e3273138cda6c3779d3322fe7c250b0e424147cc3d41c,2025-07-11~HA~628~12173~14679~0800,2025-07-11,N393HA,persisted,3,153,60
2025-07-11~N396HA,sha256:6a0c640b519d45eb603a6b6897b9b20b2e8e7eb046bc7ad00e23e0394f199de2,2025-07-11~HA~698~10299~14747~0250,2025-07-11,N396HA,ineligible,2,33,18
2025-07-11~N399HA,sha256:6d49c09a6f90f1da83d35c50a8aeb62f127c616e446cf15f070e2dd3a19e8caf,2025-07-11~HA~633~14747~12173~1555,2025-07-11,N399HA,ineligible,2,8,1
2025-07-11~N475HA,sha256:6c5d6e6880229417f2a12404c3fdf4ab9893f204e8206f2df1a7ba0e8874fbe7,2025-07-11~HA~116~12173~13830~0536,2025-07-11,N475HA,near,11,6,3
2025-07-11~N476HA,sha256:1c1dd9571d98610e0c075aa1203b74202981489a03e0773d59617520cce644d6,2025-07-11~HA~133~12173~12982~0620,2025-07-11,N476HA,near,9,-2,-6
2025-07-11~N477HA,sha256:45bb2147c1c11fa6d1cdebb52c54b519826f914a9df9d3526c75339dce1c635b,2025-07-11~HA~146~12173~13830~0700,2025-07-11,N477HA,near,8,9,9
2025-07-11~N478HA,sha256:1dadf485bb584efac039cc43a538e66566329e843ed2b2099af8c2fd159db403,2025-07-11~HA~225~13830~12173~1140,2025-07-11,N478HA,near,7,10,-6
2025-07-11~N479HA,sha256:ca97fd8d61ab253a2f8756f5a5e1a4be7c09eb212c20d7be1c0e7d8534676cb6,2025-07-11~HA~140~12982~13830~0909,2025-07-11,N479HA,near,5,1,1
2025-07-11~N480HA,sha256:84ce7909d11290ae4374523551f03ea408d3d55b9e7d610113aa72141f9c71e5,2025-07-11~HA~138~12173~12758~0630,2025-07-11,N480HA,near,11,3,-5
2025-07-11~N483HA,sha256:cf79802997b67cf6831f1b47e1894164609ef41e56258f4fa4847a5aadd150cd,2025-07-11~HA~158~12173~12758~0730,2025-07-11,N483HA,near,9,1,-5
2025-07-11~N484HA,sha256:747ad53e36d80e85a58eb7754bae903996b022c42d791593d2681c93f3b14320,2025-07-11~HA~105~13830~12173~0600,2025-07-11,N484HA,other,11,32,10
2025-07-11~N485HA,sha256:ebeba7f43e85cef1cea8bda938b6ccfa24f101c41973ef393a3646d0cabd1548,2025-07-11~HA~122~12173~12402~0605,2025-07-11,N485HA,near,10,2,-6
2025-07-11~N486HA,sha256:03c9cbfe6e14451c014995c73c7e58826af03629581010ada579ea9ad80d4943,2025-07-11~HA~126~12173~13830~0615,2025-07-11,N486HA,other,10,25,-5
2025-07-11~N489HA,sha256:89487c6f0b5d25a3da9468e8b4d8de78886aaee004e5551a978502ab5959b67b,2025-07-11~HA~101~12402~12173~0600,2025-07-11,N489HA,near,9,14,-8
2025-07-11~N490HA,sha256:b395e1ac0b865e170747155c52c08c00daf614719b7203c21e803f540fe0e648,2025-07-11~HA~113~12173~12982~0536,2025-07-11,N490HA,near,12,8,-2
2025-07-11~N491HA,sha256:cd6deaebd5f4287dbc0ab406a10c83aa0c0103e18591a7b66f0ec33c5ead6397,2025-07-11~HA~104~12982~12173~0600,2025-07-11,N491HA,near,11,5,-5
2025-07-11~N492HA,sha256:81617cc6125e26598c08929aee55a7960ac4e79b2a5b0c4a3cca426647a714d3,2025-07-11~HA~218~12173~12758~1005,2025-07-11,N492HA,near,6,3,-3
2025-07-11~N493HA,sha256:97dba509799e7c056ad2276c83e9c66b0608c507e823ef427000aabceb2b4d38,2025-07-11~HA~147~12758~12173~0800,2025-07-11,N493HA,near,10,10,1
2025-07-11~N494HA,sha256:3341edee85f0e1bec596de1ca71830723f8a1275be061f22ea110a61447d858f,2025-07-11~HA~107~12758~12173~0600,2025-07-11,N494HA,near,11,1,-9
2025-07-11~N495HA,sha256:b25b2f18d2b038f7f9a7ac5cbeb576a80b1a3378b940ad9229b10312198623ef,2025-07-11~HA~118~12173~12758~0540,2025-07-11,N495HA,near,12,13,2
2025-07-11~N780HA,sha256:89ce54826c7f140d8fda7b676c32079b1f596a81d64e01001c1e71687a8b0dcc,2025-07-11~HA~3~12892~12173~1010,2025-07-11,N780HA,ineligible,2,9,-10
2025-07-11~N781HA,sha256:2a36bdafcf9d59faef3194b17ecf61a40c3bbf3543f73ba1f88da5bb6e5d6747,2025-07-11~HA~51~12478~12173~0905,2025-07-11,N781HA,ineligible,2,10,-4
2025-07-11~N782HA,sha256:be43f2dee3e1c9c0bc02799f9a3cd97ca9e2839dcbde3df6933f24ef320ced6e,2025-07-11~HA~1~12892~12173~0830,2025-07-11,N782HA,ineligible,2,18,-9
2025-07-12~N202HA,sha256:c8233c60db3e1ba0c5cb8740f99f2985b60001d6dd9f838ef8cad1064a590dd7,2025-07-12~HA~71~12954~13830~0845,2025-07-12,N202HA,ineligible,2,-7,-7
2025-07-12~N204HA,sha256:07cc6173d5f71ee5dea358d43e54575916befd3eec01e2cc277a58911c9a35b0,2025-07-12~HA~611~14679~12173~1230,2025-07-12,N204HA,ineligible,2,30,-5
2025-07-12~N205HA,sha256:5b74758fd5a0bd51e4c0e98e6c75e7cfd095cd0e45e00d2da4de361f8408883d,2025-07-12~HA~49~14057~12173~0730,2025-07-12,N205HA,ineligible,2,-1,-6
2025-07-12~N208HA,sha256:6390aa2699e997826b40812698c32ef18f8398aaabe30be8840d3d32aaf2857e,2025-07-12~HA~23~13796~13830~0700,2025-07-12,N208HA,other,4,50,43
2025-07-12~N209HA,sha256:31fccafcb8b8c0a91221db9dd496558820f948740d76c0666da0a9eb2f3c4b1d,2025-07-12~HA~59~14893~13830~0830,2025-07-12,N209HA,ineligible,2,78,35
2025-07-12~N212HA,sha256:5d7de78e3341860a3fd799c3f3cfadbaed100c849488d0f40f5d24d76c15544d,2025-07-12~HA~628~12173~14679~0800,2025-07-12,N212HA,other,3,34,14
2025-07-12~N213HA,sha256:380535f24702fb3bbb492926f8ed1ee997f44560d84eaeda2bd1073f05eb634d,2025-07-12~HA~69~12954~12173~0745,2025-07-12,N213HA,ineligible,2,-6,-6
2025-07-12~N214HA,sha256:1495501bdebcaf717758aabb9658df361c2969e8d08a6746db0406602792d944,2025-07-12~HA~63~12892~12982~0930,2025-07-12,N214HA,ineligible,2,17,-8
2025-07-12~N215HA,sha256:d097c1d1619b4a8452ead55eae6b959b7d9dc96b2af9afe72b19a2fcb68a77d4,2025-07-12~HA~91~14831~12173~0700,2025-07-12,N215HA,near,3,10,8
2025-07-12~N216HA,sha256:7307789fda2df5af6a1dfcf97225702fa7c6164b84fcf78e17f1100cb589e305,2025-07-12~HA~41~14771~13830~0730,2025-07-12,N216HA,ineligible,2,9,6
2025-07-12~N217HA,sha256:a4b57235ed8ed567f96fbd1f0a356ae211a6b95f920afee0adec563eddefcb30,2025-07-12~HA~73~14893~12758~0700,2025-07-12,N217HA,ineligible,2,-6,-9
2025-07-12~N218HA,sha256:c4d5c61bb96b56cd06e42aae981556d238a0e9871eb9c8eb6e364845dacc6b0c,2025-07-12~HA~47~13796~12173~0850,2025-07-12,N218HA,ineligible,2,-2,-2
2025-07-12~N220HA,sha256:d473ced0c4fcf80e4dac0afdca9819b3f036daba2a7be111b6970b9655c0f4ce,2025-07-12~HA~683~14057~12173~1055,2025-07-12,N220HA,ineligible,1,3,3
2025-07-12~N226HA,sha256:dd8333791d13c982cc08f5c3905ff158f24786841ac8605880967ab8413907ac,2025-07-12~HA~667~13796~12982~0715,2025-07-12,N226HA,near,3,6,6
2025-07-12~N227HA,sha256:33d077ea107c4d9e26f37ed9f971e4cf23074e29e7674551446368bb9f4d02d6,2025-07-12~HA~653~14831~13830~0700,2025-07-12,N227HA,ineligible,2,0,-12
2025-07-12~N228HA,sha256:951c38f3bf46616b16e1a16d10585489f0ee169d1f226c1824848debe17a2860,2025-07-12~HA~26~12173~14057~0750,2025-07-12,N228HA,other,3,37,33
2025-07-12~N230HA,sha256:f5c6244eb9a24ccd63c775dd639398cda7e7f914144081ec4f71da812d0f0ed8,2025-07-12~HA~95~14869~12173~0700,2025-07-12,N230HA,ineligible,2,3,3
2025-07-12~N360HA,sha256:e32d18e3dac912e9f45002e007eb1da09595b2a0b979cd3c2afa9827272a71c5,2025-07-12~HA~33~12892~13830~0700,2025-07-12,N360HA,other,3,15,15
2025-07-12~N361HA,sha256:7afd24209dc796bcd1f2da0ccafe6fa37f621f04dd505924e629b2088ed08e7a,2025-07-12~HA~22~12173~14747~1300,2025-07-12,N361HA,ineligible,1,-9,-9
2025-07-12~N370HA,sha256:a144b47997b9b95295641c64e1f37648c7ca5f2b13c91ad113e7c8faeb5cc4b2,2025-07-12~HA~31~12889~13830~0850,2025-07-12,N370HA,ineligible,2,115,105
2025-07-12~N374HA,sha256:9497c9a1224d126343337fbe207da40759a9225e81e24dc06e24969a6a72b0d7,2025-07-12~HA~11~14771~12173~0935,2025-07-12,N374HA,ineligible,2,231,231
2025-07-12~N375HA,sha256:db9aacadb3bde5a16c84dd0bc3d6b4a7ba9f1687cb2d25073fb0c0e2473b34fe,2025-07-12~HA~36~12173~14107~1105,2025-07-12,N375HA,ineligible,1,61,61
2025-07-12~N379HA,sha256:089a7e06b37787a45bcaab6a492268feaa4dba4aee3eafc00508c4de68c46b0b,2025-07-12~HA~17~12889~12173~0150,2025-07-12,N379HA,near,4,12,3
2025-07-12~N380HA,sha256:f09acdd1c111d842f3ebd83e6dbb0bc30cd7127fe64e301eaeeb28d16ec77e95,2025-07-12~HA~633~14747~12173~1555,2025-07-12,N380HA,ineligible,2,600,600
2025-07-12~N381HA,sha256:4c67a874f47852dd4319462ab7687304a573b5d2aba86af96f73994e3bacb943,2025-07-12~HA~27~14747~12173~1125,2025-07-12,N381HA,ineligible,1,41,41
2025-07-12~N383HA,sha256:61d179df78761f4d3db1f5fae89f13588d50bd7831ad7e23d6a3ab98ac4d3df0,2025-07-12~HA~1015~14679~12173~0630,2025-07-12,N383HA,ineligible,1,128,128
2025-07-12~N385HA,sha256:e73bf6cc0c8c81b962f6dbb320dec23fb7843ebac2aecaeb6df81fd93365a720,2025-07-12~HA~35~14107~12173~0805,2025-07-12,N385HA,ineligible,1,-5,-5
2025-07-12~N386HA,sha256:bd7ab87a84feada4d8b886f5a2e644368f8fb651d74e74a83a4d9d7fa8d46529,2025-07-12~HA~7~12889~12173~0750,2025-07-12,N386HA,ineligible,1,1,1
2025-07-12~N388HA,sha256:7979d220f1401522995003ce746f82b58bcbd04fe5dafce78ebc64d0a5054a1a,2025-07-12~HA~19~14893~12173~0940,2025-07-12,N388HA,ineligible,2,9,5
2025-07-12~N389HA,sha256:8d256b884a312b50f267e52f6cf5aaad74d963320eba7e1b70f714612687d770,2025-07-12~HA~634~12173~14747~2115,2025-07-12,N389HA,ineligible,1,6,6
2025-07-12~N390HA,sha256:0627ae920eedf01e4eff30fbec69b24abb63b30e0ec5234b7bcc0a4e848e0dd9,2025-07-12~HA~698~10299~14747~0250,2025-07-12,N390HA,other,3,49,14
2025-07-12~N391HA,sha256:0c703afa0ec17595494b18747bc22127728636d983df0c6c81a4227bd6a030fd,2025-07-12~HA~6~12173~12889~0810,2025-07-12,N391HA,other,3,17,-4
2025-07-12~N393HA,sha256:42088cced6652733373b298ed940a039af8543020838a34ebf66879fc4363ff6,2025-07-12~HA~681~14747~10299~1145,2025-07-12,N393HA,ineligible,2,27,25
2025-07-12~N396HA,sha256:21d464ec89b049c9395c89d24041a1d719c40fdfe34dd98cf721a6c1f2add98c,2025-07-12~HA~15~14679~12173~0915,2025-07-12,N396HA,ineligible,2,832,1
2025-07-12~N399HA,sha256:8a8aeb73f3537359d55d456c3e95ff41fd260d4e1c2395959e7493a662d0a3f6,2025-07-12~HA~21~14747~12173~0815,2025-07-12,N399HA,ineligible,2,11,11
2025-07-12~N475HA,sha256:1410abbbc0cb4fa10dc554c42c6f6a209f865d5f15bbddbc40729e09006ae7c5,2025-07-12~HA~105~13830~12173~0600,2025-07-12,N475HA,near,10,12,-5
2025-07-12~N476HA,sha256:901818030b585aa9af7f9ee9c9f516243a96be55564b0c4a2a3b273fe4a60738,2025-07-12~HA~140~12982~13830~0909,2025-07-12,N476HA,near,9,3,-13
2025-07-12~N477HA,sha256:376f6f849c248ed3dff730aacc62ec2d9046c0f7bb2669fe6d57c3df9b11e039,2025-07-12~HA~147~12758~12173~0800,2025-07-12,N477HA,near,10,5,5
2025-07-12~N478HA,sha256:a51a57c187468f133cfc466c2559d6ac0157ce37eecab9c1302ec57026f656b8,2025-07-12~HA~133~12173~12982~0620,2025-07-12,N478HA,near,11,11,-6
2025-07-12~N479HA,sha256:259a693f3309d538560193d019a2650c83b060f70ec9bd8ec7180def16411d54,2025-07-12~HA~173~12173~12982~0826,2025-07-12,N479HA,other,7,24,-4
2025-07-12~N480HA,sha256:3be0482340347f503d9d29b19452c0a46da7d397e9598716a430e5831e7cca30,2025-07-12~HA~143~12173~12982~0720,2025-07-12,N480HA,near,6,2,-3
2025-07-12~N483HA,sha256:4a7365e40d54cb1286b029de3a759a2f59667bba5d5bcf4b93dfb3bf103fa9c1,2025-07-12~HA~202~12173~12402~0920,2025-07-12,N483HA,near,6,4,-8
2025-07-12~N484HA,sha256:ed1a1fc32601b7e5361186bb1e39f0fdee06f7d8b6e8730e32a3709443359abb,2025-07-12~HA~104~12982~12173~0600,2025-07-12,N484HA,near,10,5,-11
2025-07-12~N486HA,sha256:04330db85890c6ee980391ed261cb2ae00aa46b0470f6035647e834315962d13,2025-07-12~HA~218~12173~12758~1005,2025-07-12,N486HA,other,7,24,1
2025-07-12~N489HA,sha256:5468329381dcad57a6d2397596769afe677a87c659a80000a284b12dc91da8a4,2025-07-12~HA~126~12173~13830~0615,2025-07-12,N489HA,near,12,0,-5
2025-07-12~N490HA,sha256:baf6de25bcc907ef27ccdde6d129302b986b644ca711c23b6b0a4ca5d9fd865c,2025-07-12~HA~162~12173~12402~0810,2025-07-12,N490HA,near,9,-3,-8
2025-07-12~N491HA,sha256:eb427cd1358db70c1e49eebdc545bcd2573eda2a991aa3d7525ee8ad7284ea03,2025-07-12~HA~122~12173~12402~0605,2025-07-12,N491HA,near,11,7,-3
2025-07-12~N492HA,sha256:eba841679877faea76fe57c2f3b48989ba70114ef182966766e2081c9c89f5e5,2025-07-12~HA~225~13830~12173~1140,2025-07-12,N492HA,near,7,6,-8
2025-07-12~N493HA,sha256:bd7a73f4d087ab214085b29d9e9efc381851c9a5014cb20378534f311ba27176,2025-07-12~HA~107~12758~12173~0600,2025-07-12,N493HA,other,10,46,46
2025-07-12~N494HA,sha256:69bdd92cacd5457de1c9fbf65426f3d47e5079ae0ff8acfe998733ce35917726,2025-07-12~HA~138~12173~12758~0630,2025-07-12,N494HA,persisted,11,70,41
2025-07-12~N495HA,sha256:bfd44fa26e7c85ae3872bffb0f5b0270a56f758bcb70b47f705e5b93e7bde2c0,2025-07-12~HA~101~12402~12173~0600,2025-07-12,N495HA,near,11,3,-3
2025-07-12~N780HA,sha256:2d898cd407cc36fc429272782b87d1d885fbc2a16f4a605ac757f0658baab19a,2025-07-12~HA~51~12478~12173~0905,2025-07-12,N780HA,ineligible,2,-1,-4
2025-07-12~N781HA,sha256:39a0903c4b7ecb7ff17a1627166c4e0ffe44049b3bb0c7ecdd28933f93b508b9,2025-07-12~HA~1~12892~12173~0830,2025-07-12,N781HA,ineligible,2,2,-8
2025-07-12~N782HA,sha256:555a64eff742451f90b3aed54e8856b87f33afc4aa74d9a0d24f7a387f3ba0e0,2025-07-12~HA~3~12892~12173~1010,2025-07-12,N782HA,ineligible,2,-4,-4
2025-07-13~N202HA,sha256:e6abe66cac67e31b1b46ed0651c73e151e4874a10d7c5a512d6e65b1d47352a5,2025-07-13~HA~69~12954~12173~0745,2025-07-13,N202HA,ineligible,2,4,4
2025-07-13~N204HA,sha256:d21692c1a00771ceb7d66bf7dc22486b3cb5581644a0a9bf0fd84976f5d0786b,2025-07-13~HA~95~14869~12173~0700,2025-07-13,N204HA,ineligible,2,6,-2
2025-07-13~N205HA,sha256:5d0705b4fc9a1835eae9cb719681084835af44bd2e387f14f4a080387d63b0a8,2025-07-13~HA~71~12954~13830~0845,2025-07-13,N205HA,ineligible,2,14,14
2025-07-13~N208HA,sha256:802bf7c8e2c54ec2ceac7d63d6f0a63a7429f17b3f7d7bfb0359f65032f0b9af,2025-07-13~HA~63~12892~12982~0930,2025-07-13,N208HA,ineligible,2,49,25
2025-07-13~N209HA,sha256:b20626d173406fba7da15ae8fbc5041edde9ea819e255f543d424feddb06f381,2025-07-13~HA~59~14893~13830~0830,2025-07-13,N209HA,ineligible,2,434,434
2025-07-13~N212HA,sha256:9f571481fd1ebc4be82b84e56928bf83ca501c76013779f37084c7d3398271f7,2025-07-13~HA~611~14679~12173~1230,2025-07-13,N212HA,ineligible,2,112,-4
2025-07-13~N213HA,sha256:102339c093972d4c6a568631c5f2b2c843ec8b6acb686784c9207708353d2a98,2025-07-13~HA~49~14057~12173~0730,2025-07-13,N213HA,ineligible,2,3,-2
2025-07-13~N214HA,sha256:65f428189eb49bfc10dedcf57506f59a1d78f8a9b304f772b9af206ed7026af4,2025-07-13~HA~47~13796~12173~0850,2025-07-13,N214HA,ineligible,2,-2,-2
2025-07-13~N215HA,sha256:3c5bd85cdc30bcc2bb3ccc07eb80153d4b1e1a0183a5204cc1a6f615f5511cf5,2025-07-13~HA~26~12173~14057~0750,2025-07-13,N215HA,near,3,11,11
2025-07-13~N216HA,sha256:b0624da20da05deac8dc65992c94d4b2037abecfba4dc15d693f2e5cb9c9bc18,2025-07-13~HA~91~14831~12173~0700,2025-07-13,N216HA,other,3,35,35
2025-07-13~N217HA,sha256:5460777649d03b1da171b81b1b6644307ebb5a8d217630b262632d8683d0e023,2025-07-13~HA~65~14893~12982~0700,2025-07-13,N217HA,ineligible,2,-2,-2
2025-07-13~N218HA,sha256:337b493e9ab6301f02fa4234174e36b4bc4a3b656dbd4a1e1e432b60e58aa122,2025-07-13~HA~653~14831~13830~0700,2025-07-13,N218HA,ineligible,2,5,5
2025-07-13~N220HA,sha256:19d937955667749e70d2af51c69543536a660b0803b105af277ecd5e10ecddf8,2025-07-13~HA~684~12173~14057~2125,2025-07-13,N220HA,ineligible,1,8,8
2025-07-13~N226HA,sha256:78ebd2e22fba8d57138c475db007f886009b4789c387b67308796c35fc480bfb,2025-07-13~HA~628~12173~14679~0800,2025-07-13,N226HA,persisted,3,62,36
2025-07-13~N227HA,sha256:f40258d3df859856185ca8ebec53013223f7bb298a3f84986dd3eb885fc5f915,2025-07-13~HA~23~13796~13830~0700,2025-07-13,N227HA,other,4,19,19
2025-07-13~N228HA,sha256:cd230aef7689844ef23223531e96b30712435780b9fae93cfc0ba439d3a15146,2025-07-13~HA~41~14771~13830~0730,2025-07-13,N228HA,ineligible,2,4,4
2025-07-13~N230HA,sha256:e6f221339a013da10b3748a6d58c0c58d87341008036bd83ebbf5fed43fb5d7a,2025-07-13~HA~667~13796~12982~0715,2025-07-13,N230HA,other,3,17,17
2025-07-13~N360HA,sha256:2cc8f38ece2203cd6048308dd824000ab7f9128906b26f79b5ead1912f35eb48,2025-07-13~HA~698~10299~14747~0250,2025-07-13,N360HA,ineligible,2,50,2
2025-07-13~N361HA,sha256:5f27d66a4ab965c5000199c55adfe33efef329d2fea43e62980602dc0afc9b43,2025-07-13~HA~29~14747~13830~1030,2025-07-13,N361HA,ineligible,2,1,1
2025-07-13~N370HA,sha256:2a3636d3e69637f152aeadef10f552955db843a06a6d233832f409901ed012e8,2025-07-13~HA~33~12892~13830~0700,2025-07-13,N370HA,other,3,17,17
2025-07-13~N374HA,sha256:93c8e5de98831941526cda874bf869c59891b177112db369047406775c0e0225,2025-07-13~HA~7~12889~12173~0750,2025-07-13,N374HA,ineligible,1,8,8
2025-07-13~N375HA,sha256:144a9f0c38864af820d9e2b2c660e2c554a52ea1e53fb9c3f6d478ad4637fdbe,2025-07-13~HA~35~14107~12173~0805,2025-07-13,N375HA,ineligible,1,23,23
2025-07-13~N379HA,sha256:ff240e9ef34397cba916b38dd91ced0466806bdfb9dc07cc5c1d6a07724ca108,2025-07-13~HA~31~12889~13830~0850,2025-07-13,N379HA,ineligible,2,18,18
2025-07-13~N380HA,sha256:1c5b3d77c7323fa721c094ea9fc930bcd7961373b61cb9c1f18eedcde777c154,2025-07-13~HA~11~14771~12173~0935,2025-07-13,N380HA,ineligible,1,1,1
2025-07-13~N381HA,sha256:fa7108291d66e531554ff4a3685b0ee46d6ce0337a5397c0225308e9627f0238,2025-07-13~HA~15~14679~12173~0915,2025-07-13,N381HA,ineligible,3,846,376
2025-07-13~N383HA,sha256:790595d39f543b66901426b1026190d9da8511c27b05d12bdc0116f7f5406c74,2025-07-13~HA~36~12173~14107~1105,2025-07-13,N383HA,ineligible,1,8,8
2025-07-13~N384HA,sha256:f91f549d2d1a7a7b8fcdbf1a6c1b44e01de16fd09cbcc7534d10f61ccf538a8f,2025-07-13~HA~10~12173~12892~0740,2025-07-13,N384HA,near,3,5,4
2025-07-13~N385HA,sha256:53211f887eab1eac3d6ac36a7cdc0f43a3f2707e27b7939ff44fd67d9946a350,2025-07-13~HA~20~12173~14893~1330,2025-07-13,N385HA,ineligible,1,2,2
2025-07-13~N388HA,sha256:7c61ed956e7bb14f3a27345cc29c0350bb722ae1d1e5dbb658da969e104b1ab3,2025-07-13~HA~89~10721~12173~0800,2025-07-13,N388HA,ineligible,2,70,70
2025-07-13~N389HA,sha256:113a46fe57ed47bd1a621562609960a2589ce0d2ddfeea30aecd29298023cad6,2025-07-13~HA~21~14747~12173~0815,2025-07-13,N389HA,ineligible,2,1,1
2025-07-13~N390HA,sha256:4182313e7a8c8044bf20a1ca2dd9e50911db76d0d00dc81a6e2d5d8d56533cf1,2025-07-13~HA~17~12889~12173~0150,2025-07-13,N390HA,ineligible,2,23,7
2025-07-13~N391HA,sha256:57987c1e64eb8519f735aa522260947d8388323321d8a78c58d31bfcb2ce66ee,2025-07-13~HA~681~14747~10299~1145,2025-07-13,N391HA,ineligible,2,18,14
2025-07-13~N392HA,sha256:7d8b840cbe5a307c3059016214cec6b88d4320320826a672ec31df24ea4ebc87,2025-07-13~HA~633~14747~12173~1555,2025-07-13,N392HA,ineligible,2,15,-1
2025-07-13~N396HA,sha256:6e68399f4cb51a697f5630c917fa2d1523d8591cb2c909af145dda7d0ad5d6bd,2025-07-13~HA~6~12173~12889~0810,2025-07-13,N396HA,ineligible,1,37,37
2025-07-13~N399HA,sha256:13dd1f5d68da0af24035006911c2289d835bfbe69dfba70c73a7fefb4c077023,2025-07-13~HA~19~14893~12173~0940,2025-07-13,N399HA,ineligible,2,21,21
2025-07-13~N475HA,sha256:8633c5bb5cc45392b2d4730bc25878e3a1298cafa9698671456e087a744c114b,2025-07-13~HA~218~12173~12758~1005,2025-07-13,N475HA,near,7,-1,-1
2025-07-13~N476HA,sha256:09845705ff9fa123afc32e863a923ba6432c164e775f99cd27fd70924742988c,2025-07-13~HA~202~12173~12402~0920,2025-07-13,N476HA,persisted,7,85,51
2025-07-13~N477HA,sha256:c65788b303c147d4bd2ddef8f83cc5218e0f8070d9173db480df6ed9b304438c,2025-07-13~HA~104~12982~12173~0600,2025-07-13,N477HA,near,12,11,0
2025-07-13~N478HA,sha256:16cbcc983a51f74c5c3b5feaac3f9ec1fa3ad860fb4631ddb2fdb8cae810539b,2025-07-13~HA~101~12402~12173~0600,2025-07-13,N478HA,near,11,13,13
2025-07-13~N479HA,sha256:d35ee859f161505a8164e9390613580dffdca7c5b5ccb9bd7f491e6e3ca72f06,2025-07-13~HA~147~12758~12173~0800,2025-07-13,N479HA,near,9,-3,-6
2025-07-13~N480HA,sha256:b7647e223373e93e2c6ab63984a4116fe29904b9498facba5e0128fa2f989e3b,2025-07-13~HA~225~13830~12173~1140,2025-07-13,N480HA,near,7,6,-10
2025-07-13~N483HA,sha256:ddb3e282e5a3ff500e9266681abf52d9215841a67416d7bed286586df9fc63f8,2025-07-13~HA~140~12982~13830~0909,2025-07-13,N483HA,other,9,31,12
2025-07-13~N484HA,sha256:275525e461d74abae6f6b4b1d29dd331b54378c5b8a3a1f97840e406498e501f,2025-07-13~HA~122~12173~12402~0605,2025-07-13,N484HA,other,9,21,21
2025-07-13~N485HA,sha256:a55fad96f3248ef6a77fec34780276c0e99a798af16a0bda287e5f53762cfd57,2025-07-13~HA~286~12173~13830~1245,2025-07-13,N485HA,near,4,-2,-3
2025-07-13~N486HA,sha256:b35c7ae6ec5b645cfc0b77fce9b61ecdf69c7716211c9eb2990899f97371c9d7,2025-07-13~HA~228~12173~12758~1035,2025-07-13,N486HA,other,5,25,25
2025-07-13~N489HA,sha256:701ae01d8b99d1e885d57ee1f762d5815cdbbc6fe285bb9ad9a2f54f02c5a76c,2025-07-13~HA~105~13830~12173~0600,2025-07-13,N489HA,other,10,39,-2
2025-07-13~N490HA,sha256:d713f9378354c9ccacc561d289df05544d5101065fa460db8973f91d44b20c10,2025-07-13~HA~107~12758~12173~0600,2025-07-13,N490HA,near,10,3,-2
2025-07-13~N491HA,sha256:2ce711c42ba400c7ea728ec3e91ee7966739944bfecdbe2b3f4df1cc0133df33,2025-07-13~HA~126~12173~13830~0615,2025-07-13,N491HA,near,11,10,10
2025-07-13~N492HA,sha256:2e97bcd6a965d6b326de006fb726612039a8a12a246131b2760125ed4a07cb8b,2025-07-13~HA~258~12173~12758~1125,2025-07-13,N492HA,near,5,14,0
2025-07-13~N493HA,sha256:ee10750a13361a20b64319ad97c7607e206779a2cfdd8d997c613f8b198b9065,2025-07-13~HA~138~12173~12758~0630,2025-07-13,N493HA,other,10,16,2
2025-07-13~N494HA,sha256:2dfe7f0a56dd284b8d39b9ad9ec425ce835bea993c2cdfa95cc1e947345e4eac,2025-07-13~HA~156~12173~13830~0735,2025-07-13,N494HA,near,10,4,-3
2025-07-13~N495HA,sha256:66da5ecf75f32546da2db47708bcbbb5ac609542087fe2e815ab650f32a85f79,2025-07-13~HA~133~12173~12982~0620,2025-07-13,N495HA,near,11,5,5
2025-07-13~N780HA,sha256:20e64262f789c754c5e1662bf90e6f7134dfedd33c7da1d69085c34853bdffe3,2025-07-13~HA~1~12892~12173~0830,2025-07-13,N780HA,ineligible,2,-1,-2
2025-07-13~N781HA,sha256:b92b8859f5e36edd0701184814670dcd29da51c0cf30a907f6386237317e995a,2025-07-13~HA~3~12892~12173~1010,2025-07-13,N781HA,ineligible,2,4,4
2025-07-13~N782HA,sha256:261c1906280ecba1e66980814877d0e3b5fdaf80b0a2043b87af0d427239266e,2025-07-13~HA~51~12478~12173~0905,2025-07-13,N782HA,ineligible,2,13,-6
2025-07-14~N202HA,sha256:4e600cd87c90136dbfea4199a25398a12aa12e76ee2d62565c38d335ec27bf20,2025-07-14~HA~683~14057~12173~1055,2025-07-14,N202HA,ineligible,2,90,90
2025-07-14~N204HA,sha256:aa8525a38e5bcffa0f9d7e1a18820551d8ee27be3c2e71ddd9ca1071fda086f9,2025-07-14~HA~667~13796~12982~0715,2025-07-14,N204HA,near,3,13,13
2025-07-14~N205HA,sha256:c7ca33b72a1097e7c0870e45f339eb29b27fd4fbd5d3de2125c757f21181c51f,2025-07-14~HA~71~12954~13830~0845,2025-07-14,N205HA,ineligible,2,-6,-10
2025-07-14~N208HA,sha256:9870614b691f086ee5b4a7db3a6aacf6456f51bff516be20b977c1e4c45301ac,2025-07-14~HA~23~13796~13830~0700,2025-07-14,N208HA,ineligible,2,-5,-5
2025-07-14~N209HA,sha256:530397a1b2b440e9201a9f3070f05b401f285fe4b6e0f9a38850d9772071dfb8,2025-07-14~HA~59~14893~13830~0830,2025-07-14,N209HA,ineligible,2,383,11
2025-07-14~N212HA,sha256:bda13b8bf923ec97f5a0c0a944fc57be1ea4e356eed23c2b160456a2055d6962,2025-07-14~HA~95~14869~12173~0700,2025-07-14,N212HA,ineligible,2,6,6
2025-07-14~N213HA,sha256:88fc8e17a22abb5f82e6ccef7b78cecb92700577ef5c280e1a5b7177523e851a,2025-07-14~HA~69~12954~12173~0745,2025-07-14,N213HA,persisted,3,121,121
2025-07-14~N214HA,sha256:f67946302284a02ded4bf90492cb23c79a76e69f86e1e31bd1f754b7404aea7a,2025-07-14~HA~91~14831~12173~0700,2025-07-14,N214HA,ineligible,2,21,21
2025-07-14~N215HA,sha256:88c75ea194898cb55191d1862f2400e5cee3dee016843a46c343d2e0f93e1643,2025-07-14~HA~41~14771~13830~0730,2025-07-14,N215HA,ineligible,2,94,91
2025-07-14~N216HA,sha256:3e8bde596a26be2e55e30acd159efbcfdb6327c36383c8f9928606e80be17ac8,2025-07-14~HA~628~12173~14679~0800,2025-07-14,N216HA,other,3,37,-1
2025-07-14~N217HA,sha256:63a45028c383c1e8f9151b7781ad74f80503b9b6a30ced5b36a8789fd4673e18,2025-07-14~HA~73~14893~12758~0700,2025-07-14,N217HA,ineligible,2,-5,-10
2025-07-14~N218HA,sha256:1aabc08c798a63abf3fb912130c7dffbdc66afcf14a6dc0e1a89fe973e35e636,2025-07-14~HA~47~13796~12173~0850,2025-07-14,N218HA,ineligible,2,11,11
2025-07-14~N220HA,sha256:203ddfa818f01ea49a75f0e70ea9202da80e5536b34def152a7189e7e353f44d,2025-07-14~HA~49~14057~12173~0730,2025-07-14,N220HA,ineligible,2,33,30
2025-07-14~N226HA,sha256:60efb39d4f33e40c8956887fb7d5b09b545ffd6d885043acabe1b96d6137f2bc,2025-07-14~HA~611~14679~12173~1230,2025-07-14,N226HA,ineligible,1,50,50
2025-07-14~N227HA,sha256:306b44c1ec334568adfd278f499cdf5019d2b7eab60424735c23bfc61d9677de,2025-07-14~HA~63~12892~12982~0930,2025-07-14,N227HA,ineligible,2,16,12
2025-07-14~N228HA,sha256:90a58852bb10c56fee11cf129fb74900d9ee068a8087f6bdadc8be41a5477328,2025-07-14~HA~653~14831~13830~0700,2025-07-14,N228HA,near,4,10,6
2025-07-14~N230HA,sha256:3d5dd3d81379569ddb82bc36ea5d380632a5e05122e348dbb4f1a68888e55cdc,2025-07-14~HA~26~12173~14057~0750,2025-07-14,N230HA,other,3,23,23
2025-07-14~N360HA,sha256:f36272c853084a54b86c4c92aeec81ab32d33a14f7f3c191d08a77cda557dc49,2025-07-14~HA~16~12173~14679~1255,2025-07-14,N360HA,ineligible,1,18,18
2025-07-14~N361HA,sha256:dbe5ba92deaa0c4be5c55ec482e775f7af7df965468dd8ca900ef17fb7263bfb,2025-07-14~HA~17~12889~12173~0150,2025-07-14,N361HA,near,4,7,-4
2025-07-14~N370HA,sha256:cda9496663df84c6d4e786c800f3f293259edb625c1b9c0a0d889e11a5188183,2025-07-14~HA~698~10299~14747~0250,2025-07-14,N370HA,other,3,28,28
2025-07-14~N373HA,sha256:c8690c8f35d3755204ae003f984e702c3df4ea38bd26cb47651a0a6504dcafa8,2025-07-14~HA~15~14679~12173~0915,2025-07-14,N373HA,ineligible,1,97,97
2025-07-14~N374HA,sha256:acfa612c3ed69cdb1fd56921cd69533351afb1ab171c818814449969a21118b6,2025-07-14~HA~10~12173~12892~0740,2025-07-14,N374HA,ineligible,2,185,159
2025-07-14~N375HA,sha256:71756aef75567ee330a6a0c45a8b00a5b7b3d49cc9d690b15e1b9f466270e1be,2025-07-14~HA~465~12173~14222~1630,2025-07-14,N375HA,ineligible,2,6,6
2025-07-14~N379HA,sha256:f5d7fb18b5510de1b36288571954c0dba002fb275bf3dd4eb98b5d44dccfc1ac,2025-07-14~HA~33~12892~13830~0700,2025-07-14,N379HA,other,3,18,18
2025-07-14~N380HA,sha256:0c50eececce55de7f030d5514ef0fbf7cfd92c31236164980b8c21d2261d1125,2025-07-14~HA~12~12173~14771~1330,2025-07-14,N380HA,ineligible,1,61,61
2025-07-14~N381HA,sha256:d53d43b3d4c2bab29f8fa9894100454fccab1fd50505214105f9e5ba1d1fc377,2025-07-14~HA~633~14747~12173~1555,2025-07-14,N381HA,ineligible,2,35,6
2025-07-14~N382HA,sha256:e26294d5828a3b5912925d6653d72a968102d43f0299f78eeccc2686dc6e3d8c,2025-07-14~HA~634~12173~14747~2115,2025-07-14,N382HA,ineligible,1,31,31
2025-07-14~N383HA,sha256:70290884e7c8fec39d9b4d485dbc1528836d4449bf22822366ed42df8f3e6d41,2025-07-14~HA~35~14107~12173~0805,2025-07-14,N383HA,ineligible,2,12,12
2025-07-14~N384HA,sha256:b77b6a6256a8d935967b7a213fa783b2a30d375169960d5d81e44858dd769d29,2025-07-14~HA~31~12889~13830~0850,2025-07-14,N384HA,ineligible,2,54,54
2025-07-14~N385HA,sha256:0ef7309f709f003b10b94803b1e7da7d1ed499c507cd757ec9df0698afaf969d,2025-07-14~HA~19~14893~12173~0940,2025-07-14,N385HA,ineligible,1,-3,-3
2025-07-14~N386HA,sha256:5afe735e465d3486ab2f2f0bbaf740b7f5eef2d794a4671aabda65b9556d4b59,2025-07-14~HA~36~12173~14107~1105,2025-07-14,N386HA,ineligible,1,44,44
2025-07-14~N388HA,sha256:bd97e32da364c50b711889d91908e80ccc781b00ff8616005aaab7a7adbaa1a6,2025-07-14~HA~11~14771~12173~0935,2025-07-14,N388HA,ineligible,2,32,16
2025-07-14~N389HA,sha256:85db8b8a5cbcbb4785c791783d1f0458d2f25e4c2b2b47c259a2628c812ad786,2025-07-14~HA~89~10721~12173~0800,2025-07-14,N389HA,ineligible,2,18,18
2025-07-14~N390HA,sha256:cad4c400f9d17f868403e40ea82b425105a1eac830c26045c06faa4e0fa6e46f,2025-07-14~HA~21~14747~12173~0815,2025-07-14,N390HA,ineligible,1,12,12
2025-07-14~N392HA,sha256:810539038c825baa196d3b6c384c913f89fa46d885ce753049152ad8e549d727,2025-07-14~HA~29~14747~13830~1030,2025-07-14,N392HA,ineligible,2,3,3
2025-07-14~N393HA,sha256:b8683dcd8b9de8b4ffe43ef4ff8b0346a6223937c65075ab05b73f6bae16525e,2025-07-14~HA~27~14747~12173~1125,2025-07-14,N393HA,ineligible,2,303,303
2025-07-14~N399HA,sha256:d371d0cce08d726bfdcba3c8bfe43d6948173cddcc54f87a9116bb3c3ac401ec,2025-07-14~HA~7~12889~12173~0750,2025-07-14,N399HA,ineligible,1,20,20
2025-07-14~N475HA,sha256:d092ac965e542fbfb88f6bacd2047c47f45144f69b3b6e3c0f15a789a358d02c,2025-07-14~HA~126~12173~13830~0615,2025-07-14,N475HA,near,11,7,-8
2025-07-14~N476HA,sha256:a60574faa75940f2e472b96bb339a3bccaf30b57bde89ddb3502f35d3ec33da0,2025-07-14~HA~146~12173~13830~0700,2025-07-14,N476HA,near,8,2,-4
2025-07-14~N477HA,sha256:37f2df57f14354dbde93250ec1e24c9046fb19bb5c4567c26682303991889e08,2025-07-14~HA~138~12173~12758~0630,2025-07-14,N477HA,near,11,10,-9
2025-07-14~N478HA,sha256:d4f4d9760707a563c3c24cbaf27bec6bbb90341f16d5246d9c87a8ee3a7083de,2025-07-14~HA~107~12758~12173~0600,2025-07-14,N478HA,near,8,14,-3
2025-07-14~N479HA,sha256:3d79bde60e65745d042a5f59c5f5324b219077a7adccb15266918e6a8bcbb5b5,2025-07-14~HA~133~12173~12982~0620,2025-07-14,N479HA,other,10,36,22
2025-07-14~N480HA,sha256:8bcaa156bd2cf394dbd7d574092c21f648c2a1a77fb69e360452e9e22e817dbe,2025-07-14~HA~116~12173~13830~0536,2025-07-14,N480HA,near,9,13,6
2025-07-14~N483HA,sha256:f5c1639f4dded751d2c2b5f3bd67119b1baa35a28ef1cc7d09c4715bc26e5666,2025-07-14~HA~122~12173~12402~0605,2025-07-14,N483HA,near,10,6,6
2025-07-14~N484HA,sha256:a6bedf024fbdfe6a6f7051f13a80eee23c540548671a85cf68a5b56292e2db5f,2025-07-14~HA~154~12982~12173~0830,2025-07-14,N484HA,recovered,7,144,3
2025-07-14~N485HA,sha256:c62d180ce9d1ba9722e1c2373edfc6c26252741c6cc3569da74a957a97be6450,2025-07-14~HA~147~12758~12173~0800,2025-07-14,N485HA,other,7,18,18
2025-07-14~N486HA,sha256:856c9fab49e2a6862eb6051c4eff32a11590f3476abbfc8c11f3d0df532557ac,2025-07-14~HA~140~12982~13830~0909,2025-07-14,N486HA,other,9,47,14
2025-07-14~N489HA,sha256:ae36cf44120eef5cc0ce192eb8a8cfd0ad44ae4ef42492cebcf74c2fb60ba8f1,2025-07-14~HA~113~12173~12982~0536,2025-07-14,N489HA,near,11,8,4
2025-07-14~N490HA,sha256:d0bc1de3a15d0cc7e6349105a4b55a421a3dbcf2fef483f1895181645ce3069c,2025-07-14~HA~105~13830~12173~0600,2025-07-14,N490HA,other,11,42,42
2025-07-14~N491HA,sha256:f27abdbdfa863d72cbee473030705cc2e730bd409719e5a056b340b985c934d7,2025-07-14~HA~143~12173~12982~0720,2025-07-14,N491HA,ineligible,1,0,0
2025-07-14~N492HA,sha256:d196ca35b6c87626b49426b3d7995145376ba3d6422de29fd21110fe33c61aed,2025-07-14~HA~225~13830~12173~1140,2025-07-14,N492HA,other,7,23,-1
2025-07-14~N493HA,sha256:d949de15b14d2152f1df2f079f382caf551dc7b3af43219e8c070ac8acd41a70,2025-07-14~HA~104~12982~12173~0600,2025-07-14,N493HA,near,11,13,-7
2025-07-14~N494HA,sha256:57954d0964c71087c6dcec0958fe476047fe187b4feb7901022a74cab4bba72b,2025-07-14~HA~118~12173~12758~0540,2025-07-14,N494HA,near,11,5,-5
2025-07-14~N495HA,sha256:1a662d6f6e2536b73e08a9ba049e0a36799d5a89ebfa81389b5bc5d1767d54eb,2025-07-14~HA~101~12402~12173~0600,2025-07-14,N495HA,other,10,25,-2
2025-07-14~N780HA,sha256:03054dbada3187f92e8c65e583a466f805608e610be71db4f04ddbe5c37e6dc0,2025-07-14~HA~1~12892~12173~0830,2025-07-14,N780HA,ineligible,2,1,0
2025-07-14~N781HA,sha256:d2b19cdd6b71b5cf9e1ddff624abcfedd542c8bec421782f1ccb499212a4eaa5,2025-07-14~HA~51~12478~12173~0905,2025-07-14,N781HA,ineligible,2,16,13
2025-07-14~N782HA,sha256:f5644d6e99ecac8073d4c02d885065b2ad8cd2d23684ebec01181e4a9d5892be,2025-07-14~HA~3~12892~12173~1010,2025-07-14,N782HA,ineligible,1,147,147
2025-07-14~N783HA,sha256:f802db12736d13ffaba0723fec82aa233c02d574fb089a87f8a1d8ee152d4f86,2025-07-14~HA~2~12173~12892~1400,2025-07-14,N783HA,ineligible,1,3,3
2025-07-15~N202HA,sha256:0675096d01b7eaa7ede20f28603ad6b064ff42fdbd67725ef2e1b21c46240ab2,2025-07-15~HA~49~14057~12173~0730,2025-07-15,N202HA,ineligible,2,8,1
2025-07-15~N204HA,sha256:3cad5393e220c7b0ada2bc5b2890731fe9f13b123457d2fbb02fbccdf26f8a1f,2025-07-15~HA~26~12173~14057~0750,2025-07-15,N204HA,ineligible,2,27,27
2025-07-15~N205HA,sha256:936b8bc64588d9a5f22f96cf4e510539daf350032db4181a762d9404ca1a85a5,2025-07-15~HA~65~14893~12982~0700,2025-07-15,N205HA,ineligible,2,-5,-5
2025-07-15~N208HA,sha256:a650cb57460d59d1d44adc46754a2472b547f177005ecbe1c6f9e202736300df,2025-07-15~HA~71~12954~13830~0845,2025-07-15,N208HA,ineligible,2,-1,-1
2025-07-15~N209HA,sha256:d011ef056ff2db9a3fda937642220d4bcb0ca4323b796b459d866df51964e570,2025-07-15~HA~683~14057~12173~1055,2025-07-15,N209HA,ineligible,2,13,0
2025-07-15~N212HA,sha256:39d0301050791a1206fa3637a281f1aa2f1f0f23f63ea6a5dc9818e9eaba3a42,2025-07-15~HA~667~13796~12982~0715,2025-07-15,N212HA,ineligible,2,3,3
2025-07-15~N213HA,sha256:89391dca9589e0144cd7ab2a11922a17b934a3bc18921f9107292e00b95f38c3,2025-07-15~HA~670~12173~14747~1040,2025-07-15,N213HA,ineligible,2,28,28
2025-07-15~N214HA,sha256:7450f044e47ad30373dfcaf9a13e1f9bf5115baa4726f352d3ed58859e98fca5,2025-07-15~HA~95~14869~12173~0700,2025-07-15,N214HA,ineligible,2,-2,-5
2025-07-15~N215HA,sha256:34a702a1c215044442abbb453e660b4fdbf707b16c0d15b0f4d7840a70ee22ad,2025-07-15~HA~91~14831~12173~0700,2025-07-15,N215HA,ineligible,2,49,4
2025-07-15~N216HA,sha256:36bbffc054a5db46842b901121f4bdd5b655ef0f714f228fa9e6e2d7a2556369,2025-07-15~HA~611~14679~12173~1230,2025-07-15,N216HA,ineligible,2,9,0
2025-07-15~N217HA,sha256:5174f77d20eef639c1174baea11666ea1bfdd9e5274de53cfc5ff6960c2ea713,2025-07-15~HA~59~14893~13830~0830,2025-07-15,N217HA,ineligible,2,-4,-4
2025-07-15~N218HA,sha256:a67345ce336ccb732d5318ff799154708ef73d29a7e014ff92f534cc9a431c75,2025-07-15~HA~653~14831~13830~0700,2025-07-15,N218HA,ineligible,2,-2,-5
2025-07-15~N220HA,sha256:5c2233bacfbffcd9e57ed961730977f023aa4fecf60fed4fdb933ed11b42233b,2025-07-15~HA~69~12954~12173~0745,2025-07-15,N220HA,ineligible,2,8,4
2025-07-15~N226HA,sha256:3aace3d63928ffab9dcfaeec83067dfafa26b0469c8f80f77d921124c7347bd3,2025-07-15~HA~628~12173~14679~0800,2025-07-15,N226HA,ineligible,1,1,1
2025-07-15~N227HA,sha256:6854fb6811aa82b6cba86bdf33ebacc4f223c867cd90a0dd886495cbb9364bae,2025-07-15~HA~47~13796~12173~0850,2025-07-15,N227HA,ineligible,1,60,60
2025-07-15~N228HA,sha256:b39046db01746e3844455bc2146aaceee9c35a078025e07a04ce7d43522d39bc,2025-07-15~HA~63~12892~12982~0930,2025-07-15,N228HA,ineligible,2,11,-7
2025-07-15~N230HA,sha256:83e83684383a862a655148eb2e15e7480da056eee151b36d774577c84b6a4126,2025-07-15~HA~41~14771~13830~0730,2025-07-15,N230HA,ineligible,2,1,0
2025-07-15~N360HA,sha256:e104995a4a7c793ec8619fce1a15416ddb4baf9f5b4e2c91809b6de772a5fe56,2025-07-15~HA~15~14679~12173~0915,2025-07-15,N360HA,ineligible,2,81,81
2025-07-15~N361HA,sha256:823e485fb8b7cf12def276fc39f8a18f550ecfa71d6237d18819b613ab034569,2025-07-15~HA~681~14747~10299~1145,2025-07-15,N361HA,ineligible,2,46,46
2025-07-15~N370HA,sha256:ef92d440b0ab5f8cf2769fec7ba71ead8301ccad81a28a48607ab41865baee64,2025-07-15~HA~29~14747~13830~1030,2025-07-15,N370HA,ineligible,2,2,0
2025-07-15~N374HA,sha256:e2ffa8c65bcd63ce6856a956d1ac7f788f3bf8361463a31820da038658033f3f,2025-07-15~HA~16~12173~14679~1255,2025-07-15,N374HA,ineligible,1,-2,-2
2025-07-15~N375HA,sha256:013e264f9184a61b468701be18ca84d2cc83bcfd27b47c7428eb1badbd26d3a8,2025-07-15~HA~10~12173~12892~0740,2025-07-15,N375HA,other,3,57,43
2025-07-15~N379HA,sha256:d232775557673ca043bdf8c4c9263d24d45c32abb1feba6ddb63ebdee914f814,2025-07-15~HA~698~10299~14747~0250,2025-07-15,N379HA,other,4,27,12
2025-07-15~N380HA,sha256:7d4bcd6885b7412cc4b9ac10a183a2204337c15180470922c33fd961a157157a,2025-07-15~HA~11~14771~12173~0935,2025-07-15,N380HA,ineligible,1,23,23
2025-07-15~N381HA,sha256:5a315d3ae50292301c7b2e8cd22895e97af352806e3adc05ea24df73d2fd3afa,2025-07-15~HA~1005~12889~12173~1045,2025-07-15,N381HA,ineligible,1,34,34
2025-07-15~N382HA,sha256:815ebd1d1ac91c7e7255961c47d9ce8062ad4a8ee336298eb2fd8d89955f7642,2025-07-15~HA~21~14747~12173~0815,2025-07-15,N382HA,ineligible,1,16,16
2025-07-15~N384HA,sha256:6d3dfa4e1539d33abe11c916f08d0e62bca1ff935b50f42856d7ce64694d0ea0,2025-07-15~HA~33~12892~13830~0700,2025-07-15,N384HA,near,3,13,13
2025-07-15~N385HA,sha256:2a7e0f0d076e4ecd13d95cb82602148bd3a57c404163b3cfb0b4f54844b3b5e7,2025-07-15~HA~18~12173~12889~1405,2025-07-15,N385HA,ineligible,1,6,6
2025-07-15~N386HA,sha256:03f3c3b7ba41bbf257bc6c7752e4ade117ce428ac3f3180bf38f0fa9245e319d,2025-07-15~HA~35~14107~12173~0805,2025-07-15,N386HA,ineligible,2,94,94
2025-07-15~N388HA,sha256:6553a4f15a7736a14f619368c6546eb42ccd0aa1d619b531eca16304f241a725,2025-07-15~HA~19~14893~12173~0940,2025-07-15,N388HA,ineligible,1,-3,-3
2025-07-15~N389HA,sha256:6a0f29b4663c04182c56860158b2c50641311009aaff87e01e8ac907341b035f,2025-07-15~HA~89~10721~12173~0800,2025-07-15,N389HA,ineligible,1,10,10
2025-07-15~N390HA,sha256:f60a9e81f85f047863f01076d55e7c17d0725ed554f6e98b531cfb1b8b4678ec,2025-07-15~HA~12~12173~14771~1330,2025-07-15,N390HA,ineligible,1,8,8
2025-07-15~N391HA,sha256:a3905630dabf7f63f53789d91919990fcb3ebada0707a367da87f969614f5da0,2025-07-15~HA~633~14747~12173~1555,2025-07-15,N391HA,ineligible,2,8,3
2025-07-15~N392HA,sha256:461ce3e0607bcc1a34ba18ce06563d6056d8508d167268840b23f59ee0eb38a8,2025-07-15~HA~17~12889~12173~0150,2025-07-15,N392HA,other,4,35,-5
2025-07-15~N393HA,sha256:24d3c7d0e4578d6e85de3e304be8cfc51178ff99712161096c7ba88cd41d7172,2025-07-15~HA~7~12889~12173~0750,2025-07-15,N393HA,ineligible,2,90,90
2025-07-15~N399HA,sha256:42a53e5bc60cff26260656fb0cc217afd4cebabbe7caa80a6575fdbd3671b179,2025-07-15~HA~36~12173~14107~1105,2025-07-15,N399HA,ineligible,1,4,4
2025-07-15~N475HA,sha256:4045489b6037d8378355d2c6efe95e39588c2632bbd35f3faa4126a24360a712,2025-07-15~HA~122~12173~12402~0605,2025-07-15,N475HA,other,10,34,2
2025-07-15~N476HA,sha256:bba24ebada0994cc79c05199f24d328e19b5057bbf630b616c5db23c7a51c3e2,2025-07-15~HA~225~13830~12173~1140,2025-07-15,N476HA,near,7,3,2
2025-07-15~N477HA,sha256:61a70f1e124f395307a79fa1285be6effbe815a3a932f838c33acd8b44f79585,2025-07-15~HA~116~12173~13830~0536,2025-07-15,N477HA,other,12,17,-7
2025-07-15~N478HA,sha256:32ca9d1175ed8e6789bc9c8d098222bf615b36fc2292af605871b4c0f2fffb1d,2025-07-15~HA~105~13830~12173~0600,2025-07-15,N478HA,other,7,18,1
2025-07-15~N479HA,sha256:a3b2a3d4bcdd9452a11c4954711bb79d9e87fd5b9b3c5dc522026d47f21f7f27,2025-07-15~HA~118~12173~12758~0540,2025-07-15,N479HA,near,9,1,-4
2025-07-15~N480HA,sha256:9a8d34942933c5d61ca07a302b75bf441e1fafaef78c3d14440146c7f73f847e,2025-07-15~HA~139~12758~13830~0810,2025-07-15,N480HA,persisted,8,86,80
2025-07-15~N483HA,sha256:8bb1f5b3fafb42a2352a0f7c01ed44173031c34f743df9c836cbbbd09dd21961,2025-07-15~HA~104~12982~12173~0600,2025-07-15,N483HA,near,8,3,-6
2025-07-15~N484HA,sha256:8b9b26390171015e36b4f500fa9a487bfc9aa2e54036c8899ed22ccadee8f62b,2025-07-15~HA~218~12173~12758~1005,2025-07-15,N484HA,near,5,2,-4
2025-07-15~N485HA,sha256:bf5baa611ea6cd02d615866722ad4407336b008a50f51ed0472176a53920a4a3,2025-07-15~HA~140~12982~13830~0909,2025-07-15,N485HA,other,7,30,-1
2025-07-15~N486HA,sha256:041d2d63c0dd600d8d8c4abb381611b6585a86c9a7d6654b77104edd0bb2ce63,2025-07-15~HA~138~12173~12758~0630,2025-07-15,N486HA,other,10,20,17
2025-07-15~N489HA,sha256:c8ccefe2301232a030577032bc21483214b2289204660e54b5063979b4635d41,2025-07-15~HA~107~12758~12173~0600,2025-07-15,N489HA,other,10,28,28
2025-07-15~N490HA,sha256:96b262cf6bdf0ac41c7eadb34bf47d2f2002cb4053316e42ed80bbaf0b6a88d4,2025-07-15~HA~113~12173~12982~0536,2025-07-15,N490HA,near,9,12,1
2025-07-15~N492HA,sha256:31ad93d3e439cea9db9dc54cae8158d97e1da24be25c18e9f1dd03486e519ddd,2025-07-15~HA~126~12173~13830~0615,2025-07-15,N492HA,near,11,11,-5
2025-07-15~N493HA,sha256:5a342c7377283eabb46cf8db81667d5696ad907963abcf3bce9e2f2b07cc7728,2025-07-15~HA~133~12173~12982~0620,2025-07-15,N493HA,other,11,43,-3
2025-07-15~N494HA,sha256:34c5690da9d21cf25ee4988715a9753a07542972db5afcced1cc177b2e6e5faf,2025-07-15~HA~101~12402~12173~0600,2025-07-15,N494HA,near,11,2,-10
2025-07-15~N495HA,sha256:21b37910cbb33ad5403e09e18b15481c40a8ef1468ca2325bcf2fa84df9e0930,2025-07-15~HA~146~12173~13830~0700,2025-07-15,N495HA,other,11,41,1
2025-07-15~N780HA,sha256:7a715936d8dff8415e9f0b707b6937428706b0c7c60c7e10c77dc1256cf6fcd1,2025-07-15~HA~51~12478~12173~0905,2025-07-15,N780HA,ineligible,2,12,1
2025-07-15~N781HA,sha256:fd304f95a4bb9aa3d558fcaa6b36d9d1fc600556e5e05d6fa66dc35c147c9253,2025-07-15~HA~1~12892~12173~0830,2025-07-15,N781HA,ineligible,2,39,-1
2025-07-15~N783HA,sha256:4b6525ad6d51fbecd6fef8b7422972701db6ab598a8b089f23f3596698108abb,2025-07-15~HA~3~12892~12173~1010,2025-07-15,N783HA,ineligible,2,43,43
2025-07-16~N202HA,sha256:d13c810e7845b1bd042f2cefa26262eed662e9b208fe7ce1466a465bc55d9539,2025-07-16~HA~71~12954~13830~0845,2025-07-16,N202HA,ineligible,2,-7,-9
2025-07-16~N204HA,sha256:501db0e8323dcd9c7a293ee5e6d1ab7f215be1165efef8d9e1a54c9de19591ca,2025-07-16~HA~628~12173~14679~0800,2025-07-16,N204HA,ineligible,1,-4,-4
2025-07-16~N205HA,sha256:1109137f46b3252abb28ee9466655760d34a2b8995592241b6e4e42cab5670cc,2025-07-16~HA~59~14893~13830~0830,2025-07-16,N205HA,ineligible,2,-3,-3
2025-07-16~N208HA,sha256:0b05b3d6e1b52cffe0f522e02a27ead4b7ce1d8ce4411464d10615ba13e36de6,2025-07-16~HA~73~14893~12758~0700,2025-07-16,N208HA,ineligible,2,51,32
2025-07-16~N209HA,sha256:0984945712221b9bba55b732fa22ecbc16e267b974b3c686615bfe7e7f06f734,2025-07-16~HA~683~14057~12173~1055,2025-07-16,N209HA,ineligible,2,6,3
2025-07-16~N212HA,sha256:61c329721d7d49ef559a5c09aa770a270b929be11f501c2386add5ae02e58b84,2025-07-16~HA~63~12892~12982~0930,2025-07-16,N212HA,ineligible,2,-4,-4
2025-07-16~N213HA,sha256:5ae9bfeaf0d052f927d6e9bc4fbdf3ce06e69c47080e178d89fe16398ee8df80,2025-07-16~HA~96~12173~14869~1905,2025-07-16,N213HA,ineligible,1,6,6
2025-07-16~N214HA,sha256:a78d9c7288e60b5ce557ed174c2de78c3977623984e8b9f9e5d3af59bd534c4f,2025-07-16~HA~667~13796~12982~0715,2025-07-16,N214HA,ineligible,2,4,4
2025-07-16~N215HA,sha256:e02a4d7770c9d1115d37baad1c23bd10031ec638428595d15b0fa9d10cdb32ca,2025-07-16~HA~653~14831~13830~0700,2025-07-16,N215HA,ineligible,2,-2,-2
2025-07-16~N216HA,sha256:df3bfc16b302c18dd20b100c2e2e0a7173d4369cd444f61a1ba99820ec59d5c4,2025-07-16~HA~95~14869~12173~0700,2025-07-16,N216HA,ineligible,2,11,11
2025-07-16~N217HA,sha256:39c187c33d1f6e7530f67e3a09dcdf27ab30364869decb5f02c4c593f37b5c24,2025-07-16~HA~69~12954~12173~0745,2025-07-16,N217HA,ineligible,2,-4,-4
2025-07-16~N218HA,sha256:b1be196b3e94410f468fb29ca3f35335d5c548bc74cbea27242cc25a2b691645,2025-07-16~HA~41~14771~13830~0730,2025-07-16,N218HA,ineligible,2,-1,-1
2025-07-16~N220HA,sha256:1db1b488942ae4171a466b31ec36968fe0c2d11eb9cc8f352848c1d7f23c12b4,2025-07-16~HA~49~14057~12173~0730,2025-07-16,N220HA,ineligible,2,21,17
2025-07-16~N226HA,sha256:44c72244fe0682131fbf168946541525589fd1d048d819721e18e5d72733f78b,2025-07-16~HA~611~14679~12173~1230,2025-07-16,N226HA,ineligible,1,-3,-3
2025-07-16~N227HA,sha256:bbf266bfeee52aed0ad07e119d8b93c86efe137a8b2432616ef109539802d61e,2025-07-16~HA~26~12173~14057~0750,2025-07-16,N227HA,ineligible,2,22,22
2025-07-16~N228HA,sha256:04736da192f963907c689cac062983897025f0f8764a2eb695b6da6428745c8d,2025-07-16~HA~47~13796~12173~0850,2025-07-16,N228HA,ineligible,2,17,17
2025-07-16~N230HA,sha256:2034a1f04616ff422d0d2c26dc15686178896edeb3e2e6694e19b76e5700ca3e,2025-07-16~HA~91~14831~12173~0700,2025-07-16,N230HA,other,3,18,18
2025-07-16~N360HA,sha256:4d3458c0c20b1b39dfc8f33e2640b611f416e53b3fd5754d62fe2aa11308b911,2025-07-16~HA~29~14747~13830~1030,2025-07-16,N360HA,ineligible,2,-1,-1
2025-07-16~N370HA,sha256:3fe9e5b5fe4fbe3c516482f45a6a99d12c693229d9270cc5f387ccd090feb028,2025-07-16~HA~17~12889~12173~0150,2025-07-16,N370HA,other,3,23,0
2025-07-16~N373HA,sha256:dca705d9cdc522b3d83be532a32f4c10cfe99dcf6c754f0715589d2c004d37a0,2025-07-16~HA~16~12173~14679~1255,2025-07-16,N373HA,ineligible,1,14,14
2025-07-16~N374HA,sha256:2ec846b171316518a90cde6038c3a54c4d25978e6b7b9663532ac870f178cdfc,2025-07-16~HA~15~14679~12173~0915,2025-07-16,N374HA,ineligible,2,0,0
2025-07-16~N375HA,sha256:d6e2fc14920d9aeea4cf71e00fa591086be39ff0621001a32d6204b745a9cf37,2025-07-16~HA~31~12889~13830~0850,2025-07-16,N375HA,ineligible,2,49,35
2025-07-16~N379HA,sha256:3638bdbd541ecf056a98df52494063ac52714d90078a460c37b250f0c5614669,2025-07-16~HA~10~12173~12892~0740,2025-07-16,N379HA,ineligible,2,20,-1
2025-07-16~N380HA,sha256:ce4c08de0bff164884f18102d3a6b059eb16a2aa6af8ac64a61db50288b93121,2025-07-16~HA~20~12173~14893~1330,2025-07-16,N380HA,ineligible,1,7,7
2025-07-16~N381HA,sha256:cfcd7ebc305e8e8f38ad48b680d0a8dd7aa2fc7ef3c2d83fc2c1f6689760d3a2,2025-07-16~HA~28~12173~14747~2355,2025-07-16,N381HA,ineligible,1,-4,-4
2025-07-16~N382HA,sha256:b4ffa6bec4cb66924e75341425e1aee3381f14693723f904fbe4ef0ef93b2922,2025-07-16~HA~36~12173~14107~1105,2025-07-16,N382HA,ineligible,1,26,26
2025-07-16~N383HA,sha256:bc28d7be48b7281dd5fc368b3f3f1ed8f25d926796cbab5bf8e53f374d3bd04b,2025-07-16~HA~633~14747~12173~1555,2025-07-16,N383HA,ineligible,1,24,24
2025-07-16~N384HA,sha256:e6e736b5f337091a969d85c1b13aba7c339fbfbb3216bec4d8d0dc4e09aedbb0,2025-07-16~HA~698~10299~14747~0250,2025-07-16,N384HA,ineligible,2,15,10
2025-07-16~N385HA,sha256:0d29b805983f02f012ca6ec473fcfd0f2dbe09820fc5ca7eb885603e3e715976,2025-07-16~HA~7~12889~12173~0750,2025-07-16,N385HA,ineligible,1,8,8
2025-07-16~N386HA,sha256:77ff7997f5d4a374bceb005d3ed0c7d95e7c3c06bf56e22c7787cf6866ebc6a2,2025-07-16~HA~19~14893~12173~0940,2025-07-16,N386HA,ineligible,1,86,86
2025-07-16~N388HA,sha256:6d17b63b97c7a2e9e777c4376b118ba80317027a50dab9d59ea20093df22cb49,2025-07-16~HA~90~12173~10721~1415,2025-07-16,N388HA,ineligible,1,3,3
2025-07-16~N389HA,sha256:4f3e1dd7d15b78cccf8ae3bcf04ae1cebd1448f4deb61cb39b49485c58e59025,2025-07-16~HA~8~12173~12889~2210,2025-07-16,N389HA,ineligible,1,-5,-5
2025-07-16~N390HA,sha256:fec9fd00b5eac158c710a828f205b84753e7bb06c3111f262622012cc2175687,2025-07-16~HA~11~14771~12173~0935,2025-07-16,N390HA,ineligible,1,4,4
2025-07-16~N391HA,sha256:38020d15a2e54defd32768d2682c8f4fc601ad7d297590974e46102f54f7ce6d,2025-07-16~HA~21~14747~12173~0815,2025-07-16,N391HA,ineligible,2,4,4
2025-07-16~N392HA,sha256:8404e5bf2bca6633664bd37279f97c0de6fd5683a0769857a49def3070883d76,2025-07-16~HA~681~14747~10299~1145,2025-07-16,N392HA,ineligible,2,-2,-2
2025-07-16~N393HA,sha256:5a52b202fd9514e8201f5c91e27ab3d02debaa93c44be54b4e450ae0dd9ea916,2025-07-16~HA~33~12892~13830~0700,2025-07-16,N393HA,other,3,16,16
2025-07-16~N396HA,sha256:c047bb8cf46b2e2bf986174683fa7f5bdf0cc8af478cb9db8759446aa55aa3d6,2025-07-16~HA~1031~12889~13830~0700,2025-07-16,N396HA,ineligible,2,41,41
2025-07-16~N399HA,sha256:3e0518c7edf658e81db59a3377a3fa00f455de67c67d6b45ecb29092e33380b5,2025-07-16~HA~35~14107~12173~0805,2025-07-16,N399HA,ineligible,2,-5,-5
2025-07-16~N475HA,sha256:f4aa238df8c4aba919558b2b936eb6df7dc0e8afa8f861ce698837da4a3f7817,2025-07-16~HA~116~12173~13830~0536,2025-07-16,N475HA,near,11,14,14
2025-07-16~N476HA,sha256:cb3398d101ff5a22fa648a8809248f1c613dea7ea8c1079744bb2eb780ac7b6c,2025-07-16~HA~113~12173~12982~0536,2025-07-16,N476HA,near,9,-3,-6
2025-07-16~N477HA,sha256:6d96a3c558e4d8dc2b7581cff8ead8eb1b9fdb8cd8a1b8015503c3bda13d36bc,2025-07-16~HA~107~12758~12173~0600,2025-07-16,N477HA,other,9,29,12
2025-07-16~N478HA,sha256:a0539357c67dc7340ced5c0b10ffc2ee7fb3f4415dc75e5a77b746a9b40a1f94,2025-07-16~HA~133~12173~12982~0620,2025-07-16,N478HA,near,10,4,-7
2025-07-16~N479HA,sha256:0796ffd3262277985bf24dffa559e558f3a8dca41711c64b614e07d21c8877d8,2025-07-16~HA~225~13830~12173~1140,2025-07-16,N479HA,other,7,23,23
2025-07-16~N480HA,sha256:30df55805beb0bb4f3048513601726b2de7dd5c8aaddfbdd9cdaba8d6c6f064d,2025-07-16~HA~122~12173~12402~0605,2025-07-16,N480HA,near,8,3,-4
2025-07-16~N483HA,sha256:55d1d4dcaf078453c7f5e833ad4d841650b5ffe372a11671cfdf31fcb493a94e,2025-07-16~HA~126~12173~13830~0615,2025-07-16,N483HA,other,11,29,-4
2025-07-16~N485HA,sha256:72e8fe359fa7e51d9bd833c5e4fa248189b28cf1e67bfa16bb8e774df4795289,2025-07-16~HA~140~12982~13830~0909,2025-07-16,N485HA,near,9,2,-4
2025-07-16~N486HA,sha256:c83025e7a1be1212060d02c67f78b5715619c55aa794ff8563223e8e09ab49a2,2025-07-16~HA~138~12173~12758~0630,2025-07-16,N486HA,near,8,13,5
2025-07-16~N489HA,sha256:18ea786b9ce283d00b3d3f3970be146d88c87e53635abe0cd66311f1d9c06cc5,2025-07-16~HA~105~13830~12173~0600,2025-07-16,N489HA,near,11,-3,-4
2025-07-16~N490HA,sha256:412d59f88f03fb7371951fc1c9b20288d25247b28d0f9efd38070fd2daa4d459,2025-07-16~HA~139~12758~13830~0810,2025-07-16,N490HA,other,9,38,-6
2025-07-16~N491HA,sha256:1319226f5c7dde54e2ec665dce733d0c1b5ab3df912add5bd3408b031e875daa,2025-07-16~HA~376~12173~13830~1606,2025-07-16,N491HA,other,4,36,36
2025-07-16~N492HA,sha256:1b888966e66c385e152b40e864fe03c1734bff2b9d97b969823c1e10ac22cb6e,2025-07-16~HA~101~12402~12173~0600,2025-07-16,N492HA,near,11,3,-8
2025-07-16~N493HA,sha256:968e26795d1273b05eb06937835556d5f385c34be7320e726aed9169cead8bce,2025-07-16~HA~104~12982~12173~0600,2025-07-16,N493HA,near,11,2,-11
2025-07-16~N494HA,sha256:e17552d89a40a055df21480111b6c298beb1e9308027cbb58ba05731f0b54bf0,2025-07-16~HA~118~12173~12758~0540,2025-07-16,N494HA,near,9,8,-5
2025-07-16~N495HA,sha256:8a5736a695cfe5dbf2a413343dc1ac0ecb6b3e14704d139950c782a9200dd363,2025-07-16~HA~146~12173~13830~0700,2025-07-16,N495HA,near,9,3,-7
2025-07-16~N780HA,sha256:e4d7d9331e711e800728419260969315d35eba01051986e0eef430375fb0151f,2025-07-16~HA~1~12892~12173~0830,2025-07-16,N780HA,ineligible,2,-2,-2
2025-07-16~N781HA,sha256:e62d96aacacb7b3614e5005beb54fd5ee2d0318956f4d5611318cd61c3e6f9b8,2025-07-16~HA~3~12892~12173~1010,2025-07-16,N781HA,ineligible,2,-5,-5
2025-07-16~N783HA,sha256:614e307c1dbf68640a07daaca35c6ff68f6d791ccff40c6af98893fecefa2154,2025-07-16~HA~51~12478~12173~0905,2025-07-16,N783HA,ineligible,2,17,-8
2025-07-17~N202HA,sha256:ac0c99faa06e59a15066cf974392ac025cf7a2c568e64f37389a8fea9c613b2a,2025-07-17~HA~59~14893~13830~0830,2025-07-17,N202HA,ineligible,2,-5,-5
2025-07-17~N204HA,sha256:5c3477eb1c2ac4c564dff7954a8503e0f62b6b7422971a3955d8f125b643e48a,2025-07-17~HA~611~14679~12173~1230,2025-07-17,N204HA,ineligible,2,53,1
2025-07-17~N205HA,sha256:bd8f68bc530bce1009845c197d48e6f3c8efa8c7b7ff4462d9197e81f1e5a4c0,2025-07-17~HA~69~12954~12173~0745,2025-07-17,N205HA,other,3,23,23
2025-07-17~N208HA,sha256:25af19f7653b6feac6a6388270b85ff8fb58ae96b0907c29080531d93fc88546,2025-07-17~HA~65~14893~12982~0700,2025-07-17,N208HA,ineligible,2,-9,-12
2025-07-17~N209HA,sha256:4f0d3ddbbbb1687d840fcb715e9498e20052db4680f32b3290bbf028f2e9298b,2025-07-17~HA~683~14057~12173~1055,2025-07-17,N209HA,ineligible,2,34,34
2025-07-17~N212HA,sha256:15dbd63d10d35268a9dfa500524194f7046fcc23268b0532a3faa4dfd89ae5b3,2025-07-17~HA~47~13796~12173~0850,2025-07-17,N212HA,ineligible,2,32,32
2025-07-17~N213HA,sha256:4425402deb85c6185d0432ab7c3bd4b6dadb4a63e199f0eaa26cd064dd156dd8,2025-07-17~HA~95~14869~12173~0700,2025-07-17,N213HA,ineligible,2,13,12
2025-07-17~N214HA,sha256:36baca0324e00b1070827ef11ba74828ebdef15c51d0892733aa76f95b85cffe,2025-07-17~HA~63~12892~12982~0930,2025-07-17,N214HA,ineligible,2,3,3
2025-07-17~N215HA,sha256:999e4446310355cac4f2167849dfe14424d4311f426895d1ad376946a878700f,2025-07-17~HA~41~14771~13830~0730,2025-07-17,N215HA,ineligible,2,16,16
2025-07-17~N216HA,sha256:0e8e7279a1f01bdfac29e28fff05b0ee102df70a6e98bd15baba834e3df4b0fc,2025-07-17~HA~667~13796~12982~0715,2025-07-17,N216HA,other,3,19,19
2025-07-17~N217HA,sha256:9bd1cb3433e4d954c12764a9b2767daa180b4ab57ec83c011f75e7a33520880f,2025-07-17~HA~653~14831~13830~0700,2025-07-17,N217HA,other,4,22,22
2025-07-17~N218HA,sha256:60030d2d2a09f9114024d69a2711f0fa21378e2a435fdc4f5bc696fa49d9beb3,2025-07-17~HA~91~14831~12173~0700,2025-07-17,N218HA,ineligible,2,18,18
2025-07-17~N220HA,sha256:a569c04138bbad8eca5e8019bcd9a679f5152ea9e412ce9799993ca7ce0c95d3,2025-07-17~HA~71~12954~13830~0845,2025-07-17,N220HA,ineligible,2,3,3
2025-07-17~N226HA,sha256:0bf391c8823ec2e5e4ff677f1e236b095b09e161799499b269d5a5806c4b11c1,2025-07-17~HA~628~12173~14679~0800,2025-07-17,N226HA,other,3,30,5
2025-07-17~N227HA,sha256:db8bb67e5ce3ae6a6b5b76385dc90ad57c07a9f861dea145f55fcd92e14ebe15,2025-07-17~HA~670~12173~14747~1040,2025-07-17,N227HA,ineligible,2,13,13
2025-07-17~N228HA,sha256:3007aa1b9d86b7196c5a3b349f7f14e84973b039952a6141482017ca5bcaca3c,2025-07-17~HA~49~14057~12173~0730,2025-07-17,N228HA,ineligible,2,5,4
2025-07-17~N230HA,sha256:e0978336f27662162a6e4b92d1249260a2d9ad9cb8d8827931c4b3b2735b8a25,2025-07-17~HA~26~12173~14057~0750,2025-07-17,N230HA,other,3,57,57
2025-07-17~N360HA,sha256:de59c03a932b68f48fd38db8a2acb465d36bdf7423e1a91fd027769c4e98cda5,2025-07-17~HA~17~12889~12173~0150,2025-07-17,N360HA,other,3,18,11
2025-07-17~N361HA,sha256:c4156c21d437e854368a3c83c1a5b763bc24a69b98032aec59f86d63ad9d92b6,2025-07-17~HA~633~14747~12173~1555,2025-07-17,N361HA,ineligible,2,3,-1
2025-07-17~N370HA,sha256:db4c42ab5a9ac9d4c9ec78c20173cc99ff2a5d487cde5580cabae5291e31e6ed,2025-07-17~HA~12~12173~14771~1330,2025-07-17,N370HA,ineligible,1,32,32
2025-07-17~N373HA,sha256:9d8b0d07686144ecc246e354d1a2f1b491d83b875cc85b863fa5ff58f2a61892,2025-07-17~HA~15~14679~12173~0915,2025-07-17,N373HA,ineligible,1,-8,-8
2025-07-17~N374HA,sha256:0c1735ac3920c7ec034317bf2a3a82c14f6b29befb018ef6a5750d7e5713462a,2025-07-17~HA~21~14747~12173~0815,2025-07-17,N374HA,ineligible,1,-1,-1
2025-07-17~N375HA,sha256:cafd6b66a9e49e93111d327f583376178b980b45b3fb307314ef6389124da690,2025-07-17~HA~33~12892~13830~0700,2025-07-17,N375HA,other,3,32,17
2025-07-17~N380HA,sha256:a38de31830251f1c9a4c9b5193163bd902f618ffbae0a66e502fa9836d6d4b65,2025-07-17~HA~19~14893~12173~0940,2025-07-17,N380HA,ineligible,1,-1,-1
2025-07-17~N381HA,sha256:422ebe01dc3f365e09769f9259f9aa5724a36a54cc427346394f8059657ea724,2025-07-17~HA~27~14747~12173~1125,2025-07-17,N381HA,ineligible,1,18,18
2025-07-17~N382HA,sha256:e609b4c998584b9394d15838df55f021c225fcd1dabc5254642068ebdd9ce6e8,2025-07-17~HA~35~14107~12173~0805,2025-07-17,N382HA,ineligible,2,19,19
2025-07-17~N383HA,sha256:a3f2523a20a18156ef9a105f8d1d0ada5a312d2e901e45007220e15af26b3dee,2025-07-17~HA~10~12173~12892~0740,2025-07-17,N383HA,near,3,11,11
2025-07-17~N384HA,sha256:05eefe1f2f9693eb58e913fa9f68aeb3cb6b451a5d437442b2986a0f56f90f69,2025-07-17~HA~22~12173~14747~1300,2025-07-17,N384HA,ineligible,1,27,27
2025-07-17~N385HA,sha256:17c8cfb1de8d4c223533105b579a0f5c2233b2ac199e4468ffa8946b9407a36a,2025-07-17~HA~18~12173~12889~1405,2025-07-17,N385HA,ineligible,1,34,34
2025-07-17~N386HA,sha256:ac7d9fe1aa8715986e6c2c88e1d7212b5faf24cb9472c6770f3c314e3b04f2d6,2025-07-17~HA~90~12173~10721~1415,2025-07-17,N386HA,ineligible,1,94,94
2025-07-17~N388HA,sha256:beb67479e65831123afceaaf15875f5e08269740a2afb4f6351144a35905819b,2025-07-17~HA~89~10721~12173~0800,2025-07-17,N388HA,other,3,20,20
2025-07-17~N389HA,sha256:476691aed37afbd835ab6459ac477cb7f3538a4d6f8b4e6a8896b111966489a3,2025-07-17~HA~31~12889~13830~0850,2025-07-17,N389HA,ineligible,2,26,26
2025-07-17~N390HA,sha256:df1eb34b68ba63939379697e370aeb9eb6e295c112902cf2086499dd131d2de9,2025-07-17~HA~36~12173~14107~1105,2025-07-17,N390HA,ineligible,1,13,13
2025-07-17~N391HA,sha256:20a32ca5ada30434ffa9bd03c92bce2c3471cd9ba6733e62f8c16a5d07dea994,2025-07-17~HA~29~14747~13830~1030,2025-07-17,N391HA,ineligible,2,8,8
2025-07-17~N393HA,sha256:0d341f6a568f96d71a5e196ba7aadb8f7493e5a8bf748995ce28a26db893daab,2025-07-17~HA~698~10299~14747~0250,2025-07-17,N393HA,persisted,3,150,147
2025-07-17~N396HA,sha256:9b1251208fe2a94f36ab9dab369e22af6493c3712cf7387a9b5fbab5f20af286,2025-07-17~HA~11~14771~12173~0935,2025-07-17,N396HA,ineligible,2,40,-4
2025-07-17~N399HA,sha256:a627eef642a2b4b1f2ffedaeee0bac1e473be613c48a2443290ecc967729fdb5,2025-07-17~HA~7~12889~12173~0750,2025-07-17,N399HA,ineligible,2,23,11
2025-07-17~N475HA,sha256:d7e64a6bd734af675cbef5682e294a1595b849ce25cfdc82576e0f04625fd63a,2025-07-17~HA~107~12758~12173~0600,2025-07-17,N475HA,other,10,28,12
2025-07-17~N476HA,sha256:eace3a5e491b9bc3e0c5a1382f4d0063503fb1acc1abf7ed3560c518378f0593,2025-07-17~HA~225~13830~12173~1140,2025-07-17,N476HA,other,5,36,16
2025-07-17~N477HA,sha256:44aed6a4772c1f2de05bf2a76182c91f4ee55bb93a0a3e7a60ae9dc44559f9d6,2025-07-17~HA~113~12173~12982~0536,2025-07-17,N477HA,other,12,46,-7
2025-07-17~N478HA,sha256:7a41c43a9bda9b45f365c2080bbad9f0f37ceb8eaf0151896eb908acc57b25e9,2025-07-17~HA~118~12173~12758~0540,2025-07-17,N478HA,near,9,11,-5
2025-07-17~N480HA,sha256:66b978b82c580a42c6ee1c4d6a385485296536b96a77eedc00c32ba2cab51a5d,2025-07-17~HA~140~12982~13830~0909,2025-07-17,N480HA,other,9,37,27
2025-07-17~N483HA,sha256:9abc318bb53eeff67e65f3fc03a85bf5d3dcb478e9d0b3ca4e6735589c8629c7,2025-07-17~HA~101~12402~12173~0600,2025-07-17,N483HA,other,10,29,29
2025-07-17~N485HA,sha256:41371badebab2e52b1fcc5d97017e465dc653ecb0db81b8fb7bb280054b10bdf,2025-07-17~HA~122~12173~12402~0605,2025-07-17,N485HA,other,11,54,11
2025-07-17~N486HA,sha256:09cf0a1d57f8ca3a2952312ffc12fd02b03a2ed4a2502f451bd0c9387c4fb448,2025-07-17~HA~126~12173~13830~0615,2025-07-17,N486HA,other,4,43,43
2025-07-17~N487HA,sha256:bc4e77cbde870b530c73804ea50d25d7c025819e6728621cbe343fe76c9162de,2025-07-17~HA~386~12173~13830~1640,2025-07-17,N487HA,persisted,4,91,89
2025-07-17~N489HA,sha256:59e6c8f4c637580711a7a7eb305c2b2df36807e4a103013dcacb4bcb45a65351,2025-07-17~HA~104~12982~12173~0600,2025-07-17,N489HA,ineligible,10,125,67
2025-07-17~N490HA,sha256:96fce51e4417ebac201fae7926ee71e469e8b637ff9bceb3bad3ed107bfad06d,2025-07-17~HA~105~13830~12173~0600,2025-07-17,N490HA,other,13,28,10
2025-07-17~N491HA,sha256:cdfa8b1ed9a542da28b36ee6b62bf405527b40eff1baf0102a8c0dd81444039a,2025-07-17~HA~133~12173~12982~0620,2025-07-17,N491HA,other,11,26,-3
2025-07-17~N492HA,sha256:f6797c840eddd47eeac9ecfd15b934040cdccfeb33685b87dd6ea796ee642b26,2025-07-17~HA~116~12173~13830~0536,2025-07-17,N492HA,other,11,59,21
2025-07-17~N493HA,sha256:b753f0e4b593ad929ad572a51d541d07f2e51345459bb4c43447e9cdeab36a9d,2025-07-17~HA~138~12173~12758~0630,2025-07-17,N493HA,other,11,55,23
2025-07-17~N494HA,sha256:d5b4eac41e6de292efa2543d27d0a1de24c9492832e9138b41982d3e6bf2f953,2025-07-17~HA~147~12758~12173~0800,2025-07-17,N494HA,ineligible,11,94,94
2025-07-17~N495HA,sha256:d022d2219b4b8ea475d382acb7ce7b2ba463876f804bb22d5c8f3e006bb6155b,2025-07-17~HA~146~12173~13830~0700,2025-07-17,N495HA,other,11,30,13
2025-07-17~N780HA,sha256:2d5469d10f93ba6f1b36f960b323d72cbce38299b0f2eb7da351736cc53698e5,2025-07-17~HA~3~12892~12173~1010,2025-07-17,N780HA,ineligible,2,12,12
2025-07-17~N781HA,sha256:e83eb4410da25c1290ce165f5e0f8d77cc81f46a1a919953adf84bc5663f01fb,2025-07-17~HA~51~12478~12173~0905,2025-07-17,N781HA,ineligible,2,5,5
2025-07-17~N783HA,sha256:6f2638f2f741e6ffd6270d234168b1770739a96c4b189de40677c1392ff6f24c,2025-07-17~HA~1~12892~12173~0830,2025-07-17,N783HA,ineligible,2,26,16
2025-07-18~N202HA,sha256:c74c78a323117a3e816f1186ba3714937bdff80a54e0cb0b5665cb7f6bb8cb28,2025-07-18~HA~71~12954~13830~0845,2025-07-18,N202HA,ineligible,2,7,7
2025-07-18~N204HA,sha256:c51b7670465b0699cf6a945170165343c247f354ca862e138d367363ddaf258b,2025-07-18~HA~95~14869~12173~0700,2025-07-18,N204HA,ineligible,2,-4,-5
2025-07-18~N205HA,sha256:39a5c73f5cb8f7d7c4b7786855ce14c45aa00ec8b8efb7079df2418d1f467c10,2025-07-18~HA~667~13796~12982~0715,2025-07-18,N205HA,other,3,43,43
2025-07-18~N208HA,sha256:acf5ae0aa65a2bd0ed878a434fde99e8c5239fe28d2867c508245b0277ec8447,2025-07-18~HA~59~14893~13830~0830,2025-07-18,N208HA,ineligible,2,9,9
2025-07-18~N209HA,sha256:7f6657dc9c8c982220f9abe1877bac8a4ac11a8d55dad6a940d0d5fbd60ab0f6,2025-07-18~HA~683~14057~12173~1055,2025-07-18,N209HA,ineligible,2,2,-2
2025-07-18~N212HA,sha256:7ee8f33eb05619c3d207f3e561b64c7b10d79b9ab4edab8d58a54f46126c63be,2025-07-18~HA~49~14057~12173~0730,2025-07-18,N212HA,ineligible,2,12,6
2025-07-18~N213HA,sha256:aa3485426c8073ba1570037c6dac054ba204f1c377551a3e03d44eafc591b233,2025-07-18~HA~653~14831~13830~0700,2025-07-18,N213HA,ineligible,2,53,53
2025-07-18~N214HA,sha256:c127d028b3bde29b830bfb2406c5aef36ee15eefbc4f9780fe92cab9d06b6808,2025-07-18~HA~47~13796~12173~0850,2025-07-18,N214HA,ineligible,1,666,666
2025-07-18~N215HA,sha256:bfc18463ad3f9a8b673165c8283ae50b5384ed6b6c4ee44c3f62527a0c02c738,2025-07-18~HA~91~14831~12173~0700,2025-07-18,N215HA,other,3,22,22
2025-07-18~N216HA,sha256:397b04b8ab0c4db605e185a6a42bc2847bdd36268d87cf25004bae8de1f95f25,2025-07-18~HA~26~12173~14057~0750,2025-07-18,N216HA,other,3,32,32
2025-07-18~N217HA,sha256:acf9581513283725892c06ced2426d6e73d4b19865cde2bfe64851f9b3da0caa,2025-07-18~HA~63~12892~12982~0930,2025-07-18,N217HA,ineligible,2,12,0
2025-07-18~N218HA,sha256:28080925313b973f0822fb316367e670cf3bb820c3cd244a851abbe06003a3b6,2025-07-18~HA~23~13796~13830~0700,2025-07-18,N218HA,near,4,13,4
2025-07-18~N220HA,sha256:3e63925f001e54ed20222a0b7e4f1f1c82f31367a3d719e0ee96e0f539a98cee,2025-07-18~HA~65~14893~12982~0700,2025-07-18,N220HA,ineligible,2,-4,-8
2025-07-18~N226HA,sha256:e4189a75bd2894c134d308e58b6b5dd600e4a8cc18938ad104dafb2634ae7758,2025-07-18~HA~611~14679~12173~1230,2025-07-18,N226HA,ineligible,2,4,-4
2025-07-18~N227HA,sha256:0d793e59253cbbc4897551f732026d05527539379f57813f81e399244f821ff6,2025-07-18~HA~628~12173~14679~0800,2025-07-18,N227HA,other,3,47,26
2025-07-18~N228HA,sha256:fcb14f544d63dca5de39878c0a28ffb0bbc59d01a1060a43faa3cbf22b58c6a4,2025-07-18~HA~69~12954~12173~0745,2025-07-18,N228HA,ineligible,2,7,7
2025-07-18~N230HA,sha256:79341a3e55da91a3092502bbcfce178930e1d2beea231c39a0aa25182f1e2ed8,2025-07-18~HA~41~14771~13830~0730,2025-07-18,N230HA,ineligible,2,37,37
2025-07-18~N360HA,sha256:5e79eb69765b476928a9760a1f2836055b32a20f33ada0df43bc09426e57355d,2025-07-18~HA~6~12173~12889~0810,2025-07-18,N360HA,other,3,55,10
2025-07-18~N361HA,sha256:ec5fae8ff5c20805dc766dc63c71a4e667a4913c3795dbbc2c807f10e2902143,2025-07-18~HA~21~14747~12173~0815,2025-07-18,N361HA,ineligible,1,3,3
2025-07-18~N370HA,sha256:9f0210dccfd3ff1ad4e14d038b7c741770df765a04e012ebfed991fc789f9216,2025-07-18~HA~11~14771~12173~0935,2025-07-18,N370HA,ineligible,1,15,15
2025-07-18~N373HA,sha256:9fe97b9cbc48cee792e624d4d7bfbcf5bbcb1e4336f456d82a653646d70284d7,2025-07-18~HA~22~12173~14747~1300,2025-07-18,N373HA,ineligible,1,18,18
2025-07-18~N374HA,sha256:075d9c873c431da1af66314b5e3a0f20bd6a874550eb7eb1a14317dbf0cc9fcc,2025-07-18~HA~12~12173~14771~1330,2025-07-18,N374HA,ineligible,1,-10,-10
2025-07-18~N375HA,sha256:66264c93627742a0f3b299aa577dcd00d24a352d4f160d56183099a3671db313,2025-07-18~HA~698~10299~14747~0250,2025-07-18,N375HA,ineligible,2,14,5
2025-07-18~N379HA,sha256:aa19b7e91c5965b1cd8f2e750b9f97fa444d357f2e4d2ec9bb66876944c9eea9,2025-07-18~HA~36~12173~14107~1105,2025-07-18,N379HA,ineligible,1,-1,-1
2025-07-18~N380HA,sha256:2d65b3664de67a113de9b82ee6dec51cd74de28c0240e8abf0b128cad97c0bdb,2025-07-18~HA~20~12173~14893~1330,2025-07-18,N380HA,ineligible,1,15,15
2025-07-18~N382HA,sha256:f4f99ea849b826b9dc3d4822cbd4d5e62f5b8b005a00fd6bfb39087f0c3ff4c7,2025-07-18~HA~19~14893~12173~0940,2025-07-18,N382HA,ineligible,1,22,22
2025-07-18~N383HA,sha256:524d86c92e0202d9d577eb2a4e236c643f08df5c30b484602691d06f3ef79afa,2025-07-18~HA~31~12889~13830~0850,2025-07-18,N383HA,ineligible,2,21,21
2025-07-18~N385HA,sha256:a9772af067bba47d38a505ac4eba5877fd4cd8f89b854b32c5c9d0ff7c4ab859,2025-07-18~HA~7~12889~12173~0750,2025-07-18,N385HA,ineligible,2,8,-3
2025-07-18~N386HA,sha256:a510f6c6e6938ab49f1718362377d5398664f139053ea5626b5f41cf74ad4128,2025-07-18~HA~89~10721~12173~0800,2025-07-18,N386HA,ineligible,2,61,13
2025-07-18~N388HA,sha256:a1ec1e386b52e8c2cb64c5f1fda0d9166124a54910056a85589c27485df1d64d,2025-07-18~HA~48~12173~13796~1105,2025-07-18,N388HA,ineligible,1,-4,-4
2025-07-18~N389HA,sha256:29d5302cb931792267bbb963fae13e15b855ee989f3a02eeff7e783cffdb8d63,2025-07-18~HA~33~12892~13830~0700,2025-07-18,N389HA,near,3,8,8
2025-07-18~N390HA,sha256:0cbf55a578781fb5a236489d47d39c0e5110cbf007788f28a3a711cee396c7d8,2025-07-18~HA~35~14107~12173~0805,2025-07-18,N390HA,ineligible,1,-1,-1
2025-07-18~N391HA,sha256:3606b3731fa450beb8041d9ae8778133153234b50124e3eee70926e6206a9466,2025-07-18~HA~17~12889~12173~0150,2025-07-18,N391HA,other,3,16,7
2025-07-18~N392HA,sha256:56f2a1d10c8daea33c319ded3696d9a4b9f42f5106c7cffcb8337c098ae3654b,2025-07-18~HA~633~14747~12173~1555,2025-07-18,N392HA,ineligible,2,12,4
2025-07-18~N393HA,sha256:22a226bafb825fb4b22cc66cd724dc6b43e10ed38262a267d7e04d4c5632622c,2025-07-18~HA~29~14747~13830~1030,2025-07-18,N393HA,ineligible,2,-5,-6
2025-07-18~N396HA,sha256:2e37eaa1c017845d4398e41507975faec0b9db93a5f0c1b757683607226c6656,2025-07-18~HA~681~14747~10299~1145,2025-07-18,N396HA,ineligible,2,25,25
2025-07-18~N399HA,sha256:cb821717d77c1f6d42e48d21c1e5e67129af9fe9e487a666096467817308aa05,2025-07-18~HA~15~14679~12173~0915,2025-07-18,N399HA,ineligible,2,60,42
2025-07-18~N475HA,sha256:89962073727baec4e19efb0a9cc28fc339476c50aa8f25be6c9009d0a4aea30e,2025-07-18~HA~126~12173~13830~0615,2025-07-18,N475HA,near,10,13,2
2025-07-18~N476HA,sha256:ef199ca0a3e4a5fc9d3619d88b43e8ca0a57ab589de2eb021d82d0b2c7ec45ed,2025-07-18~HA~147~12758~12173~0800,2025-07-18,N476HA,near,9,7,2
2025-07-18~N477HA,sha256:5308f4488d497de9a5b069f2a8b7775dcd4450d5ab1782c56778a2d2260bc021,2025-07-18~HA~113~12173~12982~0536,2025-07-18,N477HA,near,12,6,-9
2025-07-18~N478HA,sha256:54b5fe298152b6eface10f22f6e56b58a493f6cd27062462f1b0aab052c9cdd6,2025-07-18~HA~225~13830~12173~1140,2025-07-18,N478HA,near,7,13,-14
2025-07-18~N479HA,sha256:c353b05694107f5799c6a8bc4bdcc6dcb432e7bc975713d8188b34387862ce84,2025-07-18~HA~122~12173~12402~0605,2025-07-18,N479HA,other,8,24,24
2025-07-18~N480HA,sha256:e5f8efade952ef2489414f0f01c27de413a94f5ab3f930e0d356ddfdd1de0c96,2025-07-18~HA~118~12173~12758~0540,2025-07-18,N480HA,persisted,12,65,32
2025-07-18~N484HA,sha256:a74b0e621fa6490e63c7f66852549f104463d2d5abd27a4a9d8f5f92f106b546,2025-07-18~HA~578~12173~12758~2125,2025-07-18,N484HA,ineligible,1,-3,-3
2025-07-18~N485HA,sha256:0d5f5e7a9f94d8df18473c52faf64c2cc371533ad980008845a76e0760ad5f9c,2025-07-18~HA~104~12982~12173~0600,2025-07-18,N485HA,recovered,9,71,-7
2025-07-18~N486HA,sha256:6d1c6d70e8eab771d82ed68588f2ea1a317cdc32b6c2cac6735fc2737933c9c3,2025-07-18~HA~133~12173~12982~0620,2025-07-18,N486HA,other,10,25,20
2025-07-18~N487HA,sha256:2a4d9b9c52264f6c572ec0082a543805fc9aaa923f178c1d001fb3bfa1e52695,2025-07-18~HA~158~12173~12758~0730,2025-07-18,N487HA,recovered,11,60,6
2025-07-18~N489HA,sha256:6cc5a4da2e6ba7d3a0d0d931ca7605b2df6c578b95629e9d39c0262a3cf4ec75,2025-07-18~HA~140~12982~13830~0909,2025-07-18,N489HA,near,9,12,6
2025-07-18~N490HA,sha256:36b6c2f1ea1e06dbfa625805beee708e69e1b4329886f22f120b41516ef90194,2025-07-18~HA~105~13830~12173~0600,2025-07-18,N490HA,near,12,3,-8
2025-07-18~N491HA,sha256:d06a1a6e08e9c59da3c75aa7d8b921ba00e860a71af554841383f48603e5fd58,2025-07-18~HA~138~12173~12758~0630,2025-07-18,N491HA,other,11,22,9
2025-07-18~N492HA,sha256:dac2e08629a2543fe78ed03657eaa200021a16f972f3a9dee71e0298816ad781,2025-07-18~HA~101~12402~12173~0600,2025-07-18,N492HA,near,11,11,-9
2025-07-18~N493HA,sha256:ff5231a030ace4f138ab190ac40ac59ae9568428468bbdb3731ffad743e1132e,2025-07-18~HA~116~12173~13830~0536,2025-07-18,N493HA,near,11,8,0
2025-07-18~N494HA,sha256:fcaa98c90ec63db146cad2ad2d8c20467497ad066983aad04075e012f76a95a7,2025-07-18~HA~146~12173~13830~0700,2025-07-18,N494HA,other,8,23,4
2025-07-18~N495HA,sha256:70a3114ce609e6643f36deeaeeafeabf867f24c5931472b5ab850b370a3bfcf1,2025-07-18~HA~107~12758~12173~0600,2025-07-18,N495HA,near,11,0,-7
2025-07-18~N780HA,sha256:163c7e2e01f117d75af170d6ef13b29af1340e45a5cd168b75ef627fae4934c6,2025-07-18~HA~51~12478~12173~0905,2025-07-18,N780HA,ineligible,2,8,-2
2025-07-18~N781HA,sha256:f4711c86efc4abf68a4905d4f98c94112283148b9c571c99463cd08f58a3b710,2025-07-18~HA~3~12892~12173~1010,2025-07-18,N781HA,ineligible,1,-9,-9
2025-07-18~N782HA,sha256:14b7910fc249b911a35bedb469921027ff09da47258d2885f45898514c1d02ca,2025-07-18~HA~50~12173~12478~1530,2025-07-18,N782HA,ineligible,1,22,22
2025-07-18~N783HA,sha256:eed79f705f8ef0bd974e4f4a1a0db747005dc5da566cf4ddbcc06850abebe789,2025-07-18~HA~1~12892~12173~0830,2025-07-18,N783HA,ineligible,2,-4,-6
2025-07-19~N202HA,sha256:d9a319ea975bd40f6dc4ae9c6664321076e4115577afa8d12e708b7e645eb54a,2025-07-19~HA~59~14893~13830~0830,2025-07-19,N202HA,ineligible,2,0,0
2025-07-19~N204HA,sha256:c7de1321169da2d274743ce57f4d45dc127d4bf4e78de59029b3f3d3f861f0ec,2025-07-19~HA~71~12954~13830~0845,2025-07-19,N204HA,ineligible,2,21,21
2025-07-19~N205HA,sha256:77116a883d9509b432959c987f7849c1257e983b67b1d84c7df8f12e898f8b03,2025-07-19~HA~92~12173~14831~1255,2025-07-19,N205HA,ineligible,1,111,111
2025-07-19~N208HA,sha256:e149a3401d7bd98fbf6c7d5c6df5147d6627ae3afad7f4ee246e1e5077c7363f,2025-07-19~HA~69~12954~12173~0745,2025-07-19,N208HA,ineligible,4,223,194
2025-07-19~N209HA,sha256:f71e4db0fbf2825a2ecdbcf3f842da30e70377242556f40174878a45e21ce597,2025-07-19~HA~95~14869~12173~0700,2025-07-19,N209HA,ineligible,2,6,6
2025-07-19~N212HA,sha256:bbcc45ff67d25fd55d2f94816736c40731812d4150c8af4eb2ea6fb12dd22171,2025-07-19~HA~653~14831~13830~0700,2025-07-19,N212HA,ineligible,2,-1,-5
2025-07-19~N213HA,sha256:4a708a00b42b39ea79a7a8ce090a88a18808ebeb5c1ee78abad5c63151304e6c,2025-07-19~HA~23~13796~13830~0700,2025-07-19,N213HA,near,4,3,3
2025-07-19~N214HA,sha256:131af9b109d57d5092a9a35d03bc089ae64cb949b29a7f42593d272f229a2b23,2025-07-19~HA~670~12173~14747~1040,2025-07-19,N214HA,ineligible,2,77,77
2025-07-19~N215HA,sha256:02f5dc7798b739bb2559e5ae956777495639a7a711a8e9ad39a1ec99789bffc6,2025-07-19~HA~26~12173~14057~0750,2025-07-19,N215HA,near,3,10,0
2025-07-19~N216HA,sha256:ac13c9027a4ac4244c60f0d91a9ced1982b9ad6e0a5403ea0eb42049d60b710c,2025-07-19~HA~41~14771~13830~0730,2025-07-19,N216HA,ineligible,2,20,13
2025-07-19~N217HA,sha256:877bc3f91ccc515af025835371da625987178ce8911eb8f5b09cb4ea61e061f3,2025-07-19~HA~667~13796~12982~0715,2025-07-19,N217HA,other,3,33,33
2025-07-19~N218HA,sha256:4fe1786ce8d314e61d8f2ff6c7cc5c043bce52a611e0939b559668aaa2297306,2025-07-19~HA~63~12892~12982~0930,2025-07-19,N218HA,ineligible,2,15,1
2025-07-19~N220HA,sha256:2329acc7cb0fef52711ca5fd43a3fc5a90ea6f1e089cd042aa825a183ebf9679,2025-07-19~HA~73~14893~12758~0700,2025-07-19,N220HA,ineligible,2,-5,-6
2025-07-19~N226HA,sha256:bb999649520f2b6f737c7de65bff60917e382f3c133e8a157e82adf3eb5ad63b,2025-07-19~HA~683~14057~12173~1055,2025-07-19,N226HA,ineligible,1,9,9
2025-07-19~N227HA,sha256:88457293b80649b343fa346f9abf68e2abfd063de78ccd4df1242dd6582b5584,2025-07-19~HA~611~14679~12173~1230,2025-07-19,N227HA,ineligible,2,8,4
2025-07-19~N228HA,sha256:1386f0150388e62a3b9b9a5c2fb7c737adaad56776e8ff786fecc4df74958c47,2025-07-19~HA~49~14057~12173~0730,2025-07-19,N228HA,ineligible,2,6,6
2025-07-19~N230HA,sha256:e048bf252d08e8472c7cdddb7c6163b28a4b8c32395852ecda56d950219801a6,2025-07-19~HA~91~14831~12173~0700,2025-07-19,N230HA,ineligible,2,14,14
2025-07-19~N360HA,sha256:22671388d7772d576afe90d459905e15a3675c94b256bb0a4f760f2dde502bc5,2025-07-19~HA~681~14747~10299~1145,2025-07-19,N360HA,ineligible,2,38,38
2025-07-19~N361HA,sha256:c1276ea08b4c87a6e8bae95628ff028d57fa6622947caec0bf1658b56ee24d8f,2025-07-19~HA~36~12173~14107~1105,2025-07-19,N361HA,ineligible,1,-8,-8
2025-07-19~N370HA,sha256:328ae21bd99efd16c67dc1d863794eafe53b0aca03e85533a3057fd1d342cc2d,2025-07-19~HA~22~12173~14747~1300,2025-07-19,N370HA,ineligible,1,6,6
2025-07-19~N373HA,sha256:d6ac174ad93025be908c5af094f401922359653f345eaca8ce89cbb943da4c82,2025-07-19~HA~29~14747~13830~1030,2025-07-19,N373HA,ineligible,2,17,17
2025-07-19~N374HA,sha256:4ed9bff7c5d3f08da7f9ebd6185f5ea712578c5a7bae37e3af02d1d67b8a4649,2025-07-19~HA~11~14771~12173~0935,2025-07-19,N374HA,ineligible,1,3,3
2025-07-19~N375HA,sha256:ae35af10c7b0814c9a1fcc94e39d812bb9cc7907628f28512e017508af5e1840,2025-07-19~HA~20~12173~14893~1330,2025-07-19,N375HA,ineligible,1,1,1
2025-07-19~N379HA,sha256:3663952236897a4ffd2ce68ba4259880626b5a2e60c5bf90bf903a1e5c803268,2025-07-19~HA~35~14107~12173~0805,2025-07-19,N379HA,ineligible,1,-12,-12
2025-07-19~N380HA,sha256:84a9dbac5c8bf58e38ccb697b60438d48025b28a8c9a7004058b8e7bb503b074,2025-07-19~HA~19~14893~12173~0940,2025-07-19,N380HA,ineligible,2,21,21
2025-07-19~N381HA,sha256:9a47d35d780f1c2b44d55c60f5aed236aeb07d09133b5023bf6b6fadb4e9e9ef,2025-07-19~HA~90~12173~10721~1415,2025-07-19,N381HA,ineligible,1,166,166
2025-07-19~N383HA,sha256:25335ce00cc89f074ce8cfde41009b9d40e80d6a7d9d41dad6878224fc1caed0,2025-07-19~HA~33~12892~13830~0700,2025-07-19,N383HA,other,3,26,26
2025-07-19~N384HA,sha256:9a439a05ab56fd40eb56d3f285ea8d944ea0269745e9905a4adee05b3d2165f4,2025-07-19~HA~633~14747~12173~1555,2025-07-19,N384HA,ineligible,2,14,-3
2025-07-19~N385HA,sha256:a95e0560618bb7be9459ce5dbe18a44dc55469f9b2ec99bbb9d0347220c990a8,2025-07-19~HA~15~14679~12173~0915,2025-07-19,N385HA,ineligible,1,-2,-2
2025-07-19~N386HA,sha256:73a4efdf76fdb9ec016c1f444b9ed5215ca15c4245e06808cf0d4f9cf5938688,2025-07-19~HA~31~12889~13830~0850,2025-07-19,N386HA,ineligible,2,15,15
2025-07-19~N388HA,sha256:7ed81d0745c671589cba97d04a74fc69dcae9db696fdf27e8273e79560061743,2025-07-19~HA~47~13796~12173~0850,2025-07-19,N388HA,ineligible,2,-1,-1
2025-07-19~N389HA,sha256:3ec465eb5c218108f836cbf1ec1953f2fb3221c535e094db272d3e654f63878c,2025-07-19~HA~698~10299~14747~0250,2025-07-19,N389HA,ineligible,2,35,-8
2025-07-19~N390HA,sha256:a5caeee7d1542e83f3b6b103760fe723f4f4682d9617d0b24b6262522363667d,2025-07-19~HA~12~12173~14771~1330,2025-07-19,N390HA,ineligible,1,31,31
2025-07-19~N391HA,sha256:c870bbc71d8b6874c57ed3971117c7fe4b9641f9ea9bc77e8b2dbc08f3f367a3,2025-07-19~HA~6~12173~12889~0810,2025-07-19,N391HA,near,3,13,-4
2025-07-19~N393HA,sha256:9a6840ebf69519a3e633d6e2be2b47d1137681fec1f4653c0133058840640eaf,2025-07-19~HA~17~12889~12173~0150,2025-07-19,N393HA,near,4,10,10
2025-07-19~N396HA,sha256:aaf6624cb8e62ef1ee746c78693fa3ddd47216654d5642782be77283f93d6842,2025-07-19~HA~21~14747~12173~0815,2025-07-19,N396HA,ineligible,1,-2,-2
2025-07-19~N399HA,sha256:2db79cf45ff1a78736c4b06ed689a6e1a342d37349b37383485b6cbfd962f0d3,2025-07-19~HA~7~12889~12173~0750,2025-07-19,N399HA,ineligible,1,0,0
2025-07-19~N475HA,sha256:51201d2dcc35622e66981faf4af61b71cfd465b80845c11478f636d114432bf6,2025-07-19~HA~133~12173~12982~0620,2025-07-19,N475HA,other,9,87,20
2025-07-19~N476HA,sha256:a03215dee19b5a2ffad5099edd9080d417cb4bec4f3e628cb198325262418dbd,2025-07-19~HA~138~12173~12758~0630,2025-07-19,N476HA,other,9,42,-7
2025-07-19~N477HA,sha256:3d9a04c08c2057c710d46017d4f6ddb184d62804564d9df300d603967a353315,2025-07-19~HA~162~12173~12402~0810,2025-07-19,N477HA,near,9,7,-4
2025-07-19~N478HA,sha256:c56e06471022aaf92c1e2a4f4e01289f78a6b45684ec159cfbe45aa618e44e91,2025-07-19~HA~122~12173~12402~0605,2025-07-19,N478HA,near,11,11,-7
2025-07-19~N479HA,sha256:912ea8ed5554593e121ecb3b01045cdee08e5aad7dd678fc4d742d7a7da30699,2025-07-19~HA~225~13830~12173~1140,2025-07-19,N479HA,near,7,5,5
2025-07-19~N480HA,sha256:260558cf04d5d9bb523df1acbccec42e7d2dafa98e14fda89e15e00315718f9f,2025-07-19~HA~101~12402~12173~0600,2025-07-19,N480HA,near,7,3,3
2025-07-19~N484HA,sha256:cf7cf3c3c276df52e9adc0c0b32686bd54635ec567d8e878e5f44c95d0eff77d,2025-07-19~HA~107~12758~12173~0600,2025-07-19,N484HA,ineligible,9,96,-2
2025-07-19~N485HA,sha256:1f144148f73e2e3ebd6b59c0d1f41844fb266c518b2084aa49f53d7c6b0edd56,2025-07-19~HA~140~12982~13830~0909,2025-07-19,N485HA,other,9,16,-3
2025-07-19~N486HA,sha256:53cc97853a0a49505320daf81eca71d66294808746882551f65c510ad18f4ca8,2025-07-19~HA~273~12173~12982~1225,2025-07-19,N486HA,persisted,6,92,64
2025-07-19~N487HA,sha256:1aa23b335b82bc4311082507945f2602de52b3d8fca352d1b2221fa49f21c0ac,2025-07-19~HA~104~12982~12173~0600,2025-07-19,N487HA,near,10,14,12
2025-07-19~N489HA,sha256:3350814de81a40c4577a87a62b5c825636a83abeb22423472ccf76e76eeb90da,2025-07-19~HA~126~12173~13830~0615,2025-07-19,N489HA,other,11,45,-2
2025-07-19~N490HA,sha256:23b4c204b2bbcaed83332eb9e0d29446545b5c5a1abf5ddc60f8f3dca524df66,2025-07-19~HA~202~12173~12402~0920,2025-07-19,N490HA,other,6,19,-8
2025-07-19~N491HA,sha256:3e65d62ca3d085fae50d3e0d0b4f46bcd7081a5f22f742c97b6548e540c4bb76,2025-07-19~HA~173~12173~12982~0826,2025-07-19,N491HA,near,7,12,0
2025-07-19~N492HA,sha256:a9efa94a8a727704c4f4262786a7a7bb9575c9bca4296d77fab21fbaa2f59728,2025-07-19~HA~168~12173~12758~0805,2025-07-19,N492HA,other,10,28,-2
2025-07-19~N493HA,sha256:75f131adf50df151c39753a5d38e60cd6c603dca5375eed5d422c9c863826947,2025-07-19~HA~105~13830~12173~0600,2025-07-19,N493HA,near,8,4,-3
2025-07-19~N494HA,sha256:f27e20d14598d056fbfe069e824fdc80d19b10b96b54aaba63f99f49bccbfb67,2025-07-19~HA~147~12758~12173~0800,2025-07-19,N494HA,near,9,8,-5
2025-07-19~N495HA,sha256:bc436adde2348fd4d5f29837500475dca5a50eac4ee0d0f0dc460398d49c797d,2025-07-19~HA~143~12173~12982~0720,2025-07-19,N495HA,near,10,8,-4
2025-07-19~N780HA,sha256:a49747a078e93e5e83ec1c1969ef7df00ccf46b5e2262eb455b41295161a2cb0,2025-07-19~HA~1~12892~12173~0830,2025-07-19,N780HA,ineligible,1,11,11
2025-07-19~N781HA,sha256:de3970bfe057c99950e657e327c6e6d76991e6a2118def9b040c45730fe07f5c,2025-07-19~HA~4~12173~12892~1535,2025-07-19,N781HA,ineligible,1,31,31
2025-07-19~N782HA,sha256:342333d5d4440b8ceb25de31051086dba02794a66ec4712c2bb508f1479b1857,2025-07-19~HA~51~12478~12173~0905,2025-07-19,N782HA,ineligible,2,17,6
2025-07-19~N783HA,sha256:070dc185dfdacf2d91016b03415795e16a5cca486fcaf2c2ec4e0a3ee78271b0,2025-07-19~HA~3~12892~12173~1010,2025-07-19,N783HA,ineligible,2,24,24
2025-07-20~N202HA,sha256:9f713e63a268df100b9b3ddad9e4fbfd6bf800ad6c1ffc99dfe8e975932a8251,2025-07-20~HA~71~12954~13830~0845,2025-07-20,N202HA,ineligible,2,-6,-6
2025-07-20~N204HA,sha256:8041316edb4e8bf3fa72db0de1f3fb4b0756d36bcce9f49d56c99e6f208ec8fa,2025-07-20~HA~65~14893~12982~0700,2025-07-20,N204HA,ineligible,2,29,29
2025-07-20~N205HA,sha256:740734a26800ff9e3abe59fb013f580b82ba30a6b8203f02262bbf895ed02a77,2025-07-20~HA~653~14831~13830~0700,2025-07-20,N205HA,near,4,6,6
2025-07-20~N208HA,sha256:eb788343f30b302f4f006e1f5dead089586004517fa25c13c8899ced8c793b11,2025-07-20~HA~611~14679~12173~1230,2025-07-20,N208HA,ineligible,2,7,-2
2025-07-20~N209HA,sha256:ad07dab49efb7f11a218024981e831ce922aa27b371036bb33dc65fc3c0473bd,2025-07-20~HA~47~13796~12173~0850,2025-07-20,N209HA,ineligible,2,12,12
2025-07-20~N212HA,sha256:65e7d6dd9fc10e2f1bf0daca41abe3c22c69dcfe1d33a9164b873d076127bd63,2025-07-20~HA~23~13796~13830~0700,2025-07-20,N212HA,ineligible,2,1,1
2025-07-20~N213HA,sha256:1a1669302679a6ffc0ae1423d2945b5e2b68ccbb4a21c6f8b7dfd5217977368a,2025-07-20~HA~63~12892~12982~0930,2025-07-20,N213HA,ineligible,2,3,1
2025-07-20~N214HA,sha256:4951b76b5fcbabcdf62a33a3ea309c29586b06f6975204dfca759ac5422607aa,2025-07-20~HA~26~12173~14057~0750,2025-07-20,N214HA,near,3,11,-1
2025-07-20~N215HA,sha256:a998a0884a452d1d6a43e3ccdf29a523427745d2782e7aef14f89aecd4c0c1b1,2025-07-20~HA~41~14771~13830~0730,2025-07-20,N215HA,ineligible,2,0,0
2025-07-20~N216HA,sha256:54a7ad8db10665f5f28895dc729caad4d3aa61c14620e16c17c1409feaa4572f,2025-07-20~HA~91~14831~12173~0700,2025-07-20,N216HA,ineligible,2,293,186
2025-07-20~N217HA,sha256:7543e7fa41420c757d8448283fdd8fe8126548baaa2a03c7ed83793b9ade1a99,2025-07-20~HA~628~12173~14679~0800,2025-07-20,N217HA,near,3,-3,-6
2025-07-20~N218HA,sha256:37c4695738001a9c1d190b43e82a806e43598339a11d5966d5b9ddbd93539b7a,2025-07-20~HA~667~13796~12982~0715,2025-07-20,N218HA,other,3,38,38
2025-07-20~N220HA,sha256:bfa041b927ac17ce2b56fda4d7ba639992e48f10ebb23f30a7ff7335ca5346ed,2025-07-20~HA~59~14893~13830~0830,2025-07-20,N220HA,ineligible,2,-2,-2
2025-07-20~N226HA,sha256:a77d16b50bc766294b8f4ceaf36c9f1148a6a8d71a891b9077e11634bdfc3d3e,2025-07-20~HA~684~12173~14057~2125,2025-07-20,N226HA,ineligible,1,-3,-3
2025-07-20~N227HA,sha256:0af4343afd20965ce5867227da8d2b6aff835aa02934abc643f74b26e4b351d7,2025-07-20~HA~95~14869~12173~0700,2025-07-20,N227HA,other,3,68,68
2025-07-20~N228HA,sha256:3dc6c62b5e29f8b1d9b1d2f8cbd3deca3f18ebe90190ff5fe8b4a2ffc61f3df2,2025-07-20~HA~49~14057~12173~0730,2025-07-20,N228HA,ineligible,2,54,54
2025-07-20~N230HA,sha256:852f2d7cd433b61275375d21237bdcf470081aa860c1e3cd44dfb5c2a788d6d7,2025-07-20~HA~69~12954~12173~0745,2025-07-20,N230HA,ineligible,2,-4,-5
2025-07-20~N360HA,sha256:28d2135da09384ec784fe30c341e629479f181ce84eeb00cefa12b1f16c7ce8f,2025-07-20~HA~29~14747~13830~1030,2025-07-20,N360HA,ineligible,1,-5,-5
2025-07-20~N361HA,sha256:34eea5d7235596c9e24ddba17cc8d4eeb3436ab5dc95629f405bd8b504fdd553,2025-07-20~HA~35~14107~12173~0805,2025-07-20,N361HA,ineligible,1,-4,-4
2025-07-20~N373HA,sha256:746e139d1b4c900b6fc33d3a74a711ab2a1d63632d8220f42bc214052ee851a0,2025-07-20~HA~17~12889~12173~0150,2025-07-20,N373HA,persisted,4,63,63
2025-07-20~N374HA,sha256:72a22185287e03aa78067890de0059e6b67bd3424619354a5d6c02042fe0ff93,2025-07-20~HA~36~12173~14107~1105,2025-07-20,N374HA,ineligible,1,0,0
2025-07-20~N375HA,sha256:0398b64cae8d411cd3b0153ba0ec545b429ec91f7e0d289b8fa022dd22bdc814,2025-07-20~HA~19~14893~12173~0940,2025-07-20,N375HA,ineligible,1,1,1
2025-07-20~N378HA,sha256:48071d0ca4ce9f36d0101b878917d5fd6e542b144edd99ac0f280393ae5cd8ef,2025-07-20~HA~634~12173~14747~2115,2025-07-20,N378HA,ineligible,1,39,39
2025-07-20~N379HA,sha256:1abf746d27b23d98267b02d7861ef87869242dc3fd27ea92cc24595e5e755696,2025-07-20~HA~22~12173~14747~1300,2025-07-20,N379HA,ineligible,1,-3,-3
2025-07-20~N380HA,sha256:1494d8fe74915eed025b9830bf735546242790f2966e82c7b78c87462367b19d,2025-07-20~HA~7~12889~12173~0750,2025-07-20,N380HA,ineligible,2,3,1
2025-07-20~N381HA,sha256:62b26bdb555bb85ef601161be78a113f5d369750c8c16ebde2910ea496b8ce24,2025-07-20~HA~89~10721~12173~0800,2025-07-20,N381HA,ineligible,1,118,118
2025-07-20~N382HA,sha256:47678db29dd1e8e7dd4f09d8fadf2c60feab8c508989d8ad3085de40ae324c4b,2025-07-20~HA~6~12173~12889~0810,2025-07-20,N382HA,ineligible,2,6,0
2025-07-20~N383HA,sha256:9a74313410a15f1bf288209c0deaeb54731dc006e7ac2529530f975aa3d67f1f,2025-07-20~HA~698~10299~14747~0250,2025-07-20,N383HA,ineligible,3,109,109
2025-07-20~N384HA,sha256:377ac4356ed32f16b55f929537bcb5154dd2bb5ca81d83000b39fadf8913dae0,2025-07-20~HA~21~14747~12173~0815,2025-07-20,N384HA,ineligible,1,-3,-3
2025-07-20~N385HA,sha256:353338924ab4b1be5ff591d6e0a6a5982891e6117bd28aab5db13660dbd2166d,2025-07-20~HA~32~13830~12889~1520,2025-07-20,N385HA,ineligible,1,71,71
2025-07-20~N386HA,sha256:51a5d170ca0ab46e951e94cd10fadb4bb8c40bbc1f72ba26f5f1c28f8549bfb2,2025-07-20~HA~33~12892~13830~0700,2025-07-20,N386HA,ineligible,3,347,347
2025-07-20~N388HA,sha256:2111a5ee8ef22369d0003a0224243382264cd4059f1330af5d65c72d3a06099f,2025-07-20~HA~15~14679~12173~0915,2025-07-20,N388HA,ineligible,2,24,20
2025-07-20~N389HA,sha256:e4ccfa2fd19f4567d524ac2bc5c0f235559c417cbaf0aadf157c3a91f10df0bb,2025-07-20~HA~16~12173~14679~1255,2025-07-20,N389HA,ineligible,1,-4,-4
2025-07-20~N390HA,sha256:f0741919242ae0daba07ef494b65b5127a12d954c4287d5c36cbe1f30c0deee6,2025-07-20~HA~11~14771~12173~0935,2025-07-20,N390HA,ineligible,1,2,2
2025-07-20~N391HA,sha256:d5c0e5fa4bbd12c366ed414dd55fe7e6e8ba9ff4c9ae908074365940ec97e56e,2025-07-20~HA~681~14747~10299~1145,2025-07-20,N391HA,other,3,118,118
2025-07-20~N393HA,sha256:ca210fab240fb03b60edbc69cc8bd4f3d655ffdc15169072ddd4a30dea8227d5,2025-07-20~HA~31~12889~13830~0850,2025-07-20,N393HA,ineligible,2,39,39
2025-07-20~N396HA,sha256:71dae02fe166daf1bffc3b511eff473677702b1ac708c0c0d99b238172639f79,2025-07-20~HA~90~12173~10721~1415,2025-07-20,N396HA,ineligible,1,50,50
2025-07-20~N399HA,sha256:c6688e1c936353eff18a11e8d543771edf8a0788c0caefc2dedba06eb80f3d8d,2025-07-20~HA~12~12173~14771~1330,2025-07-20,N399HA,ineligible,1,-4,-4
2025-07-20~N475HA,sha256:24a364db185baf6119a3aa7fd9d248d276265ff424e8a26e5f720d0db649129f,2025-07-20~HA~107~12758~12173~0600,2025-07-20,N475HA,other,11,15,15
2025-07-20~N476HA,sha256:512c9a0ced2bca85b5b19ef00397cd1e918799975ada64bacaa92471375420d8,2025-07-20~HA~173~12173~12982~0826,2025-07-20,N476HA,near,10,10,2
2025-07-20~N477HA,sha256:f188c127c8a021b5cf8af99ce2c217c552bcf5993a4b205a3e32756ae57bd9e1,2025-07-20~HA~104~12982~12173~0600,2025-07-20,N477HA,other,12,26,12
2025-07-20~N478HA,sha256:961abe057150d03be0483841b7555f341f68e28912e8a94976bc31eda766460f,2025-07-20~HA~138~12173~12758~0630,2025-07-20,N478HA,other,10,10,-21
2025-07-20~N479HA,sha256:c404bbe79953eaa810179489529fd10d69cebf3ed48829df7b9d517e8ed140a4,2025-07-20~HA~228~12173~12758~1035,2025-07-20,N479HA,near,9,4,4
2025-07-20~N480HA,sha256:1ef86b5ba07c331a5f66aea4976eeb283423f6528df9e6267476d8b28c7b827b,2025-07-20~HA~202~12173~12402~0920,2025-07-20,N480HA,near,6,0,-8
2025-07-20~N484HA,sha256:5367d05bf7020d042e3ff3b391937af66f351e3f6c5fd5ff0e782a1b08187f00,2025-07-20~HA~225~13830~12173~1140,2025-07-20,N484HA,near,7,10,-11
2025-07-20~N485HA,sha256:1559db047659f6f29ac1fe0977649e443a96d7c2b4e79fe84c70f3d9b3fa973d,2025-07-20~HA~372~12173~12402~1600,2025-07-20,N485HA,other,4,22,22
2025-07-20~N486HA,sha256:259cde63f973f7f0fe6e7c2dd5195f7e641bc0eb66c21bf7e327f3770afc1c3f,2025-07-20~HA~122~12173~12402~0605,2025-07-20,N486HA,near,8,9,1
2025-07-20~N487HA,sha256:658920bd416a1d0202698a32afae06bd2c4caeccc787bad04d04be699e76cdbc,2025-07-20~HA~218~12173~12758~1005,2025-07-20,N487HA,near,7,6,-4
2025-07-20~N489HA,sha256:0d984b548ef412cdb5475b60439c307f45be5b061dca1ed8c6d7b09f420af772,2025-07-20~HA~258~12173~12758~1125,2025-07-20,N489HA,near,5,10,10
2025-07-20~N490HA,sha256:95d68fc1a19ec44e18cdb2e0c397429252cb357d8ea48626fe842abed4e46835,2025-07-20~HA~140~12982~13830~0909,2025-07-20,N490HA,near,5,11,11
2025-07-20~N491HA,sha256:671e25d4a08bfdbe6c632db73fbd748fddbf37008fd9828a5aca570bdc16f7d4,2025-07-20~HA~147~12758~12173~0800,2025-07-20,N491HA,other,9,17,17
2025-07-20~N492HA,sha256:2ebbde09b55b49b93943adc9bdc2b2c7e83596785aaa0626f1470ec911c0587a,2025-07-20~HA~105~13830~12173~0600,2025-07-20,N492HA,near,11,2,1
2025-07-20~N493HA,sha256:3d531adf2fdf797253ef249a92e1dacff215bfe21d8c3a7d6c305f7cf5982921,2025-07-20~HA~133~12173~12982~0620,2025-07-20,N493HA,near,11,8,1
2025-07-20~N494HA,sha256:d06eab132de06a9f8f68a05c2a4b6fa1e21c2804839fa8b8ebfb62af5405f157,2025-07-20~HA~126~12173~13830~0615,2025-07-20,N494HA,other,11,23,-4
2025-07-20~N495HA,sha256:a481b472d700155beb3bba689421ca3745185c48ba8070098a8aa7f3bf3ec404,2025-07-20~HA~101~12402~12173~0600,2025-07-20,N495HA,other,11,18,-4
2025-07-20~N780HA,sha256:a8525edc31fe2f35bcc711d370bd30a9f7518284c576bd9963a0845bbfc69b38,2025-07-20~HA~3~12892~12173~1010,2025-07-20,N780HA,ineligible,2,36,-1
2025-07-20~N781HA,sha256:daaceef5d2ceaadbfdeacf5ced2ba4b35521652539ef2295d77d93818c595a98,2025-07-20~HA~1~12892~12173~0830,2025-07-20,N781HA,ineligible,2,2,2
2025-07-20~N782HA,sha256:eccd2ab40da0ddf5569ba41122149dd98209f8e52c07ee72032b36824b5cd8af,2025-07-20~HA~51~12478~12173~0905,2025-07-20,N782HA,ineligible,2,43,43
2025-07-20~N783HA,sha256:89750fbcade56393ee7988f81ee9932e06ad11f4a2089d9953c31f08e369a64e,2025-07-20~HA~1001~12892~12173~0600,2025-07-20,N783HA,ineligible,1,431,431
2025-07-21~N202HA,sha256:a116d9d51eac6a5a9ccc908a8e9278172466bb2d266a3326e37de864f20fd07c,2025-07-21~HA~73~14893~12758~0700,2025-07-21,N202HA,ineligible,2,-5,-8
2025-07-21~N204HA,sha256:39379d7ad87101ea7aa01e1b4c44fbaa13dc882b6b8243a4eccc7773b1c58161,2025-07-21~HA~59~14893~13830~0830,2025-07-21,N204HA,ineligible,2,13,13
2025-07-21~N205HA,sha256:4ce70fcedbd1bf5244567ec086a54868a2e43f08b1d16f89213b8d6f0f52de0c,2025-07-21~HA~63~12892~12982~0930,2025-07-21,N205HA,ineligible,2,12,12
2025-07-21~N208HA,sha256:cc0b7d36bb53ab41078cc5700a5ca11faf730a810e739cfc03160bd03f9f6172,2025-07-21~HA~95~14869~12173~0700,2025-07-21,N208HA,ineligible,2,5,5
2025-07-21~N209HA,sha256:34d9ce39c83810259d4a30b434f38de5639e0a07e95b6dcf70b755bbdb60300e,2025-07-21~HA~683~14057~12173~1055,2025-07-21,N209HA,ineligible,2,3,-1
2025-07-21~N212HA,sha256:6d08b4ff6b371633ec1348bb88c99b1b5052ee60c9954b04e512dc5d7d9faeae,2025-07-21~HA~667~13796~12982~0715,2025-07-21,N212HA,other,3,38,20
2025-07-21~N213HA,sha256:2d4a3899ab942becda251b53e55fa652915440bee45cdb6bfa24d6d0a2ee5eb1,2025-07-21~HA~23~13796~13830~0700,2025-07-21,N213HA,ineligible,2,-4,-4
2025-07-21~N214HA,sha256:8a8719ad41758304196d66f961f98eee192ddd7792f23d573060bf44b75cefff,2025-07-21~HA~41~14771~13830~0730,2025-07-21,N214HA,ineligible,2,13,13
2025-07-21~N215HA,sha256:d8c4ceb496c279033311c6db22954c814464db78b1d5acef50e3f39a232a2698,2025-07-21~HA~653~14831~13830~0700,2025-07-21,N215HA,other,4,17,17
2025-07-21~N216HA,sha256:29495212e329ead0cbfbb816ff46fd6867fed79e17344bf92a1198a923586474,2025-07-21~HA~91~14831~12173~0700,2025-07-21,N216HA,other,3,55,55
2025-07-21~N217HA,sha256:a6dc021f04f4df0be04d477c421531777496d8d3a55d8caf30a5b0f0b1b798b2,2025-07-21~HA~611~14679~12173~1230,2025-07-21,N217HA,ineligible,2,0,0
2025-07-21~N218HA,sha256:b80d2a54d4509b87708a8432867048ee485fb31a83dafd71b51060242136b2fc,2025-07-21~HA~26~12173~14057~0750,2025-07-21,N218HA,other,3,40,26
2025-07-21~N220HA,sha256:e1cb8c9343bf53d6af4a28f9f412215269db0d5ea2a367101ad12940b9b6fe1f,2025-07-21~HA~69~12954~12173~0745,2025-07-21,N220HA,ineligible,2,13,13
2025-07-21~N226HA,sha256:f27c4b7e2ba7120490b47d6c2f3ad5e3a54d66e8afab5bde39038ce9d857db5d,2025-07-21~HA~49~14057~12173~0730,2025-07-21,N226HA,ineligible,2,40,-6
2025-07-21~N227HA,sha256:14db9ccf953e8d6c251d8458272cdeac20a9ca7d0a856cd9aa79749b5f5ba4d7,2025-07-21~HA~628~12173~14679~0800,2025-07-21,N227HA,other,3,32,32
2025-07-21~N228HA,sha256:c693097364f8e44ed395e284f2887e7bffec4248ca178ad9fcf3a4313232cba9,2025-07-21~HA~47~13796~12173~0850,2025-07-21,N228HA,ineligible,2,-1,-6
2025-07-21~N230HA,sha256:2057f0a9e6c6dbcc50f55fb4995f6c2e1642a5a540b1b25f9b6a26f2d03837f1,2025-07-21~HA~71~12954~13830~0845,2025-07-21,N230HA,ineligible,2,-7,-9
2025-07-21~N360HA,sha256:f701c6c71e2b17683713d768c9d0d6ec7c5cc4112989b804c7a7d6066aed71b8,2025-07-21~HA~27~14747~12173~1125,2025-07-21,N360HA,ineligible,1,81,81
2025-07-21~N361HA,sha256:0103724788f1634d0cf13df68cc40738801fbb3b61b3d26ca3449c09d2da2d0a,2025-07-21~HA~12~12173~14771~1330,2025-07-21,N361HA,ineligible,1,0,0
2025-07-21~N370HA,sha256:56f8498a1feab80a1b4fd26db4542b7bfdf801b2f5b9b86432fe3e33d8e1252b,2025-07-21~HA~10~12173~12892~0740,2025-07-21,N370HA,near,3,-1,-1
2025-07-21~N373HA,sha256:e7ab40b89231823b8deab3b7b3fc989f57e5779dab6f4fdb28302bf0bfb6bed1,2025-07-21~HA~31~12889~13830~0850,2025-07-21,N373HA,ineligible,2,66,66
2025-07-21~N374HA,sha256:e397261fd581f7c659b6896c3524467d1e9499f23c74ef929b41b81bfd965a8c,2025-07-21~HA~35~14107~12173~0805,2025-07-21,N374HA,ineligible,2,1,1
2025-07-21~N375HA,sha256:d30b6b961ec4263ff26b7b132d3ab15c76958ee7ba0f5db9ae16bb34626e8138,2025-07-21~HA~16~12173~14679~1255,2025-07-21,N375HA,ineligible,1,0,0
2025-07-21~N378HA,sha256:48e200512373e5a69e31c08f8b77b7805d9354476494b4acb2521527710a5df3,2025-07-21~HA~21~14747~12173~0815,2025-07-21,N378HA,ineligible,2,6,-1
2025-07-21~N379HA,sha256:dc0350992cc96afa7e938913d85fc8bd5f5ef07afc86617d1af0701d8f11f5ef,2025-07-21~HA~29~14747~13830~1030,2025-07-21,N379HA,ineligible,2,-2,-2
2025-07-21~N380HA,sha256:cd9be3606ff146d6ece1e4ab99dca7b59e0267583a87e91f911ed3575243fe52,2025-07-21~HA~19~14893~12173~0940,2025-07-21,N380HA,ineligible,2,13,-2
2025-07-21~N383HA,sha256:3cd81a077a1e59ac38f2ba0210862f56d338696db26b99fc4e05dc0d9182eb7e,2025-07-21~HA~7~12889~12173~0750,2025-07-21,N383HA,ineligible,1,5,5
2025-07-21~N384HA,sha256:1f1cce0ffc9c03385502e178082690c9c71b2f150900a214f42338dbf653d877,2025-07-21~HA~22~12173~14747~1300,2025-07-21,N384HA,ineligible,1,1,1
2025-07-21~N385HA,sha256:2985fb4849ed7f9e187cc79b6bac8307f671809e25d1b831eb1779e87e3f538e,2025-07-21~HA~17~12889~12173~0150,2025-07-21,N385HA,other,4,50,16
2025-07-21~N386HA,sha256:d9f258147592f0a9fae874a266b613aad4781abadb84481c20cde0a7288341a1,2025-07-21~HA~465~12173~14222~1630,2025-07-21,N386HA,ineligible,2,18,18
2025-07-21~N389HA,sha256:c3a4ead127be6c42f7d78960885fc231d5f9c50f761a93327ec2b9089a3654c3,2025-07-21~HA~15~14679~12173~0915,2025-07-21,N389HA,ineligible,1,6,6
2025-07-21~N390HA,sha256:734af96aec38d9c965b7d7a8a76f4c149666b2f4373a1cb1f10cc6ead6d8dac3,2025-07-21~HA~36~12173~14107~1105,2025-07-21,N390HA,ineligible,1,20,20
2025-07-21~N391HA,sha256:8f7cfad552ca5e867a4a376515a3340cfae92ee6ceb27dad0f5cb7a9d23cf46b,2025-07-21~HA~698~10299~14747~0250,2025-07-21,N391HA,persisted,3,165,165
2025-07-21~N392HA,sha256:10f93c69932caea2e72456bda6fffd31b446f7c29c279284797f5be70c5abc16,2025-07-21~HA~633~14747~12173~1555,2025-07-21,N392HA,ineligible,2,15,-2
2025-07-21~N393HA,sha256:3e900be7094984a8e8e4f459f6d21b3cb4f6632a522fd6391ed716b2e9e301ba,2025-07-21~HA~33~12892~13830~0700,2025-07-21,N393HA,other,3,56,56
2025-07-21~N399HA,sha256:ba7d1cdfdbbb4ee6434a3e546af5c0dbfc0199c95ea305b7545e5a75f1099556,2025-07-21~HA~11~14771~12173~0935,2025-07-21,N399HA,ineligible,1,-2,-2
2025-07-21~N475HA,sha256:f459a4308917f6c65a67d57688e5e1fd0b1722964fbe94e1600c7a3fa728bcb9,2025-07-21~HA~143~12173~12982~0720,2025-07-21,N475HA,near,8,7,-3
2025-07-21~N476HA,sha256:2ce726b9c734437ad00afdaf97aa345c349ccd2a9471eb95f4a416ed569e6c05,2025-07-21~HA~107~12758~12173~0600,2025-07-21,N476HA,near,9,13,-7
2025-07-21~N477HA,sha256:6ee3543340aba94d1e48110cfb284d611f9c0b4094aa4884cb065c911e352042,2025-07-21~HA~156~12173~13830~0735,2025-07-21,N477HA,near,9,3,-6
2025-07-21~N478HA,sha256:20ec6282f7ed04b12b97e6fc06f2e68a54996f002109ed28c78a13c66f1d0571,2025-07-21~HA~104~12982~12173~0600,2025-07-21,N478HA,near,11,3,-2
2025-07-21~N479HA,sha256:f0ee42996da4707a6c71432cb5e67189e46068ad580fc07a721fc26743e3bc90,2025-07-21~HA~105~13830~12173~0600,2025-07-21,N479HA,near,11,13,-3
2025-07-21~N480HA,sha256:b0c24d7a0d7e6dd546dd0f5f197abd02965c3a242c256b4ff38e8275f5cc0f21,2025-07-21~HA~147~12758~12173~0800,2025-07-21,N480HA,persisted,9,83,74
2025-07-21~N483HA,sha256:13ea3a6c20ff85cbf380a41759764e2d7a0eb4f7676d60b0121e504e9a3138cd,2025-07-21~HA~122~12173~12402~0605,2025-07-21,N483HA,near,10,12,0
2025-07-21~N484HA,sha256:cf949ad63f8441940b6697a8b133f6c7ba4f57690e5540c8d154364d665bc484,2025-07-21~HA~113~12173~12982~0536,2025-07-21,N484HA,near,11,8,-1
2025-07-21~N485HA,sha256:d9703ab7e50b5968ace1c9097112f3e9334eec84423efe3145b35727b1430252,2025-07-21~HA~118~12173~12758~0540,2025-07-21,N485HA,near,11,13,-1
2025-07-21~N486HA,sha256:45c55845fabc0cc47793b1212059fa029f8e00612fb47ef14f783f0c3a57b5df,2025-07-21~HA~140~12982~13830~0909,2025-07-21,N486HA,other,9,43,-5
2025-07-21~N487HA,sha256:08e822ccfac19aff6c07890a8c0b6de1abf58b1754270a8cebf9ff4064b3fd59,2025-07-21~HA~133~12173~12982~0620,2025-07-21,N487HA,near,4,3,2
2025-07-21~N489HA,sha256:29c2f987fc5fb198015d09d17b1a9d51a1a8f141b1893f105a47396b34edaff7,2025-07-21~HA~225~13830~12173~1140,2025-07-21,N489HA,other,7,27,3
2025-07-21~N491HA,sha256:f5f839df9fa769cb7cb48c2c75a0ce5c05f74a4eb0cfd46de964c020a8057cfc,2025-07-21~HA~126~12173~13830~0615,2025-07-21,N491HA,near,9,9,-7
2025-07-21~N492HA,sha256:d5645c9d007c42b4d60c346cffa8bbb107f41b48fd49bbd71b5826317c845fc3,2025-07-21~HA~146~12173~13830~0700,2025-07-21,N492HA,other,8,31,2
2025-07-21~N493HA,sha256:500afacf16c6301ceeebb1d0c00a996aad0592b32108ce14f6031aee8a3ab9a0,2025-07-21~HA~101~12402~12173~0600,2025-07-21,N493HA,other,5,31,-6
2025-07-21~N494HA,sha256:4555858b5136a54e95db7fb8fd205706a24b1027594e58f4b50968b342e04c61,2025-07-21~HA~116~12173~13830~0536,2025-07-21,N494HA,near,9,5,0
2025-07-21~N495HA,sha256:2dd5fb865ad81162252d0dc14696a7af287196c3229d556cb1254423aec74459,2025-07-21~HA~138~12173~12758~0630,2025-07-21,N495HA,other,12,41,12
2025-07-21~N780HA,sha256:7f2b0a6dc643c9fdd8dcfd00f9d2c934b4f3acc25ba98e6cd38c6015110824bc,2025-07-21~HA~51~12478~12173~0905,2025-07-21,N780HA,ineligible,2,3,-7
2025-07-21~N781HA,sha256:be226106e22034621e1e4e6eb87a147370b4c5b7af1b22b19904bcd72bad7607,2025-07-21~HA~3~12892~12173~1010,2025-07-21,N781HA,ineligible,2,3,3
2025-07-21~N782HA,sha256:6aa215278f04c0d30f8f7b341e79ba36b0a72127a393f47093b768dd0334b8a0,2025-07-21~HA~1~12892~12173~0830,2025-07-21,N782HA,ineligible,2,9,-6
2025-07-22~N202HA,sha256:52dcdce4b5fd61675a89494e6e290659edcc6224a7895570636f2a2fa735f541,2025-07-22~HA~59~14893~13830~0830,2025-07-22,N202HA,ineligible,2,7,7
2025-07-22~N204HA,sha256:a07738ff1849934f857249ed8d1618cfb59aada8cdd45f0c11affe8f12522540,2025-07-22~HA~69~12954~12173~0745,2025-07-22,N204HA,ineligible,2,15,15
2025-07-22~N205HA,sha256:b4b3e8d77938e9968bc87dca4d5fd64c296bd05b3b00bb19004876a27f3bc671,2025-07-22~HA~667~13796~12982~0715,2025-07-22,N205HA,ineligible,2,0,0
2025-07-22~N208HA,sha256:b5cd9351e79a88090895cbadfdb6552a782b257220d2a8d97f034f8b20e0019b,2025-07-22~HA~47~13796~12173~0850,2025-07-22,N208HA,ineligible,2,0,-6
2025-07-22~N209HA,sha256:d988c58579d78ee9b20f0ea7aacc85759cfe10696f65486ed56dcfe1041669a8,2025-07-22~HA~49~14057~12173~0730,2025-07-22,N209HA,ineligible,2,34,21
2025-07-22~N212HA,sha256:1a43e832f3ada57133e329cee7d09484dae6a4e47ded2b570f6bb60f69aed6a6,2025-07-22~HA~628~12173~14679~0800,2025-07-22,N212HA,ineligible,1,-6,-6
2025-07-22~N213HA,sha256:35637898290c7e71beb115e044606bf8e05fdcf62c520a9a07f805a1066154ce,2025-07-22~HA~91~14831~12173~0700,2025-07-22,N213HA,other,3,80,80
2025-07-22~N215HA,sha256:2f584f97b66befd193b42c5b14d895adb204138c8e8d5efdee9aa91be1b91e46,2025-07-22~HA~63~12892~12982~0930,2025-07-22,N215HA,ineligible,2,231,231
2025-07-22~N216HA,sha256:7d671c4ad19df48bbca84348819afd66a4dde47cc0df6f58f0635e257420d587,2025-07-22~HA~26~12173~14057~0750,2025-07-22,N216HA,ineligible,2,22,22
2025-07-22~N217HA,sha256:439c5aff29adf46078746c2bdec0a7abea39954ab00cbb1b009ec6d507b060d7,2025-07-22~HA~95~14869~12173~0700,2025-07-22,N217HA,ineligible,2,1,1
2025-07-22~N218HA,sha256:cee344d751884345ff420c145775de50fc07f84dc199c0d2b6f5035b96f3a7d6,2025-07-22~HA~41~14771~13830~0730,2025-07-22,N218HA,ineligible,2,4,1
2025-07-22~N220HA,sha256:a8beb9b6abeccf7f175e6e73f0888cc1e568209009b238b9c73846c659c1d8c6,2025-07-22~HA~71~12954~13830~0845,2025-07-22,N220HA,ineligible,2,5,5
2025-07-22~N226HA,sha256:c4abb53ff81d17b7e699668e01bf5153316bd3edf6ff03ced5d67c78ea593355,2025-07-22~HA~683~14057~12173~1055,2025-07-22,N226HA,ineligible,2,8,8
2025-07-22~N227HA,sha256:ad242fa9e2d85cd8cfb1b9dc6a61dec6308a9a8b0d43391af58f01ae841ae377,2025-07-22~HA~611~14679~12173~1230,2025-07-22,N227HA,ineligible,2,2,0
2025-07-22~N228HA,sha256:251a823e0f3d6a603c1822d20e00551b132dac057f54c31485902708037cf5fc,2025-07-22~HA~653~14831~13830~0700,2025-07-22,N228HA,ineligible,2,7,7
2025-07-22~N230HA,sha256:1cdccaa7bd815243380977bf1f37a2f30b09922486a294b52247a2828fd8d38a,2025-07-22~HA~65~14893~12982~0700,2025-07-22,N230HA,ineligible,2,-1,-1
2025-07-22~N361HA,sha256:62e03db047e2b8443ae06c2e03fd2ea1ed8a0ca2b15c7bb56815b7d6bd7f8e56,2025-07-22~HA~11~14771~12173~0935,2025-07-22,N361HA,ineligible,2,12,12
2025-07-22~N370HA,sha256:926011d704e5ee342184d240f7e10b344cba3115b8f347da8928c5b4f09ed15c,2025-07-22~HA~31~12889~13830~0850,2025-07-22,N370HA,ineligible,2,4,4
2025-07-22~N373HA,sha256:8e3b8ae56cffde50b5d1572557ed72334f65c6961a6e4b84f14f84f280053ac0,2025-07-22~HA~33~12892~13830~0700,2025-07-22,N373HA,other,3,18,18
2025-07-22~N374HA,sha256:60c157c4f8831c7d9902ce19fe1699ab75ace7b3138235069bf2e6a10963308b,2025-07-22~HA~89~10721~12173~0800,2025-07-22,N374HA,ineligible,1,6,6
2025-07-22~N375HA,sha256:a31faf90ac84b2c32cf077fda3d8adf153933457b599599c109a9c3597ef7a7a,2025-07-22~HA~15~14679~12173~0915,2025-07-22,N375HA,ineligible,1,14,14
2025-07-22~N378HA,sha256:8ef8479fd92cef1af63bbfa88743ef034147c490b7937132f2820d46d83aa353,2025-07-22~HA~19~14893~12173~0940,2025-07-22,N378HA,ineligible,1,-1,-1
2025-07-22~N379HA,sha256:0dd37e24cce94ed0d62f184a35408b43c80d9cbad6426213caca481c07b4f801,2025-07-22~HA~17~12889~12173~0150,2025-07-22,N379HA,near,4,1,-1
2025-07-22~N380HA,sha256:2c4157c6e69e7fc23344fa509a90ab5d12ff0efad6b8ebb2ae73c4a824299abc,2025-07-22~HA~7~12889~12173~0750,2025-07-22,N380HA,ineligible,1,-1,-1
2025-07-22~N381HA,sha256:8076989e58682086da89ad242ff39e3392d7263c3fc81e6f05d7fce465d48e93,2025-07-22~HA~16~12173~14679~1255,2025-07-22,N381HA,ineligible,1,10,10
2025-07-22~N382HA,sha256:ebb943e905f00f2d8f46b4a2626242db656591fb76f1f5455718f4ff11527de4,2025-07-22~HA~12~12173~14771~1330,2025-07-22,N382HA,ineligible,1,3,3
2025-07-22~N383HA,sha256:0e8c70aa7967dbc0ac7226da270263d27b6bb5989f71e2dddf4f2a2b0ee3434d,2025-07-22~HA~36~12173~14107~1105,2025-07-22,N383HA,ineligible,1,-3,-3
2025-07-22~N384HA,sha256:bb80b6d0c5ce347b2cae623f870ffad0fe28a19368a61010ed635672fa464700,2025-07-22~HA~27~14747~12173~1125,2025-07-22,N384HA,ineligible,1,75,75
2025-07-22~N385HA,sha256:ce40d2163d47396da829e38b46cb15da53de0cd335ca9adc5bb93dda9c3e1458,2025-07-22~HA~681~14747~10299~1145,2025-07-22,N385HA,ineligible,2,16,16
2025-07-22~N386HA,sha256:a51b130eba45e914d51fddb72af3b2ac6abc46398e56baf240e764fa140d368a,2025-07-22~HA~6~12173~12889~0810,2025-07-22,N386HA,near,3,1,0
2025-07-22~N388HA,sha256:e826d3b12fc55f6ff8b6230c546f13e34470fc0581002fa0648096cfcb54d801,2025-07-22~HA~633~14747~12173~1555,2025-07-22,N388HA,ineligible,1,8,8
2025-07-22~N390HA,sha256:f9c6ef91659951c5066305ddea17bcb2e05df8210f20bcb2911e9a2664fce81f,2025-07-22~HA~35~14107~12173~0805,2025-07-22,N390HA,ineligible,2,14,4
2025-07-22~N392HA,sha256:08b60c67f3302b5becbe79502b96b91adff9e107843c6d87335e2f35ab52f743,2025-07-22~HA~21~14747~12173~0815,2025-07-22,N392HA,ineligible,2,-5,-5
2025-07-22~N393HA,sha256:99d55a18f89eaff2ae6b55508d385cae1571dffae5bfb3e226c0353d9318e673,2025-07-22~HA~698~10299~14747~0250,2025-07-22,N393HA,recovered,3,106,-4
2025-07-22~N396HA,sha256:dc7f53875f37556b549c7e973c4b1d58954c937c0bd9647edb453067de77343b,2025-07-22~HA~1089~10721~12173~0600,2025-07-22,N396HA,ineligible,2,17,-1
2025-07-22~N399HA,sha256:2545ebd1744c0118c2249228d38cea617ee74f530d2a4793aca29225745f812b,2025-07-22~HA~465~12173~14222~1630,2025-07-22,N399HA,ineligible,2,-3,-3
2025-07-22~N475HA,sha256:7b6890a06162ccaa0cd54531d9c1e577398dd221b69680beee5de537d0c78e4f,2025-07-22~HA~225~13830~12173~1140,2025-07-22,N475HA,near,7,9,-4
2025-07-22~N476HA,sha256:067b9f1661fd14d52c920718b5954230c52e977df41e44a809f0fbd17e1e82d5,2025-07-22~HA~122~12173~12402~0605,2025-07-22,N476HA,other,11,19,1
2025-07-22~N477HA,sha256:7f8e066d70c1368bba5d1cfb74e12fa5bb6e38e13d2c1f4b14bc869d817c662f,2025-07-22~HA~222~12173~12402~1050,2025-07-22,N477HA,near,6,10,-6
2025-07-22~N478HA,sha256:64b1c7ef1970d9b5c79530e4e2658e7a5571907a554520c98b569f35b09f73b8,2025-07-22~HA~176~12173~13830~0853,2025-07-22,N478HA,other,9,15,15
2025-07-22~N479HA,sha256:24fbf297705c63d8dfb1baea350a774cf74c47e6afc4521c14bb7604c7367158,2025-07-22~HA~126~12173~13830~0615,2025-07-22,N479HA,ineligible,7,58,45
2025-07-22~N480HA,sha256:4ad499695c611adb929eca952c5e7104d7e7324189a1ee69c9a9e0d1fd025887,2025-07-22~HA~116~12173~13830~0536,2025-07-22,N480HA,near,12,5,1
2025-07-22~N483HA,sha256:bcd4e76c48b1e1fb2d62b4dc967816f726d20a2838f7991a4f77e9b50cd6161c,2025-07-22~HA~104~12982~12173~0600,2025-07-22,N483HA,near,9,6,6
2025-07-22~N484HA,sha256:87ef70d48c774f4482bca74e5b449f11198570d316ff437819371dbd88955e84,2025-07-22~HA~107~12758~12173~0600,2025-07-22,N484HA,other,7,16,-4
2025-07-22~N485HA,sha256:b1f36fec13885e6b6f7e43de4b651a33da151c252e66468714798c85a6df6615,2025-07-22~HA~101~12402~12173~0600,2025-07-22,N485HA,near,11,5,-7
2025-07-22~N486HA,sha256:81c889c463282fbdbbec11c1f3817eac8305171280a82ef0cfbfa7601e9a61ad,2025-07-22~HA~133~12173~12982~0620,2025-07-22,N486HA,near,11,2,2
2025-07-22~N487HA,sha256:1ddc4af385f1cdc7819939d24341951df48c6ef6887e4fb14e25479d043e16f3,2025-07-22~HA~138~12173~12758~0630,2025-07-22,N487HA,near,8,0,-4
2025-07-22~N489HA,sha256:0eaab31b48bb84a24236e9357cfda409ae32f8a6cf00fb9c58999a8625780f0a,2025-07-22~HA~118~12173~12758~0540,2025-07-22,N489HA,other,6,26,26
2025-07-22~N491HA,sha256:78437c57a91e7dd84ebbacad41944a915b6a566854076ce1b951e264e958119e,2025-07-22~HA~146~12173~13830~0700,2025-07-22,N491HA,near,11,13,-8
2025-07-22~N492HA,sha256:bbdde8197fb15feb9500c7357962cc3b18a097507348cc0e1fce2641301abee4,2025-07-22~HA~140~12982~13830~0909,2025-07-22,N492HA,near,9,0,-8
2025-07-22~N493HA,sha256:abe5751da207a0e6a9fce0bf693eeaa13781d431e8ae702d33d78835cedead02,2025-07-22~HA~113~12173~12982~0536,2025-07-22,N493HA,near,4,6,-1
2025-07-22~N494HA,sha256:4ae08426458fece79632501a2c0b037637f715d492639a1cafc29758b8980773,2025-07-22~HA~139~12758~13830~0810,2025-07-22,N494HA,near,10,5,3
2025-07-22~N495HA,sha256:4f1ec860e9458200117c19995f4ee9737002cd4375ac292f45089d3fada49ac5,2025-07-22~HA~105~13830~12173~0600,2025-07-22,N495HA,near,8,2,-7
2025-07-22~N780HA,sha256:f698c770b26181070734a8590d6e19cb9b7155a1226fb8ba27ecb33313188617,2025-07-22~HA~1~12892~12173~0830,2025-07-22,N780HA,ineligible,2,-3,-9
2025-07-22~N781HA,sha256:22733d13fae9d74f9a68099a3cb41e15e62e3591cf4f07cebfd206c7df793de5,2025-07-22~HA~51~12478~12173~0905,2025-07-22,N781HA,ineligible,2,8,0
2025-07-22~N782HA,sha256:faa0194504a11af8c5a8c6941e39ffaa91bc84f0be905c5c26062b55b107ad0a,2025-07-22~HA~3~12892~12173~1010,2025-07-22,N782HA,ineligible,1,124,124
2025-07-22~N783HA,sha256:35ce48df1085acab7a5ff2bf67c69d05249dc55fb7f70ef2a2e9fd74f124df56,2025-07-22~HA~4~12173~12892~1535,2025-07-22,N783HA,ineligible,1,2,2
2025-07-23~N202HA,sha256:78a6b8f005bb8be749a01b4025c144bbd2fec6d5e6740cee86a0048cba560e23,2025-07-23~HA~71~12954~13830~0845,2025-07-23,N202HA,ineligible,2,-7,-7
2025-07-23~N204HA,sha256:00ec3e2bb46316146cb635cad9cd0a3f5c8439d64f00199231951f07c76fb232,2025-07-23~HA~683~14057~12173~1055,2025-07-23,N204HA,ineligible,2,12,12
2025-07-23~N205HA,sha256:eb4bf3e2a5eb6f8911f0d7b0cb47e40394b176e120627ada85e73de9c4a30d01,2025-07-23~HA~63~12892~12982~0930,2025-07-23,N205HA,ineligible,2,16,9
2025-07-23~N208HA,sha256:3a74141c7fa992ae560e507374c406566892ff9669252d0b0174a298fa5f680d,2025-07-23~HA~653~14831~13830~0700,2025-07-23,N208HA,ineligible,2,-1,-1
2025-07-23~N209HA,sha256:d10b1d5b3fcbfc828826dc8d5deb4ac047d8744854c10742ba026917a22c4b68,2025-07-23~HA~69~12954~12173~0745,2025-07-23,N209HA,ineligible,2,6,-3
2025-07-23~N212HA,sha256:fe00fbb5e1914f39675939d965db660f6e5c3003e6512e643780bbc9a208d619,2025-07-23~HA~611~14679~12173~1230,2025-07-23,N212HA,ineligible,2,0,-2
2025-07-23~N213HA,sha256:9d7a87c61b1a3a1fc27c44fb1194ba966c180f9eed7dfa01c007c449456c9e72,2025-07-23~HA~26~12173~14057~0750,2025-07-23,N213HA,ineligible,2,26,26
2025-07-23~N215HA,sha256:64da95502e90ac931fc3b74ca27ab98179429d8ac646fa41ca9859d1bb38c63a,2025-07-23~HA~667~13796~12982~0715,2025-07-23,N215HA,ineligible,2,4,4
2025-07-23~N216HA,sha256:54000ca052f892d4e9c27885cff4ca174a0f08fd7bdf7c9db54143b16bd2b21d,2025-07-23~HA~628~12173~14679~0800,2025-07-23,N216HA,ineligible,1,13,13
2025-07-23~N217HA,sha256:57eeace25c4cb0db8f1bae13efd86a12b149a7336109cb17944221048b44d7fc,2025-07-23~HA~47~13796~12173~0850,2025-07-23,N217HA,ineligible,2,12,-5
2025-07-23~N218HA,sha256:70cc76b3f38e73471118f196b017eac7f743cda8bede24dff846cd6aeedcfec3,2025-07-23~HA~91~14831~12173~0700,2025-07-23,N218HA,other,3,33,33
2025-07-23~N220HA,sha256:fc24916727534942795ace6637f44c87bf20ec4ff6fdf32d9a8905892b65ca7f,2025-07-23~HA~59~14893~13830~0830,2025-07-23,N220HA,ineligible,2,-3,-3
2025-07-23~N226HA,sha256:a63943a03a143c70b375738600e47e8b6edcb81ebd2c565ad1d7fe9507f75132,2025-07-23~HA~49~14057~12173~0730,2025-07-23,N226HA,ineligible,2,46,23
2025-07-23~N227HA,sha256:898c5084cd5e55c73a066cd494e940034a0eb3da9a37a0cc5a90ce6b4d01d2c3,2025-07-23~HA~95~14869~12173~0700,2025-07-23,N227HA,ineligible,2,3,3
2025-07-23~N228HA,sha256:de725e5e1c6183ebca32a50e213da6f12d0239948d00e58d7ace7cdde7082de3,2025-07-23~HA~41~14771~13830~0730,2025-07-23,N228HA,ineligible,2,1,-1
2025-07-23~N230HA,sha256:b0770c56f4b157da3404b6b39c95eb22fba5dcad050a1031da9aebc51fd2674f,2025-07-23~HA~73~14893~12758~0700,2025-07-23,N230HA,ineligible,2,-4,-11
2025-07-23~N360HA,sha256:8262d1a563d05a9e63566141399e9fb1a6106f0fba81ff7d3528a4297f437350,2025-07-23~HA~16~12173~14679~1255,2025-07-23,N360HA,ineligible,1,2,2
2025-07-23~N361HA,sha256:599e5ab6b50dc3271933f572ee7f22d2b13a4d11efb8b0bfe0cb4c3d53988a1d,2025-07-23~HA~21~14747~12173~0815,2025-07-23,N361HA,ineligible,1,-7,-7
2025-07-23~N370HA,sha256:a7f2c54e12a7a81cc563df3a2eb6ad5ec8c79904d1a79fac6f31b14af0e2fad1,2025-07-23~HA~33~12892~13830~0700,2025-07-23,N370HA,other,3,27,27
2025-07-23~N373HA,sha256:629d5bd748f1eb01c3ba473e187439b76ad0a52445f4d71084f723a17bce6690,2025-07-23~HA~698~10299~14747~0250,2025-07-23,N373HA,ineligible,2,48,48
2025-07-23~N374HA,sha256:6e1cb497ee3adee241012f75ceb618a5d5958e706cf3569df11a5c2363fa2b72,2025-07-23~HA~22~12173~14747~1300,2025-07-23,N374HA,ineligible,1,14,14
2025-07-23~N375HA,sha256:b4748adbe551913653542c8c6a664027db56fdab232d18de217dcddf5e22cc17,2025-07-23~HA~18~12173~12889~1405,2025-07-23,N375HA,ineligible,1,5,5
2025-07-23~N379HA,sha256:923b1e621f92d1a64c99f81e96eaa5daf6b4f9b1ee6509badd7e9182cd0abffb,2025-07-23~HA~31~12889~13830~0850,2025-07-23,N379HA,ineligible,2,1,-4
2025-07-23~N380HA,sha256:5eb1deacb3da3a2828928cfc243b9a973c92c844b3f4be4a3a0831d22246e8e4,2025-07-23~HA~8~12173~12889~2210,2025-07-23,N380HA,ineligible,1,-2,-2
2025-07-23~N381HA,sha256:51b7c6cc225a2a0cbf223ee444ce6755be78475a35d76a91275061712437c111,2025-07-23~HA~15~14679~12173~0915,2025-07-23,N381HA,ineligible,2,46,0
2025-07-23~N382HA,sha256:863edad4a6a3112f11d070297ae29ad6e3bd066605d16359371bb36527f7a1f0,2025-07-23~HA~11~14771~12173~0935,2025-07-23,N382HA,ineligible,2,6,6
2025-07-23~N383HA,sha256:7e902a96decac3a5d7d37f4df6ef3ba93c0cf801365998c0b40665d99d178cbd,2025-07-23~HA~35~14107~12173~0805,2025-07-23,N383HA,ineligible,1,-2,-2
2025-07-23~N384HA,sha256:b8fd82ca468f6d3b00297fe8e0f16f9641576563ae3fb78aefb7e8e400de5b18,2025-07-23~HA~10~12173~12892~0740,2025-07-23,N384HA,ineligible,2,55,55
2025-07-23~N386HA,sha256:d0c8009b326f79677eb8d7f723d065ee84f27bd9a963b890c5ac292e348f3b5a,2025-07-23~HA~681~14747~10299~1145,2025-07-23,N386HA,ineligible,2,19,19
2025-07-23~N389HA,sha256:4bd76322c70b36bbede605276109c4eada8a8a745117a5b3c7af070265960a68,2025-07-23~HA~36~12173~14107~1105,2025-07-23,N389HA,ineligible,1,33,33
2025-07-23~N390HA,sha256:94afe0b4b506130b446867dfd93ff475cf027e4db63b16919695229b0e8b6824,2025-07-23~HA~7~12889~12173~0750,2025-07-23,N390HA,ineligible,2,6,6
2025-07-23~N391HA,sha256:90cb41fc82a3f6c09c7c5cda7f4d0163909497b65a4c64c0e4fd8cbaa559d1b9,2025-07-23~HA~633~14747~12173~1555,2025-07-23,N391HA,ineligible,1,32,32
2025-07-23~N392HA,sha256:39c5a5237b66010d63ef73fd3a2658585b8b1d1e1ab9e80755a88de0b33b7c97,2025-07-23~HA~19~14893~12173~0940,2025-07-23,N392HA,ineligible,2,48,48
2025-07-23~N393HA,sha256:efd08f73d106d8010858498ea7a6c12870bc2fa912c47d86ac15f848e6ec13d3,2025-07-23~HA~17~12889~12173~0150,2025-07-23,N393HA,other,4,15,-5
2025-07-23~N396HA,sha256:ac2a58ca0dd110ba153810f33fcbc4be3e81ae28b80aab6f94e1335410e91de4,2025-07-23~HA~29~14747~13830~1030,2025-07-23,N396HA,ineligible,2,-3,-3
2025-07-23~N475HA,sha256:1c49de48d69d2576fbfc046467e1f4e4e6707d8114f95bd8e6b3a53bf0f7c7e4,2025-07-23~HA~116~12173~13830~0536,2025-07-23,N475HA,near,11,9,8
2025-07-23~N476HA,sha256:e3946c36abe74a148d0daa7d9800d990d5377648b09f143a624ef7c2d4145baa,2025-07-23~HA~105~13830~12173~0600,2025-07-23,N476HA,near,10,5,-13
2025-07-23~N477HA,sha256:7f0a5c4bfb5defe18877e9faf227c0867598182dff34f4a106e1f92c175e2a50,2025-07-23~HA~146~12173~13830~0700,2025-07-23,N477HA,near,11,9,-6
2025-07-23~N478HA,sha256:2b46ab9fa5591e3179057e7b42a71231d0503bb02ec82113230b3f8bb693c9e4,2025-07-23~HA~101~12402~12173~0600,2025-07-23,N478HA,near,11,1,-8
2025-07-23~N479HA,sha256:9ceac8113c9358aff5cb12a89291baef93158ba3cfe502a95e871ac8f49ec12a,2025-07-23~HA~140~12982~13830~0909,2025-07-23,N479HA,near,9,8,1
2025-07-23~N480HA,sha256:6d87d33f8b47b4bd2fdc84df47dab398f81a73036185a73909ef6bdfb49cb937,2025-07-23~HA~107~12758~12173~0600,2025-07-23,N480HA,near,9,1,0
2025-07-23~N483HA,sha256:1add726f62808060078543d9a1f9bcad0bafdf49cec6aa67e333a7d2ac464af4,2025-07-23~HA~126~12173~13830~0615,2025-07-23,N483HA,near,11,2,-2
2025-07-23~N484HA,sha256:4071863a6199c284b96204611376b084da424b7f6cc1c0665e056e09c29967af,2025-07-23~HA~225~13830~12173~1140,2025-07-23,N484HA,other,5,30,14
2025-07-23~N485HA,sha256:52f04940279e4a1c6e370a4f8181661c38230340a41bb8d88b0379ec5db902b0,2025-07-23~HA~142~12173~12402~0714,2025-07-23,N485HA,other,8,25,-3
2025-07-23~N486HA,sha256:688369f2097d7ca1c691f94b7b69bf47c50bc2d202485954e717a887b7af6c85,2025-07-23~HA~104~12982~12173~0600,2025-07-23,N486HA,other,8,36,-8
2025-07-23~N487HA,sha256:6e09238490782aeb9d41f0e0a01efddc8f086c85a4cc382d76404646d53e32d6,2025-07-23~HA~139~12758~13830~0810,2025-07-23,N487HA,near,10,2,-3
2025-07-23~N491HA,sha256:c5886bde16079c971d634883de1e67a90648ec8b6a2ebec4c82ad36139ad1d4b,2025-07-23~HA~113~12173~12982~0536,2025-07-23,N491HA,near,9,4,-6
2025-07-23~N492HA,sha256:2edba461e47931207c905ea841ffd9d5dd9c4bd92ca411c517d443467b1b9138,2025-07-23~HA~138~12173~12758~0630,2025-07-23,N492HA,near,11,4,0
2025-07-23~N493HA,sha256:de45db5cddc355081a05cc62d7fc99f66265057ce6c5e924e509e5f7f31f0e07,2025-07-23~HA~133~12173~12982~0620,2025-07-23,N493HA,other,6,15,-6
2025-07-23~N494HA,sha256:9ab0bb83117fd66d24c1244b402228563b4f34c14831f9d70b0c1e48bf1b79f7,2025-07-23~HA~118~12173~12758~0540,2025-07-23,N494HA,near,9,6,3
2025-07-23~N495HA,sha256:b93d1d61160d95ec283aec84f1a5b0545f34e1239f64b03cd2cd4fec4887b283,2025-07-23~HA~122~12173~12402~0605,2025-07-23,N495HA,near,8,3,-2
2025-07-23~N780HA,sha256:199880cf82e1ffdf08fd4b13aac2f418be77f2f45f80f91b717ffececa6fa635,2025-07-23~HA~3~12892~12173~1010,2025-07-23,N780HA,ineligible,2,18,-2
2025-07-23~N781HA,sha256:3c88259c633066be018f164055f775bb6d6471fd449cc10769c320fd712602b8,2025-07-23~HA~51~12478~12173~0905,2025-07-23,N781HA,ineligible,2,7,-7
2025-07-23~N782HA,sha256:6fe43f039ebf792f6803b8396678889e8c29efb9516865e9797b2adb4984f616,2025-07-23~HA~2~12173~12892~1400,2025-07-23,N782HA,ineligible,1,-2,-2
2025-07-23~N783HA,sha256:86001d2114cbcee39c488eff4fb73894087a415627f02ba6e201c6c55c1ba2c7,2025-07-23~HA~1~12892~12173~0830,2025-07-23,N783HA,ineligible,1,-1,-1
2025-07-24~N202HA,sha256:e0261a3ec393c5fdb46cb6e27984fce2c7500f5e2ab16e5278b5bac94296d5de,2025-07-24~HA~59~14893~13830~0830,2025-07-24,N202HA,ineligible,2,-1,-1
2025-07-24~N204HA,sha256:bae208a5e8b787ff8d5980f7619813bdbf53d61aeb0ebb179d043eeac4c552b3,2025-07-24~HA~683~14057~12173~1055,2025-07-24,N204HA,ineligible,2,7,-2
2025-07-24~N205HA,sha256:f80dd81da06e8cfbe55dd6cf190008265868508578d735f2375fb2f41692b29e,2025-07-24~HA~667~13796~12982~0715,2025-07-24,N205HA,ineligible,2,10,10
2025-07-24~N208HA,sha256:3eb8dbabd207501c4a4c370300cfbf4b6306b1752f65913885b21f2af52934b9,2025-07-24~HA~41~14771~13830~0730,2025-07-24,N208HA,ineligible,2,16,16
2025-07-24~N209HA,sha256:f5f5897f37526b03be132eb64ef7ead0af01e630376f5f3e458a0bf95bb88942,2025-07-24~HA~91~14831~12173~0700,2025-07-24,N209HA,other,3,49,49
2025-07-24~N212HA,sha256:48bf822ce40e69fcde3a64366fce9ae4abf46755bb45464a7aa3c90be1615343,2025-07-24~HA~95~14869~12173~0700,2025-07-24,N212HA,ineligible,2,0,0
2025-07-24~N213HA,sha256:c60135b1891749853e95ff7d4b028e736fcf8e9b599ad608cb16a47e32ad4d0c,2025-07-24~HA~52~12173~14057~1335,2025-07-24,N213HA,ineligible,1,-5,-5
2025-07-24~N214HA,sha256:ae581e5ca5404eb60b3f3cf88387bf5cdb0e974f5c1304e6372f0ef2de1e488f,2025-07-24~HA~26~12173~14057~0750,2025-07-24,N214HA,other,3,32,32
2025-07-24~N215HA,sha256:7a9be1f24cbe6ff04927bac1515bea1fb41b95a78926e340588b7628216e73bf,2025-07-24~HA~63~12892~12982~0930,2025-07-24,N215HA,ineligible,2,-2,-3
2025-07-24~N216HA,sha256:125513ddbb815f9d2b28bcfd69d15982c472041d3612c82db6092b67eb00e725,2025-07-24~HA~611~14679~12173~1230,2025-07-24,N216HA,ineligible,2,1,-3
2025-07-24~N217HA,sha256:e9a1e98cdc584831b663742db836c7165cbf90691e45cfa6c4743c375f277a98,2025-07-24~HA~49~14057~12173~0730,2025-07-24,N217HA,ineligible,2,6,3
2025-07-24~N218HA,sha256:532e8d6a3871a0fc3fa7cc3f63e635a435ee238ee1471fa08d229c7d092b7bf9,2025-07-24~HA~628~12173~14679~0800,2025-07-24,N218HA,near,3,12,-4
2025-07-24~N220HA,sha256:01c0f86bf251aacc59219fc1d843d97ac2e6d34a4c0fe80e2ab0ff45f9ae3966,2025-07-24~HA~69~12954~12173~0745,2025-07-24,N220HA,near,3,8,-5
2025-07-24~N226HA,sha256:760b6297d1540863d462428a3fd34a9c961bf9191d93be0d24c29157cf7c563d,2025-07-24~HA~71~12954~13830~0845,2025-07-24,N226HA,ineligible,2,22,22
2025-07-24~N227HA,sha256:f71cdfc4bed2c9d80312bb3cbdee1828c5c226e2543a4e4cbf9485c8f31845de,2025-07-24~HA~47~13796~12173~0850,2025-07-24,N227HA,ineligible,2,4,4
2025-07-24~N228HA,sha256:a6d8d8b3c8ee6aa289f6735b7d59790a583bb4439a80cbae256802214ddb56cd,2025-07-24~HA~653~14831~13830~0700,2025-07-24,N228HA,other,4,20,20
2025-07-24~N230HA,sha256:dafc49b1c8d8300ad27efd18bc0e1dcd2c6eee449eb8e498f3f1a41fa6c6f7ee,2025-07-24~HA~65~14893~12982~0700,2025-07-24,N230HA,other,3,22,22
2025-07-24~N360HA,sha256:071a375fa97150cf891e454dc0c7a171c7b8ffcb0ccc2fe4fed728a4b7c44f36,2025-07-24~HA~15~14679~12173~0915,2025-07-24,N360HA,ineligible,1,3,3
2025-07-24~N361HA,sha256:2ba5978a27e2ca86284e065e981dd7450d6c00e87eb8b8d0829d9148da4b81b9,2025-07-24~HA~634~12173~14747~2115,2025-07-24,N361HA,ineligible,1,-1,-1
2025-07-24~N370HA,sha256:c4e2edb95f8c7121a95e191c9a14615db7d4ae009fafeb4f8542da42aaf87912,2025-07-24~HA~698~10299~14747~0250,2025-07-24,N370HA,ineligible,1,49,49
2025-07-24~N373HA,sha256:1bf3cf55e75f31c87876d92e3959a71ccdeedcfbec6786a56280434fdbc681eb,2025-07-24~HA~10~12173~12892~0740,2025-07-24,N373HA,near,3,-3,-3
2025-07-24~N374HA,sha256:9a82d285d03beffb9101aab28e23233dee1d8e2ca30a2aca2b9f94db4b2c26d8,2025-07-24~HA~29~14747~13830~1030,2025-07-24,N374HA,ineligible,2,1,-10
2025-07-24~N375HA,sha256:cb423a6726c1886c2b69e9050c9518b48745464030a374919689cd3305377151,2025-07-24~HA~7~12889~12173~0750,2025-07-24,N375HA,ineligible,2,16,2
2025-07-24~N378HA,sha256:4874b8f52f094d84dadf2c8d5e8912bc50bb071a70a2df727cb3c53d76bccf4f,2025-07-24~HA~30~13830~14747~1115,2025-07-24,N378HA,ineligible,2,392,392
2025-07-24~N379HA,sha256:2f9a6498ce44286ccbc44f43a5fa75b5dd8dbe71ee6c91ae3242cd4d9737b7cd,2025-07-24~HA~33~12892~13830~0700,2025-07-24,N379HA,ineligible,1,69,69
2025-07-24~N380HA,sha256:2f31e26e3067077caa0c8b7e21b591b0cde94326a7c8c61ea9708b851cf8b47f,2025-07-24~HA~31~12889~13830~0850,2025-07-24,N380HA,ineligible,2,1,1
2025-07-24~N381HA,sha256:1f45c4846f28b7cf15c4f5c18d6ddeccca2b19e9b3cc385982b9e45150ada4ab,2025-07-24~HA~21~14747~12173~0815,2025-07-24,N381HA,ineligible,1,0,0
2025-07-24~N382HA,sha256:2c8536bf75117350ea1ec8f1ecfe5da4dab2ed90bac28659860401fca61532c9,2025-07-24~HA~89~10721~12173~0800,2025-07-24,N382HA,ineligible,1,12,12
2025-07-24~N383HA,sha256:d1721968547bbd222eea5b0cde4505325d00c4228ffca72126b89b2aba89e95e,2025-07-24~HA~22~12173~14747~1300,2025-07-24,N383HA,ineligible,1,16,16
2025-07-24~N384HA,sha256:4fbb2923c24b35e983fd0ba931199847dea678ec89c3fa0a1e2a1a8cf5543fde,2025-07-24~HA~16~12173~14679~1255,2025-07-24,N384HA,ineligible,1,5,5
2025-07-24~N386HA,sha256:adc015d1a0071ee9e349758cbc203d76fc05c35c97776596fcebb2499b91c5eb,2025-07-24~HA~1082~10299~14747~0900,2025-07-24,N386HA,ineligible,3,295,1
2025-07-24~N388HA,sha256:c4fefa4ea73814286a84f0fc077abbc8cfca32a146335fc9d05ee5dbf1dab27f,2025-07-24~HA~36~12173~14107~1105,2025-07-24,N388HA,ineligible,1,1,1
2025-07-24~N389HA,sha256:bc21f7d041fabc70cacf2912aeeb14e367b2cf1d57dec96e39687c208823dd04,2025-07-24~HA~35~14107~12173~0805,2025-07-24,N389HA,ineligible,2,8,8
2025-07-24~N390HA,sha256:2c9417447118dd7e676d12d49439323259f0acdb563d49c6e04e32575e9dfc12,2025-07-24~HA~19~14893~12173~0940,2025-07-24,N390HA,near,3,-2,-7
2025-07-24~N391HA,sha256:88d2d2098abdbbd0db05d97245adc2694a916e13118112fe3f7dca726600e249,2025-07-24~HA~18~12173~12889~1405,2025-07-24,N391HA,ineligible,1,0,0
2025-07-24~N392HA,sha256:e2f245ad937c106a4b065714d4d96c260fb5a6dd8c166c064084549515c8b95a,2025-07-24~HA~11~14771~12173~0935,2025-07-24,N392HA,ineligible,1,6,6
2025-07-24~N393HA,sha256:93e3bbc95c79983c38b5211d4c34a75cf2d0d7cbb0eccd80e4f5098c1ffa930c,2025-07-24~HA~681~14747~10299~1145,2025-07-24,N393HA,other,3,55,55
2025-07-24~N396HA,sha256:eeae450f28c55ddf10250d4da880dd60c977616555ef65e6021cb638ae1d4a32,2025-07-24~HA~17~12889~12173~0150,2025-07-24,N396HA,near,3,3,-1
2025-07-24~N399HA,sha256:e8f8b39dc4e6c5bdd939efa99c04467496b37b3c75a0172dc85da9cd22970e69,2025-07-24~HA~12~12173~14771~1330,2025-07-24,N399HA,ineligible,1,-2,-2
2025-07-24~N475HA,sha256:7936ec9aa04c2993da8e14114342d6c58707e3ed1859d9e570c66ec28143c104,2025-07-24~HA~107~12758~12173~0600,2025-07-24,N475HA,other,11,25,-7
2025-07-24~N476HA,sha256:99c64d21a5070b573a657b0fa44e4acaa57362b42cff68d65c820c017dc6027a,2025-07-24~HA~116~12173~13830~0536,2025-07-24,N476HA,near,11,0,-1
2025-07-24~N478HA,sha256:5d515554c5476a16927ab1e844b160a05359138e78a33feb8a69d730a9e8c0ce,2025-07-24~HA~118~12173~12758~0540,2025-07-24,N478HA,near,9,2,-7
2025-07-24~N479HA,sha256:e0cbc6932aa779a34c5020ccd5062adf8e28171fcf80ddbdedd0e95d62214507,2025-07-24~HA~122~12173~12402~0605,2025-07-24,N479HA,near,8,2,-1
2025-07-24~N480HA,sha256:678900dca8e9276e4ae6562ee0f8c933301fe6c399d8f002e4de26b37c13dcce,2025-07-24~HA~138~12173~12758~0630,2025-07-24,N480HA,near,11,13,4
2025-07-24~N483HA,sha256:3e9399692c77db3f942b9c423c0ff620b3d1ea9244b5c230343f6252d88704e8,2025-07-24~HA~101~12402~12173~0600,2025-07-24,N483HA,near,11,5,-3
2025-07-24~N484HA,sha256:5920ddb144dcc198cdb967254c77538e6a4a5f1eba05ca6cc4416f07052df124,2025-07-24~HA~113~12173~12982~0536,2025-07-24,N484HA,near,12,10,-6
2025-07-24~N485HA,sha256:b8636b6e9f30a2bcb95cb71c91fe2b3ea2c352332b8bad8a931078141875aa88,2025-07-24~HA~104~12982~12173~0600,2025-07-24,N485HA,other,9,22,22
2025-07-24~N486HA,sha256:208419edf327ed2c03c5a8c524d20f457a8c58d6de1b401b4de0c427b1249702,2025-07-24~HA~126~12173~13830~0615,2025-07-24,N486HA,near,11,5,5
2025-07-24~N487HA,sha256:7746e159c7a81e072872746acbb3bbc7a619af27c9eb8248ace014873645b974,2025-07-24~HA~202~12173~12402~0920,2025-07-24,N487HA,near,9,9,1
2025-07-24~N489HA,sha256:597966db9347133e687e5291e1b88ab02c785c46796d34af19ae84ed12365810,2025-07-24~HA~146~12173~13830~0700,2025-07-24,N489HA,near,8,4,-5
2025-07-24~N491HA,sha256:6b6a13386fccd3295995ad751d39a7307bd678b9d35164001454a9e2a9ac3844,2025-07-24~HA~225~13830~12173~1140,2025-07-24,N491HA,other,7,20,-7
2025-07-24~N492HA,sha256:b081339dcdb913559666585e92f82fab4c5a63498e83c6e45231b934f16367d6,2025-07-24~HA~105~13830~12173~0600,2025-07-24,N492HA,other,12,30,-3
2025-07-24~N493HA,sha256:1a272bdc2b3ce561875fe64f7b45c36834bbd0dfd4f8a8d029260807b71b9bd8,2025-07-24~HA~133~12173~12982~0620,2025-07-24,N493HA,near,11,5,5
2025-07-24~N494HA,sha256:a5ff1302f8029bf997c26019f84fe4db8e5301442f1c28235fb512228329f9b5,2025-07-24~HA~147~12758~12173~0800,2025-07-24,N494HA,near,7,9,-3
2025-07-24~N495HA,sha256:c07592a8ddd8ad207dd67541be8ae8ea9e4f58e5a1f9a0ff24280fa73df5ce1b,2025-07-24~HA~140~12982~13830~0909,2025-07-24,N495HA,near,9,6,-9
2025-07-24~N780HA,sha256:a71b8cdfa967d004cdddc07bdfcbb91e86f494970b9b4dcdd547bc0dd63b6d16,2025-07-24~HA~51~12478~12173~0905,2025-07-24,N780HA,ineligible,2,6,6
2025-07-24~N781HA,sha256:5daecdb8f5bc8459774205d237d2f84b64c72288207ab03e48092677663fe696,2025-07-24~HA~1~12892~12173~0830,2025-07-24,N781HA,ineligible,2,45,-5
2025-07-24~N782HA,sha256:1bd712dce4df4127515ab1421e28306c479a455341db2cc06e6a67ead22d2c23,2025-07-24~HA~3~12892~12173~1010,2025-07-24,N782HA,ineligible,1,9,9
2025-07-24~N783HA,sha256:ee2932b08b7cf2816b5269a7468e7518046289f9dadb35bbec483bf16b8b57d1,2025-07-24~HA~50~12173~12478~1530,2025-07-24,N783HA,ineligible,1,-8,-8
2025-07-25~N202HA,sha256:07d0c77c402b61615e97e02595c95938a488c731d4d8a6f5db341eb1f91445b8,2025-07-25~HA~69~12954~12173~0745,2025-07-25,N202HA,ineligible,2,-1,-1
2025-07-25~N204HA,sha256:52596d4671e2b5d32ebd2302c37cb5b67fb36e273009a979299462f4ad48d759,2025-07-25~HA~683~14057~12173~1055,2025-07-25,N204HA,ineligible,2,4,-8
2025-07-25~N205HA,sha256:8051d0c2ffffe820ef2f22c2cf261cd54d26237de6984a257e17d917a53b799e,2025-07-25~HA~59~14893~13830~0830,2025-07-25,N205HA,ineligible,2,-6,-6
2025-07-25~N208HA,sha256:6d9b8e39e3eb551f5bc10229e6c645c8e493a11f89bfe56b82fd5f6b60b0e1d1,2025-07-25~HA~653~14831~13830~0700,2025-07-25,N208HA,ineligible,2,3,3
2025-07-25~N209HA,sha256:b617de0f128f6740256cc8645187f7d162b23ed1f28bdcc775dda50d2c5b98e4,2025-07-25~HA~628~12173~14679~0800,2025-07-25,N209HA,near,3,3,2
2025-07-25~N212HA,sha256:7eee70f9f99a69f4e187ff927f13fa6e701d3cea35a05ff6057624a9ac6d4029,2025-07-25~HA~23~13796~13830~0700,2025-07-25,N212HA,other,3,97,97
2025-07-25~N213HA,sha256:058117a526a268110d6e0ccce7d3f4f4ee21e40a5998cf98e5eefec6f77041f3,2025-07-25~HA~49~14057~12173~0730,2025-07-25,N213HA,ineligible,2,6,6
2025-07-25~N214HA,sha256:19961de3ceb9ba474430840ef07fe2cdf559c1f8ff64a331a768b0e3e7a23c44,2025-07-25~HA~41~14771~13830~0730,2025-07-25,N214HA,ineligible,2,10,10
2025-07-25~N215HA,sha256:0376f27e69d323454a33bd56114650b67cebd78d4162e56544d5d322fe448303,2025-07-25~HA~47~13796~12173~0850,2025-07-25,N215HA,ineligible,2,2,2
2025-07-25~N216HA,sha256:f227edcbef9541bd3023404df7303e3d5be341d94a8b859fe2ddb270d53384aa,2025-07-25~HA~95~14869~12173~0700,2025-07-25,N216HA,ineligible,2,2,2
2025-07-25~N217HA,sha256:b8959020cce7556356d52f64eb0afbbc020746fdeaabd30e3b75be7794302851,2025-07-25~HA~71~12954~13830~0845,2025-07-25,N217HA,ineligible,2,0,-2
2025-07-25~N218HA,sha256:13530764dbe97b567708d608b967aca3796003c7bbdea137062f0a1c6669de84,2025-07-25~HA~611~14679~12173~1230,2025-07-25,N218HA,ineligible,2,-1,-4
2025-07-25~N220HA,sha256:1b0175fc9187c12d3245c8f2543e888c1a19f2f264da908f4fd1c024e4a96d72,2025-07-25~HA~667~13796~12982~0715,2025-07-25,N220HA,ineligible,4,87,87
2025-07-25~N226HA,sha256:7b59bf9fbe7992fdf18447a9bd63155fe166f7a9bbc7b06e2ff6db97f9f6f4bc,2025-07-25~HA~65~14893~12982~0700,2025-07-25,N226HA,ineligible,2,1,1
2025-07-25~N227HA,sha256:31fcb7db1d097d602a52e32ab52dbb7f1db9e02a09ebc87e7a44c9b8b6a44a99,2025-07-25~HA~91~14831~12173~0700,2025-07-25,N227HA,other,3,98,98
2025-07-25~N228HA,sha256:84b89c46dbd7cef152afd39a6698ed8ad6c5a0aa6ab7dcbd0896ed9043b8dc68,2025-07-25~HA~63~12892~12982~0930,2025-07-25,N228HA,ineligible,2,19,18
2025-07-25~N230HA,sha256:518027debf60a8a98fd60a102984b4e5f5ae7d6a0425f2c8e17a608ceff900a8,2025-07-25~HA~26~12173~14057~0750,2025-07-25,N230HA,other,3,32,23
2025-07-25~N360HA,sha256:0b03729d48c8af0c5f79c72dc7bbc3a99778b5f859387d680cfb6f01eeb05dd9,2025-07-25~HA~12~12173~14771~1330,2025-07-25,N360HA,ineligible,1,5,5
2025-07-25~N361HA,sha256:fba4aa6110a4523545e806cd45b2e62ef629de4b9c8542ee90a105dfbdd17b71,2025-07-25~HA~21~14747~12173~0815,2025-07-25,N361HA,ineligible,2,4,4
2025-07-25~N373HA,sha256:3b073288ac08c4d7ba9346cee7a6d6a53884075bb344f1e68256d10689e16663,2025-07-25~HA~31~12889~13830~0850,2025-07-25,N373HA,ineligible,2,-2,-5
2025-07-25~N374HA,sha256:0755b49ee1652c741821f8a41c0a95d787673b449e1f81f67397c0ade19e9555,2025-07-25~HA~17~12889~12173~0150,2025-07-25,N374HA,other,4,32,32
2025-07-25~N375HA,sha256:74a7f5e249c519492064ab3f8afaf0bb10cb39d5d0d4fd44f58c15f2b5a54b9c,2025-07-25~HA~19~14893~12173~0940,2025-07-25,N375HA,ineligible,2,1,1
2025-07-25~N378HA,sha256:80241468e20880508fe060ceb0a57e44ded09ff815ff938a17642d2c9c6185e5,2025-07-25~HA~16~12173~14679~1255,2025-07-25,N378HA,ineligible,1,-6,-6
2025-07-25~N379HA,sha256:dd1f8a38b015d813fa75d9956bf70f557cf4ff1bd086d047dccd16de88bfefcc,2025-07-25~HA~36~12173~14107~1105,2025-07-25,N379HA,ineligible,1,58,58
2025-07-25~N380HA,sha256:a7cfd99105aea0cd2e8e788abbaeb2e28c35344cbc94c7445cf7ebd9c0ad2d6b,2025-07-25~HA~33~12892~13830~0700,2025-07-25,N380HA,other,3,47,47
2025-07-25~N381HA,sha256:c6e2bbab71e15b6a40552873f2b9fe6d11ee81b9187daf36bdd43656f05930ee,2025-07-25~HA~20~12173~14893~1330,2025-07-25,N381HA,ineligible,1,10,10
2025-07-25~N383HA,sha256:91c07210008a03ff0ccc7a16f9cc276a0c243712cacae16455b3737a3635f8b7,2025-07-25~HA~29~14747~13830~1030,2025-07-25,N383HA,ineligible,2,-2,-2
2025-07-25~N384HA,sha256:29858bd85d82fe16016df3a67a6a10b6f1dbcf16a792e5e62a88413b32aed310,2025-07-25~HA~15~14679~12173~0915,2025-07-25,N384HA,ineligible,1,-5,-5
2025-07-25~N386HA,sha256:fd43168c87f11b5adf507ecee830c5303da9be5ef42e5ef31185c0a16ff88c28,2025-07-25~HA~681~14747~10299~1145,2025-07-25,N386HA,ineligible,3,446,19
2025-07-25~N388HA,sha256:1b5ca1a8009a2d09434fc24c0f59c6aef51c78ebebdd948ea47438354cd71f73,2025-07-25~HA~35~14107~12173~0805,2025-07-25,N388HA,ineligible,1,25,25
2025-07-25~N389HA,sha256:420a026f6a368328b996e1a68293e43fda3172af48de0f00de248c4064afb8d6,2025-07-25~HA~89~10721~12173~0800,2025-07-25,N389HA,ineligible,1,3,3
2025-07-25~N390HA,sha256:232c8695b22a19a5ca081537ee580f8f3cadcbd4553fa8faeaf82a5225b8bf98,2025-07-25~HA~6~12173~12889~0810,2025-07-25,N390HA,other,3,18,-3
2025-07-25~N391HA,sha256:766d25408c1f3d4b9005651701cf26b554da67daed7ee95fc6b2348eb5ac08eb,2025-07-25~HA~7~12889~12173~0750,2025-07-25,N391HA,ineligible,1,7,7
2025-07-25~N392HA,sha256:ca8628aff04be4fec00423bc892bf8e1492719d96ed0111ec6adf716aa390bb9,2025-07-25~HA~22~12173~14747~1300,2025-07-25,N392HA,ineligible,1,-1,-1
2025-07-25~N393HA,sha256:450c9f159b7169343cc4cec8f8460777c2c64bf5638aeb2fef3252e182db6fb9,2025-07-25~HA~698~10299~14747~0250,2025-07-25,N393HA,ineligible,1,73,73
2025-07-25~N399HA,sha256:8222aa32706284ca9a1968cc2314244733ae107eb0a332a4baaeed31f916fbb2,2025-07-25~HA~11~14771~12173~0935,2025-07-25,N399HA,ineligible,1,-6,-6
2025-07-25~N475HA,sha256:206bebb9535c80794d71f10a91d8fd954aac07c608576e20c56430a4592ef163,2025-07-25~HA~133~12173~12982~0620,2025-07-25,N475HA,near,9,5,-6
2025-07-25~N476HA,sha256:b6b4c34048850cb64393c6355b5561bc7fd53caab7ddc3d78d45c7a06c3249b1,2025-07-25~HA~101~12402~12173~0600,2025-07-25,N476HA,near,7,5,5
2025-07-25~N478HA,sha256:3899130f2b98ac3ed9cce56cea9db72c80b39845805dcad17055f4885c01764c,2025-07-25~HA~225~13830~12173~1140,2025-07-25,N478HA,near,7,9,-7
2025-07-25~N479HA,sha256:ef95e0135c6f91cfa01efafcef3887cf0c4a8862addc3fc06fa26a2713912ffe,2025-07-25~HA~140~12982~13830~0909,2025-07-25,N479HA,near,9,7,-6
2025-07-25~N480HA,sha256:34c0a01e4093bf61f1f339bda24fad1b730eaeae5d50a91fe96a728973f2d088,2025-07-25~HA~122~12173~12402~0605,2025-07-25,N480HA,near,8,7,-4
2025-07-25~N483HA,sha256:2a75723c3dba91ba96bbcb812a9e0af3c97f9f38a89b2c581a1033e276d8c603,2025-07-25~HA~126~12173~13830~0615,2025-07-25,N483HA,near,11,6,-4
2025-07-25~N484HA,sha256:f66383d3bc4aa7b030364193921f3977bedacbbfce292d59f12dc9974b933ab7,2025-07-25~HA~138~12173~12758~0630,2025-07-25,N484HA,near,12,9,0
2025-07-25~N485HA,sha256:ba26f6e8902a6df9f54fa9aa1ae867f93950e3baf0c50d489eda823436d5f2d5,2025-07-25~HA~158~12173~12758~0730,2025-07-25,N485HA,other,7,29,14
2025-07-25~N486HA,sha256:6f846bb142ef54099e39d00fe686e134599e0df4107485a67b426b7edd3cffcf,2025-07-25~HA~104~12982~12173~0600,2025-07-25,N486HA,near,12,13,-7
2025-07-25~N487HA,sha256:ba2ae3f06e40cc1f2bc00b17f94049436b25c1a9ed86f54f1d57bffccc543efa,2025-07-25~HA~105~13830~12173~0600,2025-07-25,N487HA,other,10,53,10
2025-07-25~N489HA,sha256:41247679865db5014fc12a374e43d1bccb3f64223c221529141733990af49c22,2025-07-25~HA~147~12758~12173~0800,2025-07-25,N489HA,ineligible,11,87,41
2025-07-25~N490HA,sha256:a9dbd4454270e80c42a86fe24f208121618494a849ab970f9d0245fe7f05855e,2025-07-25~HA~306~12173~13830~1325,2025-07-25,N490HA,persisted,6,86,86
2025-07-25~N491HA,sha256:aea325ef08307dcb095a44adc8d19266f031b4bebddf58d4a18f3c19e14f1bd8,2025-07-25~HA~116~12173~13830~0536,2025-07-25,N491HA,ineligible,11,159,2
2025-07-25~N492HA,sha256:76ce1fb021cd8ab08054f61243fe0293fda181b1b4d17365058c4352b27cbb74,2025-07-25~HA~146~12173~13830~0700,2025-07-25,N492HA,other,8,30,6
2025-07-25~N493HA,sha256:3fa0080172bbc3e174dd0daf9fe0739b3eb767ca648040e23faeb1ee7e57a37c,2025-07-25~HA~107~12758~12173~0600,2025-07-25,N493HA,near,10,5,-8
2025-07-25~N494HA,sha256:b90171f8273a65331b589257b3ae54ef479c2cd21e6de733a98e49c88472c2a3,2025-07-25~HA~113~12173~12982~0536,2025-07-25,N494HA,near,12,13,-4
2025-07-25~N495HA,sha256:a64e4bcd41cce4c17445db85bbcc4b53a0b7c1466a6a30bd66df4f750bc778fc,2025-07-25~HA~118~12173~12758~0540,2025-07-25,N495HA,other,12,45,-2
2025-07-25~N780HA,sha256:1b7a6185cb00d311b01e60d31becc089aee8363f723d0631386fdcd93cd4f447,2025-07-25~HA~1~12892~12173~0830,2025-07-25,N780HA,ineligible,1,20,20
2025-07-25~N781HA,sha256:3f5099301a0d678ebc4356cae7ad3ced66467e8a49d5aaa803b23240a2d6a423,2025-07-25~HA~3~12892~12173~1010,2025-07-25,N781HA,ineligible,2,57,8
2025-07-25~N782HA,sha256:261f63d05e3e21fc29899e45245d5bbf7028a662c73fb54da4ec013b38893b9a,2025-07-25~HA~2~12173~12892~1400,2025-07-25,N782HA,ineligible,1,83,83
2025-07-25~N783HA,sha256:3d9c87dd44613f0b0b9443651079d266fd077ab93ab13cb6e6d8fe40ec1bc5ca,2025-07-25~HA~51~12478~12173~0905,2025-07-25,N783HA,ineligible,2,4,4
2025-07-26~N202HA,sha256:5dc25a189c3d4b4c92415a72cad8062bfe325dfdc834431396298e2cd28f4a3b,2025-07-26~HA~49~14057~12173~0730,2025-07-26,N202HA,ineligible,2,3,-7
2025-07-26~N204HA,sha256:8ce0b49ee638e3b8de50b5b738d47e824c7c61053a73fa6fba5b5b1dbf3b8f9f,2025-07-26~HA~95~14869~12173~0700,2025-07-26,N204HA,ineligible,2,4,4
2025-07-26~N205HA,sha256:d1e3623e08e241658091a12ad6160853f68cff65bd70c5a56b952168d3cb18ed,2025-07-26~HA~71~12954~13830~0845,2025-07-26,N205HA,ineligible,2,14,14
2025-07-26~N209HA,sha256:b3f6e9bcb0ef9201cfec79d2726e95d3c4f1b066cf7f718c4047c1febfd3608c,2025-07-26~HA~611~14679~12173~1230,2025-07-26,N209HA,ineligible,2,24,-5
2025-07-26~N212HA,sha256:dd45d371d03d2e5a4a87fb96e478ae0d63517250b29aea4f063c142a4b109910,2025-07-26~HA~26~12173~14057~0750,2025-07-26,N212HA,near,3,1,1
2025-07-26~N213HA,sha256:112569427cf209b57ed6dfb595537143a53bf16bcdc98b071ee4db6cce5e19ea,2025-07-26~HA~69~12954~12173~0745,2025-07-26,N213HA,ineligible,2,-4,-6
2025-07-26~N214HA,sha256:8596891a9ed278a4f536488a2a9b9daf4ece2e64e54ee01ecf332e3e86995ad7,2025-07-26~HA~23~13796~13830~0700,2025-07-26,N214HA,ineligible,3,821,7
2025-07-26~N215HA,sha256:02b81be55479d0d040dadee040063f3085ca88bef6176b90187c010f36b89d19,2025-07-26~HA~91~14831~12173~0700,2025-07-26,N215HA,ineligible,4,118,118
2025-07-26~N216HA,sha256:a30d6f88d276378cf4a4ef79ccdd9a0ec6d464906753221197466b0485dfcff6,2025-07-26~HA~667~13796~12982~0715,2025-07-26,N216HA,other,3,24,18
2025-07-26~N217HA,sha256:fa04a46ec2264723f967196d958e34c74531f32b4be399a605f9c075c4b2e80c,2025-07-26~HA~73~14893~12758~0700,2025-07-26,N217HA,ineligible,2,-1,-6
2025-07-26~N218HA,sha256:38c17507122a1b78898406fa9d528dae18855d59f7580714b0c74393556d6f64,2025-07-26~HA~683~14057~12173~1055,2025-07-26,N218HA,ineligible,1,3,3
2025-07-26~N220HA,sha256:93b2465d1cb7b1cd165dbfc3fba9bcf0c4141cb5715731f42f71fe3045a4ba7e,2025-07-26~HA~63~12892~12982~0930,2025-07-26,N220HA,ineligible,2,93,92
2025-07-26~N226HA,sha256:18c20e048f07f2b003b3cde151189b3f49c6e50ee135f2d98fb05634e1ff62f1,2025-07-26~HA~59~14893~13830~0830,2025-07-26,N226HA,ineligible,2,0,-2
2025-07-26~N227HA,sha256:dd5df4bfacb27041519287a61715cccb1baabd5a016b36e3ac919d01d0cc5ba2,2025-07-26~HA~628~12173~14679~0800,2025-07-26,N227HA,near,3,-2,-2
2025-07-26~N228HA,sha256:df1e34e6778a1f60c824f4d0f307eb9e031cc3785777af438c401c144a68b1c1,2025-07-26~HA~47~13796~12173~0850,2025-07-26,N228HA,ineligible,2,0,0
2025-07-26~N230HA,sha256:ad1dd5724728ef2d5c2fadb0f10cda02ae2af464ab98311168b68272f8a17ff0,2025-07-26~HA~41~14771~13830~0730,2025-07-26,N230HA,ineligible,2,30,19
2025-07-26~N360HA,sha256:0ae7acffe163b8d16ec4dcd7ee8f9f3c0d54704a990847f8bfa2f5b435218ccd,2025-07-26~HA~11~14771~12173~0935,2025-07-26,N360HA,ineligible,1,-2,-2
2025-07-26~N361HA,sha256:f1b2a12f227aa874267bc40b201d0fd92452c1d776e38c018895275f617b7a4c,2025-07-26~HA~7~12889~12173~0750,2025-07-26,N361HA,ineligible,2,1,-6
2025-07-26~N370HA,sha256:2fab0aff4a7a228f898ffdd101085ee22ed36ab21e86339c59023d91e095e6d1,2025-07-26~HA~27~14747~12173~1125,2025-07-26,N370HA,ineligible,1,22,22
2025-07-26~N373HA,sha256:b08ef9c4ba167e9d2424dae1f3ccab876d6f7f89617ef2e4843dfe2ebf4fdbdf,2025-07-26~HA~33~12892~13830~0700,2025-07-26,N373HA,near,3,9,9
2025-07-26~N374HA,sha256:cae867aab392b84ed8b5e09a9ce16a1d4eef2b558e518c3659e1199e87e6b1b9,2025-07-26~HA~31~12889~13830~0850,2025-07-26,N374HA,ineligible,2,10,-7
2025-07-26~N375HA,sha256:7cd7be9080a3b7b6991d9650abe009926b59799a3e1ce1020876ed38288702be,2025-07-26~HA~21~14747~12173~0815,2025-07-26,N375HA,ineligible,2,2,-4
2025-07-26~N378HA,sha256:004b81a333ff09cf898f768d62dbad568ac630392b799dbf584526059eb4ea04,2025-07-26~HA~15~14679~12173~0915,2025-07-26,N378HA,ineligible,1,2,2
2025-07-26~N379HA,sha256:45f7f88fe4a952002b72210e1d6fa6da4012734d3292478ef08ea4ce609024c9,2025-07-26~HA~35~14107~12173~0805,2025-07-26,N379HA,ineligible,1,-4,-4
2025-07-26~N380HA,sha256:537d71808c7ba84ba8f37afa068ae733caef64e1c84a6bda1e68c4876859198d,2025-07-26~HA~698~10299~14747~0250,2025-07-26,N380HA,other,3,44,-6
2025-07-26~N381HA,sha256:68307cbabacbfc058236043ea793bb5d98e0d907d3d5a22044de543e9448663d,2025-07-26~HA~19~14893~12173~0940,2025-07-26,N381HA,ineligible,1,0,0
2025-07-26~N382HA,sha256:11f7130bf0e89709609ab78bcfe6a167ad5cda192f680ff6c43d3cb3f8bdc126,2025-07-26~HA~18~12173~12889~1405,2025-07-26,N382HA,ineligible,1,3,3
2025-07-26~N383HA,sha256:d96be78452a81d42cd54bd21b6bdf72b988259ef4fad0de47f190b040f0ba840,2025-07-26~HA~17~12889~12173~0150,2025-07-26,N383HA,near,4,11,-2
2025-07-26~N386HA,sha256:630782748dac96e2135b903b70ff430a170d055f643a93aa773de9b701e9bf2e,2025-07-26~HA~6~12173~12889~0810,2025-07-26,N386HA,near,3,8,-1
2025-07-26~N388HA,sha256:0337ce07a8224e1fc86ae925d3209639ec326aaa1b8e7cd613bd499c09577501,2025-07-26~HA~22~12173~14747~1300,2025-07-26,N388HA,ineligible,1,2,2
2025-07-26~N389HA,sha256:5d6e00bbe1a42074d19ef7bb7818fadf9eef7c1b3497820f5e2a2d18016bc34a,2025-07-26~HA~90~12173~10721~1415,2025-07-26,N389HA,ineligible,1,25,25
2025-07-26~N390HA,sha256:5797d6df3908a88e7cbc754a5a57d38b46532c8e74ad4f119d07820e1f3cab4f,2025-07-26~HA~681~14747~10299~1145,2025-07-26,N390HA,ineligible,2,18,18
2025-07-26~N391HA,sha256:46bc292ae5a798aa5fbf7bda80c401e6a599410d340e48a1ad244003c72d1534,2025-07-26~HA~12~12173~14771~1330,2025-07-26,N391HA,ineligible,1,21,21
2025-07-26~N393HA,sha256:659f766fcac19f296243c74f3faca87761c64814879071a0edaefa0eec7a6e0c,2025-07-26~HA~633~14747~12173~1555,2025-07-26,N393HA,ineligible,2,4,0
2025-07-26~N399HA,sha256:dd5ee59915e7aa2147b62b059b346a44e4e8419dc573a3396febc396dd89606c,2025-07-26~HA~36~12173~14107~1105,2025-07-26,N399HA,ineligible,1,-4,-4
2025-07-26~N475HA,sha256:cd1cf477e96448299c939303b4855ecb0e8bfc8d9180aecfb01bbf5ef77d1742,2025-07-26~HA~140~12982~13830~0909,2025-07-26,N475HA,other,9,42,-3
2025-07-26~N476HA,sha256:b1acc0f6be0f0357767798765bd8f6e7097052b5d0db89d2e53a79bbbe46bf8f,2025-07-26~HA~138~12173~12758~0630,2025-07-26,N476HA,near,11,9,-4
2025-07-26~N478HA,sha256:7f507224b630d250dbbed05658c4718735bcebc3899c44d481e67454cc445370,2025-07-26~HA~133~12173~12982~0620,2025-07-26,N478HA,near,11,7,-2
2025-07-26~N479HA,sha256:484bd4581966de437b22364081e9ac232bf2149027bd90269791c5f4ce1eae63,2025-07-26~HA~126~12173~13830~0615,2025-07-26,N479HA,near,12,14,-6
2025-07-26~N480HA,sha256:09dc6cd0dcbd91c9c956edcd13ff0903f7c0f64740d8578078e0e9b5faed4fa8,2025-07-26~HA~225~13830~12173~1140,2025-07-26,N480HA,other,3,89,89
2025-07-26~N483HA,sha256:81a10424d43855b4c3931c1bab9bbc2fabe89e2660474242a9324cb625e28f11,2025-07-26~HA~101~12402~12173~0600,2025-07-26,N483HA,near,11,5,3
2025-07-26~N484HA,sha256:fa6e1ee3e82c072db234de490e1e6fe8b6de70a26bdf8abd6e6755f41ce6448a,2025-07-26~HA~104~12982~12173~0600,2025-07-26,N484HA,recovered,8,70,0
2025-07-26~N485HA,sha256:45afd0120d94df833d923a44b2342b4e0aee03faf134b67ee1865f94127d1189,2025-07-26~HA~273~12173~12982~1225,2025-07-26,N485HA,other,6,16,-9
2025-07-26~N486HA,sha256:8f713a4996a14483e823e5cdfe37b4739137d2d69488d5cbd6130a525c2abb25,2025-07-26~HA~173~12173~12982~0826,2025-07-26,N486HA,near,7,6,0
2025-07-26~N487HA,sha256:6d9fc5d824f97c7a6c87ef6d6f53639decf57825acb6763d7e262b5b8362eb98,2025-07-26~HA~168~12173~12758~0805,2025-07-26,N487HA,near,10,9,-8
2025-07-26~N489HA,sha256:4b7996d2cad2eaf51c0418ad95d770acdbab805cd919614a68ebfab1dcbe806a,2025-07-26~HA~176~12173~13830~0853,2025-07-26,N489HA,other,9,46,-10
2025-07-26~N490HA,sha256:e220246ffab03f896d04db004ac8fe63873a1ef51e4d44b2bd28659e07d1b573,2025-07-26~HA~122~12173~12402~0605,2025-07-26,N490HA,other,6,16,16
2025-07-26~N491HA,sha256:e961963dacb5c9889bd14b4e9f209993d8fb3cbed8d99e3d5eeb00120f5b4c33,2025-07-26~HA~105~13830~12173~0600,2025-07-26,N491HA,near,10,4,-1
2025-07-26~N492HA,sha256:a407b557bfb839fa2d6cd0b87d5f75a736c33eb6c0b20e2f6be25d2d8da07132,2025-07-26~HA~147~12758~12173~0800,2025-07-26,N492HA,near,9,6,-7
2025-07-26~N493HA,sha256:63523618a889aabc1cea2ed6c010904f0976a72d926d1cca017ba547c07994ab,2025-07-26~HA~162~12173~12402~0810,2025-07-26,N493HA,near,9,1,-3
2025-07-26~N494HA,sha256:a70ba93f333cb5874659c13267ba183a2f603f146f9cca7d93011622e51f95c3,2025-07-26~HA~202~12173~12402~0920,2025-07-26,N494HA,near,6,3,-8
2025-07-26~N495HA,sha256:afd12816c5539d3b396be7b4b23f2843da817994095b1dd9d5da5baf643fe13f,2025-07-26~HA~107~12758~12173~0600,2025-07-26,N495HA,near,10,7,-8
2025-07-26~N781HA,sha256:457003715f85270b1172dbb7d4d9a8c9cf0f17c2564740abcb88d1e154803fd7,2025-07-26~HA~51~12478~12173~0905,2025-07-26,N781HA,ineligible,2,14,14
2025-07-26~N782HA,sha256:fd244bc8d588979f5b5305ecf94e9f67fbb093ee1b8278c507cf04cf73e56a8d,2025-07-26~HA~3~12892~12173~1010,2025-07-26,N782HA,ineligible,2,22,-10
2025-07-26~N783HA,sha256:83c03e170d9134f800c83e2ed42a0032f53e865a5df790ce2df177bcbd0a7908,2025-07-26~HA~1~12892~12173~0830,2025-07-26,N783HA,ineligible,2,26,26
2025-07-27~N202HA,sha256:9d26ced31c996146559f7105adf317b8a3362124cdb34943d3df784152167190,2025-07-27~HA~71~12954~13830~0845,2025-07-27,N202HA,ineligible,2,1,1
2025-07-27~N204HA,sha256:c393de4f89d7c008989b567f960a6fbf0d9f2a10a721ae8f67d72749a25560c9,2025-07-27~HA~667~13796~12982~0715,2025-07-27,N204HA,other,3,30,30
2025-07-27~N205HA,sha256:4b96edac90125e3d00b09510fc0c05fafb611b68763f58690078390653205ab7,2025-07-27~HA~65~14893~12982~0700,2025-07-27,N205HA,ineligible,2,10,10
2025-07-27~N209HA,sha256:5f3977e020047690dbc56f0ac8b0bba23b701e0a98d37f881d75ae4da6014cb2,2025-07-27~HA~95~14869~12173~0700,2025-07-27,N209HA,ineligible,3,869,-1
2025-07-27~N212HA,sha256:4433568a1595068c7374f5628329ee414a981db142c6db222f4ccb5019eb182e,2025-07-27~HA~41~14771~13830~0730,2025-07-27,N212HA,ineligible,2,2,2
2025-07-27~N213HA,sha256:98afc6723f291a231fb28102a007a766e678c51de6e85f7dc35ddcb0aa2e63ae,2025-07-27~HA~653~14831~13830~0700,2025-07-27,N213HA,persisted,4,103,103
2025-07-27~N214HA,sha256:d9ad8b7ea2d51de9d0471e0c35573180d5396fd85446045ac30e597285c3139d,2025-07-27~HA~26~12173~14057~0750,2025-07-27,N214HA,other,3,24,24
2025-07-27~N215HA,sha256:99497840b663570ad037ce77b5c7b7ccd8adb6837e890173ad1af5262a1ff6e9,2025-07-27~HA~47~13796~12173~0850,2025-07-27,N215HA,ineligible,3,960,104
2025-07-27~N216HA,sha256:c3e31ae942aac6c462d704365f08d89deac8417a58f8a8cdd2db4c668b22cf8c,2025-07-27~HA~628~12173~14679~0800,2025-07-27,N216HA,other,3,55,55
2025-07-27~N217HA,sha256:dd0316c56f5512d2a6a1d4933542c0e29239ace0a3e107e09287c0e542eda207,2025-07-27~HA~59~14893~13830~0830,2025-07-27,N217HA,ineligible,2,0,-8
2025-07-27~N218HA,sha256:34d6eeb6a2dec10ee22c5390fd63fe1420048f52fd9ebede2bb7e901a3258a41,2025-07-27~HA~612~12173~14679~2230,2025-07-27,N218HA,ineligible,1,26,26
2025-07-27~N226HA,sha256:86a5497e5e17d7a6fb4f43bbd791f6a0c5636be132f221748694731c3c325e6d,2025-07-27~HA~69~12954~12173~0745,2025-07-27,N226HA,ineligible,2,-4,-4
2025-07-27~N227HA,sha256:4d59343b37331b016c118647e1795a679727710fe076cb0e628f11b5e5fec822,2025-07-27~HA~611~14679~12173~1230,2025-07-27,N227HA,ineligible,2,9,-7
2025-07-27~N228HA,sha256:82538bb9f0430ebf0ae68a6be21992a8c5d63859d2458054163bf51bcd42ecb6,2025-07-27~HA~49~14057~12173~0730,2025-07-27,N228HA,ineligible,2,8,7
2025-07-27~N230HA,sha256:82c716cecef3b87fe1ec366be5e9fc7cca2c77550511f1c9500fa526cc126e00,2025-07-27~HA~91~14831~12173~0700,2025-07-27,N230HA,ineligible,2,-2,-2
2025-07-27~N360HA,sha256:9cb1c56a1e3af4de081a5f1744f622e60793c836db321a1d4d034da3629ebc9c,2025-07-27~HA~670~12173~14747~1040,2025-07-27,N360HA,ineligible,2,24,24
2025-07-27~N361HA,sha256:a14ae456e11b5e46865acf3a93240442841b61f13822adf7107eb24a80b05c67,2025-07-27~HA~15~14679~12173~0915,2025-07-27,N361HA,ineligible,2,-2,-2
2025-07-27~N370HA,sha256:d8749ae3d881516bb8a1d36184b096252e5b6f436ff2f95ad39e2b7ad33c571a,2025-07-27~HA~28~12173~14747~2355,2025-07-27,N370HA,ineligible,1,-4,-4
2025-07-27~N373HA,sha256:d49963884c4ad6f2fe1b429d50d938f7d83878c46aafac278a2332d7c40e45f6,2025-07-27~HA~698~10299~14747~0250,2025-07-27,N373HA,ineligible,2,45,-5
2025-07-27~N374HA,sha256:6fb202e056effeb5787f34b903d07b3420257f50be8707a7b1a49e97086b07e5,2025-07-27~HA~33~12892~13830~0700,2025-07-27,N374HA,near,3,7,7
2025-07-27~N375HA,sha256:456e1578d42a0570b67c7e0f406c27bde36e4dbf816672ffb6333f805c35ffa6,2025-07-27~HA~19~14893~12173~0940,2025-07-27,N375HA,ineligible,2,103,103
2025-07-27~N378HA,sha256:6bf017a9cd972f0b6dd6233a1e413ee90bc5c05c2812df277ae3134ff0383cbf,2025-07-27~HA~16~12173~14679~1255,2025-07-27,N378HA,ineligible,1,26,26
2025-07-27~N379HA,sha256:0db3a483981d09c6a7adef7b55e2bb1aa865ef869129b2f56f6eb7576ee96b08,2025-07-27~HA~90~12173~10721~1415,2025-07-27,N379HA,ineligible,1,-2,-2
2025-07-27~N380HA,sha256:54afb54341c1f84e1af833284f5394a978333d334affdcf8469db0df9f7d4227,2025-07-27~HA~17~12889~12173~0150,2025-07-27,N380HA,near,4,7,7
2025-07-27~N381HA,sha256:d987e2718c0710808350b583cd442971518776b1b31fee0bd3d37e9a699d1b24,2025-07-27~HA~6~12173~12889~0810,2025-07-27,N381HA,ineligible,2,6,-4
2025-07-27~N382HA,sha256:dc2f4cfb225e032603429f24e3702c79d10562ba83b60e36c99b42cf858ba8d8,2025-07-27~HA~7~12889~12173~0750,2025-07-27,N382HA,ineligible,1,3,3
2025-07-27~N383HA,sha256:757efbdaf1032f0f35ca93e2c243f0b67bb38fec120326649db5c53280d5bcf3,2025-07-27~HA~31~12889~13830~0850,2025-07-27,N383HA,ineligible,2,8,8
2025-07-27~N384HA,sha256:d8ed80275073755a6a7d5110504895c5aa0c814031217a95e2a4660bbcc7b991,2025-07-27~HA~12~12173~14771~1330,2025-07-27,N384HA,ineligible,1,-4,-4
2025-07-27~N385HA,sha256:a69d9848994b7012dcfb850c09a25bba0275fa6b82857c5a81b58f51372929e3,2025-07-27~HA~24~13830~13796~1050,2025-07-27,N385HA,ineligible,1,63,63
2025-07-27~N386HA,sha256:7d6ae913efa24941be1d4d82297b0842ace8133495b7ce9237bc72d8091b64c4,2025-07-27~HA~681~14747~10299~1145,2025-07-27,N386HA,ineligible,2,20,20
2025-07-27~N388HA,sha256:12e46d73dd8967dfc617d0fc2a68efad0fdcc354f8a3067b496cf875cfec7385,2025-07-27~HA~29~14747~13830~1030,2025-07-27,N388HA,ineligible,2,5,-9
2025-07-27~N389HA,sha256:b2d4e5a67632889a009c3b4a12322e3881bb3cced1698bf5cc4cbf2f05ef181b,2025-07-27~HA~89~10721~12173~0800,2025-07-27,N389HA,ineligible,1,2,2
2025-07-27~N391HA,sha256:f8e02b084677a6cf720c0a02ab522513d58c9379ed7b680b6b320a30ef85b443,2025-07-27~HA~11~14771~12173~0935,2025-07-27,N391HA,ineligible,1,21,21
2025-07-27~N392HA,sha256:22cb59b8ee10ff72bbf9a2b0f60782024d73691f2b39680bd96ac6563b3c1045,2025-07-27~HA~633~14747~12173~1555,2025-07-27,N392HA,ineligible,2,20,2
2025-07-27~N393HA,sha256:38fbc38d5f371737575ba5e4f229b084e4ed770df1766d8bab105e2ece56979e,2025-07-27~HA~21~14747~12173~0815,2025-07-27,N393HA,ineligible,2,6,-3
2025-07-27~N396HA,sha256:e7371c1c01e63fa7fde87341c7242fd4b836b09747f0dab170b1d87314857406,2025-07-27~HA~36~12173~14107~1105,2025-07-27,N396HA,ineligible,1,52,52
2025-07-27~N399HA,sha256:e4da6c49b9165fae35b8935a7086db8f9d0fb538444101acf4d01884e095120e,2025-07-27~HA~35~14107~12173~0805,2025-07-27,N399HA,ineligible,1,-8,-8
2025-07-27~N475HA,sha256:03a725b09e18a60e6464ac873810d4e8fbe5e63b3b904a3d7eb7154cbc8054f4,2025-07-27~HA~202~12173~12402~0920,2025-07-27,N475HA,other,6,20,2
2025-07-27~N477HA,sha256:bf36d14296b060e3fa76ea61a76cdfed0c852cebb1667c542f5b5c5e1e449fb4,2025-07-27~HA~138~12173~12758~0630,2025-07-27,N477HA,near,8,4,4
2025-07-27~N478HA,sha256:aec2acd847435424fed94f8b047f177050f5b45df5dba67942ce48852f6c1d27,2025-07-27~HA~101~12402~12173~0600,2025-07-27,N478HA,other,11,22,8
2025-07-27~N479HA,sha256:a134c1b71cc5f06195498a115117ff4c4d54d140fd3721025aba9bbfc1b0054c,2025-07-27~HA~107~12758~12173~0600,2025-07-27,N479HA,near,11,14,5
2025-07-27~N480HA,sha256:cf602c05e0b7ce60df48770ef8569e085c2837fbe6da1787c57fc801a662de13,2025-07-27~HA~228~12173~12758~1035,2025-07-27,N480HA,near,9,11,6
2025-07-27~N483HA,sha256:bfb934fb6d8f80d722d3f7726a02da8efe7e28aaa97e9b89dc4c27a36270b829,2025-07-27~HA~173~12173~12982~0826,2025-07-27,N483HA,other,10,21,-1
2025-07-27~N485HA,sha256:b33cfed6a36eab17bff77eb64ffa42e74eaf894d2c1ddf87d04be55fd695f2c4,2025-07-27~HA~133~12173~12982~0620,2025-07-27,N485HA,near,11,7,0
2025-07-27~N486HA,sha256:71aece9201935056968a00865f720b9f2ae34927c6aec7ce81d7bbf95d09150e,2025-07-27~HA~147~12758~12173~0800,2025-07-27,N486HA,near,9,9,2
2025-07-27~N487HA,sha256:bf7f6ea80164c090d2f82f038fa2a37513b4c5147b31051245163019eb22757b,2025-07-27~HA~105~13830~12173~0600,2025-07-27,N487HA,other,11,45,22
2025-07-27~N489HA,sha256:2b4e0ae172a2144c755b4487812b304773506fa99b9bd95b2cf5f7acd99082b2,2025-07-27~HA~218~12173~12758~1005,2025-07-27,N489HA,near,7,6,-3
2025-07-27~N490HA,sha256:aebfbbb6f33efb6c9aa920958de3b651e3d942c889462ce5202568ba5035404d,2025-07-27~HA~225~13830~12173~1140,2025-07-27,N490HA,other,7,22,-8
2025-07-27~N491HA,sha256:4f1e5b271a22891ea116aa337cf31cab1e3be381390b56117543d26cda7d5ecd,2025-07-27~HA~272~12173~12402~1200,2025-07-27,N491HA,near,7,8,-2
2025-07-27~N492HA,sha256:9da496061f75460689fae433e5b6229973bdac1944b0e9ee9cc5fed25db7837a,2025-07-27~HA~122~12173~12402~0605,2025-07-27,N492HA,other,8,16,12
2025-07-27~N493HA,sha256:cb90290e717a7a647940394dea370785e65634845f69019a86a7267ccd227c37,2025-07-27~HA~104~12982~12173~0600,2025-07-27,N493HA,other,12,37,27
2025-07-27~N494HA,sha256:0f2353cd9103c59127a79447ec37c50589d810fc761296f2c6d4e1e4c7da6fed,2025-07-27~HA~140~12982~13830~0909,2025-07-27,N494HA,other,9,20,15
2025-07-27~N495HA,sha256:00fcebac849e2749bc2edee322a995c6ef7d40b2a46cb647d6978df2e592f5f9,2025-07-27~HA~126~12173~13830~0615,2025-07-27,N495HA,near,11,2,0
2025-07-27~N781HA,sha256:dbec43c2091c390f45825a6338ce9ef37944b09c7132b4a6e9c2972d63f6bae9,2025-07-27~HA~3~12892~12173~1010,2025-07-27,N781HA,ineligible,2,58,-3
2025-07-27~N782HA,sha256:32d6ffc913a439a4f1e69cfd134eca910aac34723305bdce141c016733aa0c41,2025-07-27~HA~51~12478~12173~0905,2025-07-27,N782HA,ineligible,2,56,56
2025-07-27~N783HA,sha256:50904994a8ce6c78f13494873ef0fb3e6d81c80729da571d662547227a947a07,2025-07-27~HA~1~12892~12173~0830,2025-07-27,N783HA,ineligible,2,64,17
2025-07-28~N202HA,sha256:a1a5f4e55fc7a1a1cd76a9eb5f95eb8de82b19589eae8668d548879697575045,2025-07-28~HA~59~14893~13830~0830,2025-07-28,N202HA,ineligible,2,-4,-5
2025-07-28~N204HA,sha256:3ff56f6e7002e7803fbcc4e9874e857ed9658af7b9f45a23edfa68754c8e1ea0,2025-07-28~HA~26~12173~14057~0750,2025-07-28,N204HA,other,3,42,42
2025-07-28~N205HA,sha256:7935dc7d32611e3186c38243b8179fc5a2d2645b1fcf1996c55a2f4d3c7a5664,2025-07-28~HA~73~14893~12758~0700,2025-07-28,N205HA,ineligible,2,-3,-13
2025-07-28~N208HA,sha256:11a819d09a324ec86f6d4a5adcdc31e47e977510aa9b8eb207a7466f5fb3d245,2025-07-28~HA~667~13796~12982~0715,2025-07-28,N208HA,persisted,3,212,193
2025-07-28~N209HA,sha256:7c46dd2b3b348ce46353d3e8d7156f9770e394fafbb85c3ee368ec4feaf5984c,2025-07-28~HA~628~12173~14679~0800,2025-07-28,N209HA,other,3,25,25
2025-07-28~N212HA,sha256:11c9ffce9dd4394eaf0d283854f59bebf811b3cdba88f2934f1a2f78b572e0d3,2025-07-28~HA~91~14831~12173~0700,2025-07-28,N212HA,ineligible,2,71,71
2025-07-28~N213HA,sha256:4ed269f3d9fb532c06b2cc6221d1000b7dde5102a4661c78861e19e56d872368,2025-07-28~HA~63~12892~12982~0930,2025-07-28,N213HA,ineligible,2,95,92
2025-07-28~N214HA,sha256:f406215ffd698575e2efea0c6df0b7f051b61f27692cd84180a93a3437ad2165,2025-07-28~HA~41~14771~13830~0730,2025-07-28,N214HA,near,3,8,-9
2025-07-28~N215HA,sha256:4ef1fa670fdc27df053a511e88051a225b8f8a551e86aa25f591331063cc3d58,2025-07-28~HA~92~12173~14831~1255,2025-07-28,N215HA,ineligible,1,12,12
2025-07-28~N216HA,sha256:b3c9ee1c5f04b980defd28c671b4a1fd330bc749f8a5ae47b11ccbed0c2aad34,2025-07-28~HA~683~14057~12173~1055,2025-07-28,N216HA,ineligible,1,11,11
2025-07-28~N217HA,sha256:10c781b18303b3e7add91be2f575f95f151be700ecca2698420e4ea657181e79,2025-07-28~HA~71~12954~13830~0845,2025-07-28,N217HA,ineligible,2,4,4
2025-07-28~N218HA,sha256:65767ac057caa8a4584fc6d66000bbcfb7e6f98ea09b4ed6bccd1f9b5dcd8d77,2025-07-28~HA~611~14679~12173~1230,2025-07-28,N218HA,ineligible,2,9,0
2025-07-28~N226HA,sha256:b763b3ac5011a7712c3339bd1def344dda9f95a2aad63aec29694d365fd26b7d,2025-07-28~HA~49~14057~12173~0730,2025-07-28,N226HA,ineligible,2,39,39
2025-07-28~N227HA,sha256:33dcd7d470529b5643cfd00b5d7d96e7fab497224cccdfc41d04a0c9a162d3e3,2025-07-28~HA~95~14869~12173~0700,2025-07-28,N227HA,ineligible,3,818,-5
2025-07-28~N228HA,sha256:0da3c2f0fa21471f10fc6fe6f9deaa200b2a5476537fe074c12a78d9390f9541,2025-07-28~HA~69~12954~12173~0745,2025-07-28,N228HA,ineligible,2,-3,-3
2025-07-28~N230HA,sha256:6c787e8d7fce71d6d8e4c7dfde90fe684eed6af5feb7c5bb1b94a3f6e114ec88,2025-07-28~HA~653~14831~13830~0700,2025-07-28,N230HA,other,4,23,23
2025-07-28~N360HA,sha256:2162b8c8db6092ec7dab32ad72a776647917a21d0e4e5ce03cb647fdab4512e5,2025-07-28~HA~10~12173~12892~0740,2025-07-28,N360HA,ineligible,2,-1,-3
2025-07-28~N361HA,sha256:a71dd290a3925a65bde40fae8a2501c39e0a567bb2648ac9f0b85ce5bee158c9,2025-07-28~HA~7~12889~12173~0750,2025-07-28,N361HA,ineligible,2,2,2
2025-07-28~N370HA,sha256:32cfdd93ea7b94f7d70e778b2f72e1d77902797039ff1b65ce3e1690892e152b,2025-07-28~HA~681~14747~10299~1145,2025-07-28,N370HA,ineligible,2,17,5
2025-07-28~N373HA,sha256:e9947ab30336652d64f70fbe008702ff47323e1b0ede6c07cff835d294d66977,2025-07-28~HA~465~12173~14222~1630,2025-07-28,N373HA,ineligible,2,5,5
2025-07-28~N374HA,sha256:c5ba3ab9440bb9203d88e67499869a907b9cd59b8b3b6fca0dda51faf73f3346,2025-07-28~HA~698~10299~14747~0250,2025-07-28,N374HA,ineligible,2,5,5
2025-07-28~N375HA,sha256:0fa81d25c75b8b7a6b4fb1e8058edb4a3989a659605ede209145876316d0637b,2025-07-28~HA~29~14747~13830~1030,2025-07-28,N375HA,ineligible,2,5,5
2025-07-28~N378HA,sha256:02b9e9a4f6d3aebe504107719480a526fcde718eab695c2a7b81945ec410eb4d,2025-07-28~HA~15~14679~12173~0915,2025-07-28,N378HA,ineligible,2,44,2
2025-07-28~N379HA,sha256:d6a965ab95ab728100ae558286c148f0b9fba5cbf49f3fc3c72802b6f8005618,2025-07-28~HA~89~10721~12173~0800,2025-07-28,N379HA,ineligible,2,20,-2
2025-07-28~N380HA,sha256:06a8487876d8fe3b25c4a9583e58ca6848c183ed82a84700e7a6f18bcdde763b,2025-07-28~HA~31~12889~13830~0850,2025-07-28,N380HA,ineligible,2,-1,-1
2025-07-28~N381HA,sha256:8ee9c837621883e4ba301ed773154dc643ab1ec26fd8466a61723e470c14e901,2025-07-28~HA~6~12173~12889~0810,2025-07-28,N381HA,ineligible,2,1,-1
2025-07-28~N383HA,sha256:129f23f2b63b66cba2b3a084db77a93bc11be5f96e520a4e40ff147212498b68,2025-07-28~HA~33~12892~13830~0700,2025-07-28,N383HA,other,3,19,19
2025-07-28~N384HA,sha256:0dc4f5bc784ebbf2a565141affafc32e620b4eb012651a3787cd90e875cbf6a9,2025-07-28~HA~11~14771~12173~0935,2025-07-28,N384HA,ineligible,2,3,3
2025-07-28~N385HA,sha256:3b247e2492d2d189caa70e418bd497a2a7f0ec660a99aee5be0d4ef001e43eff,2025-07-28~HA~47~13796~12173~0850,2025-07-28,N385HA,ineligible,2,0,-1
2025-07-28~N388HA,sha256:71a0102cd03d3d7567e480fc45b0a3777ec5b9a63fd0d438d79aed5b767d7c18,2025-07-28~HA~17~12889~12173~0150,2025-07-28,N388HA,other,3,55,55
2025-07-28~N389HA,sha256:2ba41cf5d78f6e9cefc2b66cbff31683c13536708aebfc01dacf676a3600b3a5,2025-07-28~HA~22~12173~14747~1300,2025-07-28,N389HA,ineligible,1,9,9
2025-07-28~N390HA,sha256:ced732d9d0140f48ba546f2e7341849ed7151f3193bf83c5436de4fdf046fd95,2025-07-28~HA~633~14747~12173~1555,2025-07-28,N390HA,ineligible,2,7,4
2025-07-28~N391HA,sha256:fcecc60ec73dc167ef7fae97fb9d8b7cb70cb84efd9570498813e5f5d325e004,2025-07-28~HA~36~12173~14107~1105,2025-07-28,N391HA,ineligible,1,-7,-7
2025-07-28~N392HA,sha256:a9ab916257cc40b9d7afe8f9ac7939ab5e7c790344f003fcd49fb78004a69644,2025-07-28~HA~21~14747~12173~0815,2025-07-28,N392HA,ineligible,1,15,15
2025-07-28~N393HA,sha256:6faa650350af998ee3abfd9b6fb2771b6c66b77687b4b86bb0bf38ed8c4963bd,2025-07-28~HA~19~14893~12173~0940,2025-07-28,N393HA,ineligible,2,-3,-7
2025-07-28~N396HA,sha256:bb477dc71ab52da2cad1fd86ab4c613d28c34d62510741c9b6de4c624c6a8aae,2025-07-28~HA~35~14107~12173~0805,2025-07-28,N396HA,ineligible,2,0,0
2025-07-28~N475HA,sha256:b30e46f82bd27531199ca6cf65eb09672dd16b2ef336ee2ae9a80d6d443b1ff1,2025-07-28~HA~147~12758~12173~0800,2025-07-28,N475HA,other,7,30,6
2025-07-28~N476HA,sha256:8ff08614025576e584eac90913e474c0826219cefb5ba8e7c4dd282446fbe8b4,2025-07-28~HA~292~12173~12402~1320,2025-07-28,N476HA,near,6,3,-5
2025-07-28~N477HA,sha256:4e8a4f6678f54818cf34aac390e04490325204cab781a6f759153f6e613d96a1,2025-07-28~HA~225~13830~12173~1140,2025-07-28,N477HA,other,5,18,0
2025-07-28~N478HA,sha256:9e9701ab9bafdb6ad6cac8b97ee4fb8163e02f957e74267408ed8ab61750f735,2025-07-28~HA~118~12173~12758~0540,2025-07-28,N478HA,near,11,5,-1
2025-07-28~N479HA,sha256:0e31a03be145d6c6a23968a80ff0c22dbe7e7f1bc71ff11a32f88c5d0bf4e826,2025-07-28~HA~122~12173~12402~0605,2025-07-28,N479HA,near,10,11,11
2025-07-28~N480HA,sha256:6477336d0afb87fbfb1e38c3146cc7addbba0bd4441e68d3a8dabea896affff8,2025-07-28~HA~105~13830~12173~0600,2025-07-28,N480HA,other,7,18,16
2025-07-28~N483HA,sha256:4d1b7d77ed3c115f82385cc0f5ce23e7285beb1c3165a5c66b41acc7ef42a2c3,2025-07-28~HA~107~12758~12173~0600,2025-07-28,N483HA,other,9,31,-1
2025-07-28~N484HA,sha256:ab5f1fa53bd440c4cd576776eb22eb4e477ba91dcf4c0de1811a78670ef156a3,2025-07-28~HA~388~12173~12758~1655,2025-07-28,N484HA,ineligible,1,18,18
2025-07-28~N485HA,sha256:96dd80cfecb8c57cdb4122e072b7e8a0f87d9faaa04d8c629ede9e18e5d946c4,2025-07-28~HA~101~12402~12173~0600,2025-07-28,N485HA,near,10,2,-1
2025-07-28~N486HA,sha256:c20a394c6b4e7af1ba4ba4d34c50e78e686e948d35ff5a449eca6c3187b4fa01,2025-07-28~HA~143~12173~12982~0720,2025-07-28,N486HA,other,11,39,35
2025-07-28~N487HA,sha256:74ab91da1a73158bd742049ad80976ea2f253e74dc5fbc99f4a30b302c310be3,2025-07-28~HA~113~12173~12982~0536,2025-07-28,N487HA,near,11,14,14
2025-07-28~N489HA,sha256:8086a43a9be1385a85473bf00bf1011c54f77490263ed7e34c3636298b560924,2025-07-28~HA~116~12173~13830~0536,2025-07-28,N489HA,near,8,2,2
2025-07-28~N490HA,sha256:86e9a77602bfb2d19a19d7b5a79d7e53d139deeec6c555296cb03facdba7cec4,2025-07-28~HA~133~12173~12982~0620,2025-07-28,N490HA,other,10,26,-2
2025-07-28~N491HA,sha256:8da4c80796e749f9308289ad677f86bd956d4bcb0755e2657c38b238e44f6cfe,2025-07-28~HA~104~12982~12173~0600,2025-07-28,N491HA,persisted,8,82,40
2025-07-28~N492HA,sha256:f92bb401f8dab46089fa9196a54d862d052dcb4192fd89ed9e88ab6b02ec7a3a,2025-07-28~HA~140~12982~13830~0909,2025-07-28,N492HA,other,9,44,-1
2025-07-28~N493HA,sha256:b29ab04ad0c4133932a982a95034a9dc2ce6d6644be2e79693c4357a00c0262b,2025-07-28~HA~126~12173~13830~0615,2025-07-28,N493HA,near,11,11,-7
2025-07-28~N494HA,sha256:54cee83a4dca86ffa375a4ea944cc9e168655393cbb97a50e02917ec5256c02b,2025-07-28~HA~138~12173~12758~0630,2025-07-28,N494HA,other,12,18,6
2025-07-28~N495HA,sha256:cf1c0795334cbd254bd9db1915f40eb61fa9024bef9eb640f55a1415f1ae266a,2025-07-28~HA~146~12173~13830~0700,2025-07-28,N495HA,near,8,14,-4
2025-07-28~N781HA,sha256:68343033a31cb344f62b12e0222c532a64f2581b7f0156239a047731aac80281,2025-07-28~HA~3~12892~12173~1010,2025-07-28,N781HA,ineligible,2,5,-1
2025-07-28~N782HA,sha256:b0a590458a5891a7f4a0770e329bbf5af9f25ac2896a16ea11d19ccf833e6d39,2025-07-28~HA~51~12478~12173~0905,2025-07-28,N782HA,ineligible,2,55,31
2025-07-28~N783HA,sha256:1024c5d538284974609f4f4f4982c60edafa3791ebaeb0c0487728f695384d1d,2025-07-28~HA~1~12892~12173~0830,2025-07-28,N783HA,ineligible,2,-4,-4
2025-07-29~N202HA,sha256:11f2a4bc7b75dbc4b2d5b060ed37f99591577b2b65332197b55541aeb96adce2,2025-07-29~HA~69~12954~12173~0745,2025-07-29,N202HA,ineligible,2,2,2
2025-07-29~N204HA,sha256:c719c5950b648a17e26c3acb5573abdbdd48bb918419ea50e1a0450555edb612,2025-07-29~HA~41~14771~13830~0730,2025-07-29,N204HA,ineligible,2,8,8
2025-07-29~N205HA,sha256:097933e3368613bb6a97477fededcaa48e7973396695d23d2e4de78ef06c4dac,2025-07-29~HA~59~14893~13830~0830,2025-07-29,N205HA,ineligible,2,-2,-2
2025-07-29~N208HA,sha256:b18600235455317691d8a0375cc379e5ce8d2960c745a437b5540a1a41a67351,2025-07-29~HA~26~12173~14057~0750,2025-07-29,N208HA,ineligible,2,894,894
2025-07-29~N209HA,sha256:eb5b18cebe6452bd7d6a9cf222f18f05dd1947c802808d6875a74e2e0041ba14,2025-07-29~HA~611~14679~12173~1230,2025-07-29,N209HA,ineligible,2,185,185
2025-07-29~N212HA,sha256:6d05aefbbb3ef6e06f096aa39a094c05cc746e22fdd349922b627b91a65ac2b2,2025-07-29~HA~653~14831~13830~0700,2025-07-29,N212HA,ineligible,2,8,8
2025-07-29~N213HA,sha256:aa407f62012947f00c816a91e7430641e843bc90e0328e5158da5971b92c62d4,2025-07-29~HA~667~13796~12982~0715,2025-07-29,N213HA,ineligible,2,22,22
2025-07-29~N214HA,sha256:401db3f398c6d615885fbbdfddae23836296cb0a50daa39864fd1a36f7f5813e,2025-07-29~HA~49~14057~12173~0730,2025-07-29,N214HA,ineligible,2,19,19
2025-07-29~N215HA,sha256:bf91c009260897252b96ac08234960956a51cad3e9673112f754106830381b49,2025-07-29~HA~91~14831~12173~0700,2025-07-29,N215HA,other,3,25,25
2025-07-29~N217HA,sha256:36fe8b0b8660ab7279e04b75284a2b99355360f96b40f3935801d3e516e09e6c,2025-07-29~HA~65~14893~12982~0700,2025-07-29,N217HA,ineligible,2,41,41
2025-07-29~N218HA,sha256:8be1c0b631431504d5a6573c1f1d95b9dc1120938530138d0bcfec65b6715d15,2025-07-29~HA~95~14869~12173~0700,2025-07-29,N218HA,ineligible,2,-3,-6
2025-07-29~N220HA,sha256:0d08e910551d351036455b1da466a26dcc9d7e2476d5b122f407f50f4f5a48d3,2025-07-29~HA~47~13796~12173~0850,2025-07-29,N220HA,ineligible,2,-5,-8
2025-07-29~N226HA,sha256:8bdc2fe8c26a2864a5efe274ca705e35c8a6d9f19be8a3faad6a97fb47d3c2e1,2025-07-29~HA~71~12954~13830~0845,2025-07-29,N226HA,ineligible,2,2,-4
2025-07-29~N227HA,sha256:b035150ddbd7191c723026de29c69d5230422845e9431308c887ef208a41b37c,2025-07-29~HA~628~12173~14679~0800,2025-07-29,N227HA,ineligible,1,-2,-2
2025-07-29~N228HA,sha256:5e9c5bf88edc9643ce85a1e32b033e8c8755237186939a11ca9592beed1ffbcb,2025-07-29~HA~683~14057~12173~1055,2025-07-29,N228HA,ineligible,2,24,24
2025-07-29~N230HA,sha256:a95777b4bf70e109ad995c29020b3982b63f9abeb9f31b949458b89dd41d9066,2025-07-29~HA~63~12892~12982~0930,2025-07-29,N230HA,ineligible,2,22,18
2025-07-29~N360HA,sha256:bd2e74df1d763300d196dc9485f6e925249fa336c8e1709053208bc72aeef29d,2025-07-29~HA~465~12173~14222~1630,2025-07-29,N360HA,ineligible,2,39,15
2025-07-29~N361HA,sha256:94f74706b5138f3306bdd7239fb1b73c097140a6c3119c0a3842690f048e7884,2025-07-29~HA~11~14771~12173~0935,2025-07-29,N361HA,ineligible,1,4,4
2025-07-29~N370HA,sha256:fb977a8b0ebe00012faa5a36326260e43e14863b76a89e5767af87bf5ad34d51,2025-07-29~HA~29~14747~13830~1030,2025-07-29,N370HA,ineligible,2,10,6
2025-07-29~N373HA,sha256:196bb4c0ea770cd84e080e46677fd403b2e78eddbf03cad64d27bc77291dac17,2025-07-29~HA~6~12173~12889~0810,2025-07-29,N373HA,other,3,21,21
2025-07-29~N375HA,sha256:a19b283b89a22c00d889b34e805cfd36f97b61a250ad6a98439a1a14659fe3ea,2025-07-29~HA~17~12889~12173~0150,2025-07-29,N375HA,ineligible,1,-10,-10
2025-07-29~N379HA,sha256:a5650abd3c9f512da480e9a5a7b988d476fcb7d5c7733a264ddaa340b9071832,2025-07-29~HA~31~12889~13830~0850,2025-07-29,N379HA,ineligible,2,-1,-1
2025-07-29~N380HA,sha256:ad580648dda6e3fd984fb2e712e025fd0e7324314e9a0da152ce6a4e9cc9c6bd,2025-07-29~HA~33~12892~13830~0700,2025-07-29,N380HA,other,3,15,15
2025-07-29~N381HA,sha256:0c62b03d927044d6f66067743df4b1c53e71972de3d8b9fbd3bcc1fa942d6814,2025-07-29~HA~10~12173~12892~0740,2025-07-29,N381HA,other,3,64,64
2025-07-29~N382HA,sha256:f85846669b4455eba49a527808562ee758aec1e78e0d5887b271e68efc236c9e,2025-07-29~HA~20~12173~14893~1330,2025-07-29,N382HA,ineligible,1,-10,-10
2025-07-29~N383HA,sha256:599c52c121c0588f8c6e831abfbd69ca76ee6b704122e21a9e2d0427a6638f47,2025-07-29~HA~698~10299~14747~0250,2025-07-29,N383HA,ineligible,2,7,-4
2025-07-29~N384HA,sha256:b0e6dcca9ea7536632c114906931eb26b2086d0ac7a031e441cbc2442dfb5cb6,2025-07-29~HA~19~14893~12173~0940,2025-07-29,N384HA,ineligible,2,24,2
2025-07-29~N385HA,sha256:6b98929986a9596f286bbcc164482af97a7e9c33abd9078e836f22f03fce0c17,2025-07-29~HA~15~14679~12173~0915,2025-07-29,N385HA,ineligible,1,27,27
2025-07-29~N386HA,sha256:a70dcb4ce6d950f66967691308c74144657829a795757f45684097c5ac1d777e,2025-07-29~HA~633~14747~12173~1555,2025-07-29,N386HA,ineligible,2,67,67
2025-07-29~N389HA,sha256:aaa06f61fc865237a55842fa231233e9e670a2b30a4741e1e51fa3e3d8cff9ae,2025-07-29~HA~681~14747~10299~1145,2025-07-29,N389HA,ineligible,2,16,16
2025-07-29~N390HA,sha256:6754ec5e331609c9a42d05e042191bd00ff0b774fd97b31eaee05625ad1e570d,2025-07-29~HA~21~14747~12173~0815,2025-07-29,N390HA,ineligible,2,-5,-5
2025-07-29~N391HA,sha256:53e2a79c574f33f7907ba7023328bacba5ea4b3603d4b217af40b178814413d1,2025-07-29~HA~35~14107~12173~0805,2025-07-29,N391HA,ineligible,1,-3,-3
2025-07-29~N392HA,sha256:60bbee30b80b2e706463745607dea0f9dbdef2faa77f376a42aeef6f78eae008,2025-07-29~HA~36~12173~14107~1105,2025-07-29,N392HA,ineligible,1,-4,-4
2025-07-29~N393HA,sha256:ddf95630139ed0c5e37d9dc456c3b5928f70692a7bee315ab6f5af41f23844a1,2025-07-29~HA~7~12889~12173~0750,2025-07-29,N393HA,ineligible,2,-2,-6
2025-07-29~N396HA,sha256:0ef590d26c6e4f3ca3863e62a7a5e3a4520976f1105374f09d1a535cf6faaf45,2025-07-29~HA~89~10721~12173~0800,2025-07-29,N396HA,ineligible,1,0,0
2025-07-29~N399HA,sha256:d649e27f07485ce4d1ef25f2d4a493660dd58b3cc0f168ef59793fad074ed62d,2025-07-29~HA~12~12173~14771~1330,2025-07-29,N399HA,ineligible,1,-7,-7
2025-07-29~N475HA,sha256:14707b662e7e1daa32685ab4777c3cf0e1f924f90cc8c72fbdcefd67756eda7f,2025-07-29~HA~146~12173~13830~0700,2025-07-29,N475HA,persisted,11,134,116
2025-07-29~N476HA,sha256:726154705e05a28cf6d599a15fa26a04c91c60669af98b3deddb1bece09c20cf,2025-07-29~HA~133~12173~12982~0620,2025-07-29,N476HA,near,9,7,7
2025-07-29~N478HA,sha256:2f49f1d70eb571b156201132ac4b5d1f7129ec1bec65805b8bb2d45a355fd413,2025-07-29~HA~101~12402~12173~0600,2025-07-29,N478HA,ineligible,8,51,51
2025-07-29~N479HA,sha256:ff85954663754f76a8cd7c4beca9f9de8e1836bd8d4a5d3d2b37dd679025f27b,2025-07-29~HA~104~12982~12173~0600,2025-07-29,N479HA,persisted,10,132,122
2025-07-29~N480HA,sha256:3eb82ff5e8b3abe78c5bce4cebc255bbc5d32908cdf985ef37f6b2bc7840d8e6,2025-07-29~HA~126~12173~13830~0615,2025-07-29,N480HA,other,7,234,234
2025-07-29~N483HA,sha256:b40fa54b18ca01a9eda47d40303a1c3adb432218a554e3dcd56b3d0fb74dddf4,2025-07-29~HA~138~12173~12758~0630,2025-07-29,N483HA,near,7,0,-3
2025-07-29~N484HA,sha256:cfe9ed9ef4620e08e4f3164b5c53101a85ea37de9145973f79559c16b8062ab9,2025-07-29~HA~139~12758~13830~0810,2025-07-29,N484HA,near,4,3,3
2025-07-29~N485HA,sha256:aa5c0b1a4bb3468c4f9c0631bf753db4dda6ef17145580310740902e4ef3b212,2025-07-29~HA~113~12173~12982~0536,2025-07-29,N485HA,other,10,199,23
2025-07-29~N486HA,sha256:2c82cf9851f1e5b400e357a7d5296e320b5ca903b0db67c426e5150fcee4f5fe,2025-07-29~HA~118~12173~12758~0540,2025-07-29,N486HA,other,5,15,11
2025-07-29~N487HA,sha256:e05e0b4fb7ccc101df350e1ab038b6e5407b19c47e56d3ebd871dccced9dbd84,2025-07-29~HA~107~12758~12173~0600,2025-07-29,N487HA,near,8,9,-5
2025-07-29~N489HA,sha256:b68ea6d1343e0449f6d6b80c7049124283309fa61cd7eabcfb4c0a89850d7a9d,2025-07-29~HA~173~12173~12982~0826,2025-07-29,N489HA,other,6,87,16
2025-07-29~N491HA,sha256:a4d950e6bb7ecc0f35161f3595ae4f97f0bb9b17e20e25fc7a54c5364dc9b310,2025-07-29~HA~225~13830~12173~1140,2025-07-29,N491HA,other,3,22,-2
2025-07-29~N492HA,sha256:898ed4db5fb3058b1219a881021677615187d634c5acee2f4e4996b9769a0f7e,2025-07-29~HA~122~12173~12402~0605,2025-07-29,N492HA,other,10,73,73
2025-07-29~N493HA,sha256:f677f984488e03e8c06fb5f0e3481ea911b33eba28c99a3eeec131870f537d06,2025-07-29~HA~116~12173~13830~0536,2025-07-29,N493HA,persisted,12,152,148
2025-07-29~N494HA,sha256:ad0fa2b5db67dacbc4af07dc62ab81703c5d81e205321565a1160007489dcb41,2025-07-29~HA~105~13830~12173~0600,2025-07-29,N494HA,other,10,79,79
2025-07-29~N495HA,sha256:cce25f766de63e019a6ca64d30eab415fe6cf4e254122159bf568046e0ed96ed,2025-07-29~HA~140~12982~13830~0909,2025-07-29,N495HA,near,5,-1,-6
2025-07-29~N781HA,sha256:e08cdae76e9b0557ba4cb7cef72ea839bf038959622baa809bf30129db4050a1,2025-07-29~HA~51~12478~12173~0905,2025-07-29,N781HA,ineligible,2,17,17
2025-07-29~N782HA,sha256:c0df03cbf7e134d6425ebe69120c8f3031c93fff49b6e103658582e226ac1caa,2025-07-29~HA~1~12892~12173~0830,2025-07-29,N782HA,ineligible,2,-7,-10
2025-07-29~N783HA,sha256:d01dd92277da9bfb37502dcbff7298b825c57c92f95a3e08eb942e4f99ca8980,2025-07-29~HA~3~12892~12173~1010,2025-07-29,N783HA,ineligible,2,-3,-3
2025-07-30~N202HA,sha256:e0201fead8f7c816a0f26a5353382ff92acbe28f6f123c586394022540cfc3a6,2025-07-30~HA~49~14057~12173~0730,2025-07-30,N202HA,ineligible,2,17,17
2025-07-30~N204HA,sha256:b02a500086b4544d068e9ed102125813b85775b7d24e2b70b9858c40700b0cc4,2025-07-30~HA~653~14831~13830~0700,2025-07-30,N204HA,ineligible,2,15,15
2025-07-30~N205HA,sha256:55c9df37b3945176f3707ee998d534cef2e2966100080d1e588a16e3e331dbec,2025-07-30~HA~69~12954~12173~0745,2025-07-30,N205HA,ineligible,2,-6,-6
2025-07-30~N208HA,sha256:e23217adf9708f3d8d558f82284dad0b19822b94d776a2826a36af3639430e2c,2025-07-30~HA~670~12173~14747~1040,2025-07-30,N208HA,ineligible,2,223,223
2025-07-30~N209HA,sha256:89889706d84eef9581f7d7a79b44aabc77113f45feefedc5ea9e0995cef1667a,2025-07-30~HA~95~14869~12173~0700,2025-07-30,N209HA,persisted,7,252,252
2025-07-30~N212HA,sha256:a36699bf3c18c9e1faa1767efbc4915eadfa951857e4cc39d40dbefea4576e0f,2025-07-30~HA~41~14771~13830~0730,2025-07-30,N212HA,ineligible,2,6,6
2025-07-30~N213HA,sha256:b5c03bd466eafb04f52664cbed1c07c5ee2cb635c4aa48af6a2cc77a4baeb64e,2025-07-30~HA~63~12892~12982~0930,2025-07-30,N213HA,ineligible,2,9,9
2025-07-30~N214HA,sha256:4ad811acb0a1985ea92b132488e78afc4900459cd5c938e1be0d4208be5662a9,2025-07-30~HA~667~13796~12982~0715,2025-07-30,N214HA,ineligible,2,-3,-3
2025-07-30~N215HA,sha256:796e28d349ace3196378cea07258ff7da3cd2c6658265d22c40a92af1d6bf249,2025-07-30~HA~628~12173~14679~0800,2025-07-30,N215HA,ineligible,1,-4,-4
2025-07-30~N216HA,sha256:fa2fb7b4110e431403d70dd3c6df06e5e83980438953ee3926ae555467e88664,2025-07-30~HA~26~12173~14057~0750,2025-07-30,N216HA,ineligible,2,10,10
2025-07-30~N217HA,sha256:25c1252b01b6d05fd6e96b72a199a7a885b56ca66285d2ed95608332fd7c90e1,2025-07-30~HA~59~14893~13830~0830,2025-07-30,N217HA,ineligible,2,36,36
2025-07-30~N218HA,sha256:2a67f4ed83b222a71c8543074ede468b960ed115507529678ecdb5a69f13c9b6,2025-07-30~HA~71~12954~13830~0845,2025-07-30,N218HA,ineligible,2,15,15
2025-07-30~N220HA,sha256:1f6cc0a415777f39a20b712b8e21b54bcb3af0fc0957bac3a777888636b11c83,2025-07-30~HA~91~14831~12173~0700,2025-07-30,N220HA,ineligible,2,8,3
2025-07-30~N226HA,sha256:7824b9b2a4b643b96407ee54cdf0dbd4aa497da72cd4061833f9fbede6a3e5e2,2025-07-30~HA~73~14893~12758~0700,2025-07-30,N226HA,ineligible,2,-6,-9
2025-07-30~N227HA,sha256:225f6be67e057204be3953cdb4c8bcc08b3ea82889441bf2595e1e5191c0debb,2025-07-30~HA~611~14679~12173~1230,2025-07-30,N227HA,ineligible,2,29,11
2025-07-30~N228HA,sha256:cb4e559cd14959213ecb1d02c390053f6519e328a02ee42f06f1a1cd674f15d8,2025-07-30~HA~683~14057~12173~1055,2025-07-30,N228HA,ineligible,2,9,-6
2025-07-30~N230HA,sha256:0ba8ffae55ee5676f51205428fe41404958d37b070576c274b58dd264eb1f3a8,2025-07-30~HA~47~13796~12173~0850,2025-07-30,N230HA,ineligible,2,-6,-9
2025-07-30~N360HA,sha256:d9b2779cf137632748a14bde0be67aa59b052c164ffa6845679548e65949e4f2,2025-07-30~HA~6~12173~12889~0810,2025-07-30,N360HA,ineligible,2,11,0
2025-07-30~N370HA,sha256:6c982824ecf41f2e37a151d2d777acdc3ca211f6a1a25c8cd5b7d6ef04bd02d1,2025-07-30~HA~17~12889~12173~0150,2025-07-30,N370HA,recovered,6,94,2
2025-07-30~N373HA,sha256:7e728175b5b570bc46a144b7fcd2a3b6a3f61f70d99568232aaafc5c6679822b,2025-07-30~HA~29~14747~13830~1030,2025-07-30,N373HA,ineligible,2,105,105
2025-07-30~N374HA,sha256:23d62d03b610bb3b91b58c062d8a7566cbbcce6d3519102a4cae4047c5f81e25,2025-07-30~HA~681~14747~10299~1145,2025-07-30,N374HA,ineligible,3,871,871
2025-07-30~N375HA,sha256:0011f21ec4c5ca534bd95211bbbaccda250770fe4ea80b5a93b5c0ecd2316c4d,2025-07-30~HA~36~12173~14107~1105,2025-07-30,N375HA,ineligible,1,19,19
2025-07-30~N378HA,sha256:c32571f5c9e210d64531018ed87d44e4f02ef1d0af3a6b93fc28ccd49bea53e5,2025-07-30~HA~633~14747~12173~1555,2025-07-30,N378HA,ineligible,2,25,4
2025-07-30~N379HA,sha256:8bc4bad490e77757af51a0918b4fca84c507b8afa874dbb12b0060e626c8de90,2025-07-30~HA~33~12892~13830~0700,2025-07-30,N379HA,other,3,108,108
2025-07-30~N380HA,sha256:0860c7b0ea3b81bf6280f8f7b632d4b555dd5078abd239c88d54415efd5bf05f,2025-07-30~HA~698~10299~14747~0250,2025-07-30,N380HA,ineligible,1,7,7
2025-07-30~N381HA,sha256:734295be3bca60e2157dbc70eda9d1d5dabd3136bd630d1a198b3c26a821a205,2025-07-30~HA~31~12889~13830~0850,2025-07-30,N381HA,ineligible,2,66,66
2025-07-30~N382HA,sha256:0754984024fa59128b4af823bb1dbd89c25827324fec608c910a7ecce9452107,2025-07-30~HA~19~14893~12173~0940,2025-07-30,N382HA,ineligible,1,-2,-2
2025-07-30~N383HA,sha256:a93c4560c1c60a83e23927592f5560b8d19e9fc334e70b4b1e3e3b4fe66182b9,2025-07-30~HA~16~12173~14679~1255,2025-07-30,N383HA,ineligible,1,-1,-1
2025-07-30~N384HA,sha256:a07c284344be6efd9001d851f969cad5dd951680c6008e0aa00cbf0d5a50e0b7,2025-07-30~HA~7~12889~12173~0750,2025-07-30,N384HA,ineligible,1,-1,-1
2025-07-30~N385HA,sha256:2e3a57c54586ca2d36161f59adfea0250cbccb775d9745e8963bfc052c5aaf9e,2025-07-30~HA~12~12173~14771~1330,2025-07-30,N385HA,ineligible,1,29,29
2025-07-30~N386HA,sha256:0e84d700c4155fc2af32ea17c4d05ec3f84a40b65f657fbad675b90082e02c5c,2025-07-30~HA~21~14747~12173~0815,2025-07-30,N386HA,ineligible,2,77,77
2025-07-30~N389HA,sha256:2f12b4263ce57a42ad6ea69e96bcd42a31880e6a96a064e0279f0e49673c86c9,2025-07-30~HA~27~14747~12173~1125,2025-07-30,N389HA,ineligible,1,418,418
2025-07-30~N392HA,sha256:61e0a3fe72a23ffb54b463da2238e084375dc6d9bc5e428994a3e170e9d53c7b,2025-07-30~HA~35~14107~12173~0805,2025-07-30,N392HA,ineligible,2,14,14
2025-07-30~N393HA,sha256:9b826435cfd24ae4457fdf0c1645e1eb13e2ad14063e8777b81a59c15f308180,2025-07-30~HA~15~14679~12173~0915,2025-07-30,N393HA,ineligible,2,45,45
2025-07-30~N396HA,sha256:2d5934f5cde5ed481b8e02b25788bab6eae992d5f9fbfa2f5114a9385461feff,2025-07-30~HA~10~12173~12892~0740,2025-07-30,N396HA,near,3,6,6
2025-07-30~N399HA,sha256:3987b3169ea02d946acf4666fdbb2c97fe2196452cfb1ac0638b72dc6109e22e,2025-07-30~HA~11~14771~12173~0935,2025-07-30,N399HA,ineligible,1,-5,-5
2025-07-30~N475HA,sha256:772ae69341706fc5d17d5007fa5ea6145deba9d29b292b69b60d6dad196ebc6b,2025-07-30~HA~113~12173~12982~0536,2025-07-30,N475HA,other,9,16,6
2025-07-30~N476HA,sha256:c21794d25d5f6523b17ed2e27f91899b0e1e8a0490e9a64bae0dd6fbef7f8aa9,2025-07-30~HA~142~12173~12402~0714,2025-07-30,N476HA,other,10,19,17
2025-07-30~N478HA,sha256:3288486f8ef493e5e8913c7021975fe17c9e7f3577efb178a2b94ef503c27b6d,2025-07-30~HA~158~12173~12758~0730,2025-07-30,N478HA,other,8,33,33
2025-07-30~N479HA,sha256:360ebf5c85e9784883a7ab5c06e6a6186790d77161829dec71a339eaf81e258e,2025-07-30~HA~156~12173~13830~0735,2025-07-30,N479HA,persisted,11,92,72
2025-07-30~N480HA,sha256:14fc4c00323ceaca63d54c59628959bee28beea260a33e513692da771ac843f0,2025-07-30~HA~139~12758~13830~0810,2025-07-30,N480HA,other,10,32,-3
2025-07-30~N483HA,sha256:fe9fa0ef000397024cee28c48b76afb5716c1bd81f7cb8c19b8cf7705fc60ad8,2025-07-30~HA~138~12173~12758~0630,2025-07-30,N483HA,other,8,17,-4
2025-07-30~N485HA,sha256:9f6e6d5aea226384ea081c5f13f525258a16f59421fafa232d53868ec5e9a90d,2025-07-30~HA~140~12982~13830~0909,2025-07-30,N485HA,other,7,20,4
2025-07-30~N486HA,sha256:52ba4a6cde009fc27fb214beba857f300afc26dbadaa881552b6097e94e620f0,2025-07-30~HA~126~12173~13830~0615,2025-07-30,N486HA,other,11,35,35
2025-07-30~N487HA,sha256:d14598377b2a47cf1e27de0af09aac4f64c138065791708ce71ce1d0a03d5ebd,2025-07-30~HA~278~12173~12758~1225,2025-07-30,N487HA,other,7,27,8
2025-07-30~N489HA,sha256:488f6b27cf4cbd78892f312f0afa81b3b8f5b9a2ce0529396a6c9fb1890a38f5,2025-07-30~HA~143~12173~12982~0720,2025-07-30,N489HA,other,10,26,1
2025-07-30~N491HA,sha256:503bcf456c5cc669d69c43f3e32f24400a93a74bcdf2cf285202681de81805de,2025-07-30~HA~118~12173~12758~0540,2025-07-30,N491HA,near,9,10,-7
2025-07-30~N492HA,sha256:fc66dfc305a1cc984f55ea4eff160e702ce95a0a892e60de213ec48380f1152c,2025-07-30~HA~133~12173~12982~0620,2025-07-30,N492HA,other,10,50,31
2025-07-30~N493HA,sha256:8a3e2f91ef5b0e2aaa461c6ad6b73f81fcce47165b3608ae95af3e7610f5d8f7,2025-07-30~HA~122~12173~12402~0605,2025-07-30,N493HA,other,5,88,88
2025-07-30~N494HA,sha256:dfc32a5c17ce135991eab286d50a43ee9f49a8a25561fba8fff1b29dc88407ad,2025-07-30~HA~116~12173~13830~0536,2025-07-30,N494HA,other,11,26,2
2025-07-30~N495HA,sha256:d548afa37e7b52b7c789bf0fbc09e72d6801499ff798a856ced0bb770c34e360,2025-07-30~HA~356~12173~13830~1525,2025-07-30,N495HA,other,5,15,4
2025-07-30~N781HA,sha256:f2eb1d1caa196298ebc0359f63a7ac42cf02d2f8b81cc6aff4ea2d1c46c363f5,2025-07-30~HA~1~12892~12173~0830,2025-07-30,N781HA,ineligible,2,26,2
2025-07-30~N782HA,sha256:dd9201e42104e45d5288cd1877fe62f4760bac1c3dbf2a1135b12a17781bf316,2025-07-30~HA~3~12892~12173~1010,2025-07-30,N782HA,ineligible,2,29,29
2025-07-30~N783HA,sha256:4dfe1174bda75b0ec82affa51a5204b6704a6fe961e954070962348628c1d4aa,2025-07-30~HA~51~12478~12173~0905,2025-07-30,N783HA,ineligible,2,42,42