STATION_ID,DURATION,SENSOR_NUMBER,SENSOR_TYPE,DATE TIME,OBS DATE,VALUE,DATA_FLAG,UNITS
ORO,D,15,STORAGE,19901001 0000,19901001 0000,1162392,,AF
ORO,D,15,STORAGE,19901002 0000,19901002 0000,1161234,,AF
ORO,D,15,STORAGE,19901003 0000,19901003 0000,1159428,,AF
ORO,D,15,STORAGE,19901004 0000,19901004 0000,1161017,,AF
ORO,D,15,STORAGE,19901005 0000,19901005 0000,1160296,,AF
ORO,D,15,STORAGE,19901006 0000,19901006 0000,1158419,,AF
ORO,D,15,STORAGE,19901007 0000,19901007 0000,1159428,,AF
ORO,D,15,STORAGE,19901008 0000,19901008 0000,1161885,,AF
ORO,D,15,STORAGE,19901009 0000,19901009 0000,1159500,,AF
ORO,D,15,STORAGE,19901010 0000,19901010 0000,1162608,,AF
ORO,D,15,STORAGE,19901011 0000,19901011 0000,1163187,,AF
ORO,D,15,STORAGE,19901012 0000,19901012 0000,1165287,,AF
ORO,D,15,STORAGE,19901013 0000,19901013 0000,1169277,,AF
ORO,D,15,STORAGE,19901014 0000,19901014 0000,1171384,,AF
ORO,D,15,STORAGE,19901015 0000,19901015 0000,1171966,,AF
ORO,D,15,STORAGE,19901016 0000,19901016 0000,1172986,,AF
ORO,D,15,STORAGE,19901017 0000,19901017 0000,1173930,,AF
ORO,D,15,STORAGE,19901018 0000,19901018 0000,1174222,,AF
ORO,D,15,STORAGE,19901019 0000,19901019 0000,1172766,,AF
ORO,D,15,STORAGE,19901020 0000,19901020 0000,1177868,,AF
ORO,D,15,STORAGE,19901021 0000,19901021 0000,1181596,,AF
ORO,D,15,STORAGE,19901022 0000,19901022 0000,1182913,,AF
ORO,D,15,STORAGE,19901023 0000,19901023 0000,1182694,,AF
ORO,D,15,STORAGE,19901024 0000,19901024 0000,1182548,,AF
ORO,D,15,STORAGE,19901025 0000,19901025 0000,1181742,,AF
ORO,D,15,STORAGE,19901026 0000,19901026 0000,1181523,,AF
ORO,D,15,STORAGE,19901027 0000,19901027 0000,1177430,,AF
ORO,D,15,STORAGE,19901028 0000,19901028 0000,1173494,,AF
ORO,D,15,STORAGE,19901029 0000,19901029 0000,1173276,,AF
ORO,D,15,STORAGE,19901030 0000,19901030 0000,1172620,,AF
ORO,D,15,STORAGE,19901031 0000,19901031 0000,1173203,,AF
ORO,D,15,STORAGE,19901101 0000,19901101 0000,1169640,,AF
ORO,D,15,STORAGE,19901102 0000,19901102 0000,1167317,,AF
ORO,D,15,STORAGE,19901103 0000,19901103 0000,1164418,,AF
ORO,D,15,STORAGE,19901104 0000,19901104 0000,1161740,,AF
ORO,D,15,STORAGE,19901105 0000,19901105 0000,1161089,,AF
ORO,D,15,STORAGE,19901106 0000,19901106 0000,1161018,,AF
ORO,D,15,STORAGE,19901107 0000,19901107 0000,1157264,,AF
ORO,D,15,STORAGE,19901108 0000,19901108 0000,1157553,,AF
ORO,D,15,STORAGE,19901109 0000,19901109 0000,1153951,,AF
ORO,D,15,STORAGE,19901110 0000,19901110 0000,1150788,,AF
ORO,D,15,STORAGE,19901111 0000,19901111 0000,1153161,,AF
ORO,D,15,STORAGE,19901112 0000,19901112 0000,1151651,,AF
ORO,D,15,STORAGE,19901113 0000,19901113 0000,1151148,,AF
ORO,D,15,STORAGE,19901114 0000,19901114 0000,1151004,,AF
ORO,D,15,STORAGE,19901115 0000,19901115 0000,---,,AF
ORO,D,15,STORAGE,19901116 0000,19901116 0000,1155751,,AF
ORO,D,15,STORAGE,19901117 0000,19901117 0000,1158346,,AF
ORO,D,15,STORAGE,19901118 0000,19901118 0000,1160512,,AF
ORO,D,15,STORAGE,19901119 0000,19901119 0000,1158851,,AF
ORO,D,15,STORAGE,19901120 0000,19901120 0000,1161162,,AF
ORO,D,15,STORAGE,19901121 0000,19901121 0000,1159790,,AF
ORO,D,15,STORAGE,19901122 0000,19901122 0000,1162608,,AF
ORO,D,15,STORAGE,19901123 0000,19901123 0000,1161740,,AF
ORO,D,15,STORAGE,19901124 0000,19901124 0000,1163838,,AF
ORO,D,15,STORAGE,19901125 0000,19901125 0000,1167026,,AF
ORO,D,15,STORAGE,19901126 0000,19901126 0000,1161957,,AF
ORO,D,15,STORAGE,19901127 0000,19901127 0000,1158564,,AF
ORO,D,15,STORAGE,19901128 0000,19901128 0000,1156183,,AF
ORO,D,15,STORAGE,19901129 0000,19901129 0000,1155500,,AF
ORO,D,15,STORAGE,19901130 0000,19901130 0000,1155500,,AF
ORO,D,15,STORAGE,19901201 0000,19901201 0000,1156400,,AF
ORO,D,15,STORAGE,19901202 0000,19901202 0000,1157048,,AF
ORO,D,15,STORAGE,19901203 0000,19901203 0000,1154671,,AF
ORO,D,15,STORAGE,19901204 0000,19901204 0000,1152946,,AF
ORO,D,15,STORAGE,19901205 0000,19901205 0000,1149568,,AF
ORO,D,15,STORAGE,19901206 0000,19901206 0000,1148062,,AF
ORO,D,15,STORAGE,19901207 0000,19901207 0000,1145842,,AF
ORO,D,15,STORAGE,19901208 0000,19901208 0000,1136703,,AF
ORO,D,15,STORAGE,19901209 0000,19901209 0000,1125707,,AF
ORO,D,15,STORAGE,19901210 0000,19901210 0000,1116472,,AF
ORO,D,15,STORAGE,19901211 0000,19901211 0000,1108759,,AF
ORO,D,15,STORAGE,19901212 0000,19901212 0000,1100595,,AF
ORO,D,15,STORAGE,19901213 0000,19901213 0000,1091091,,AF
ORO,D,15,STORAGE,19901214 0000,19901214 0000,1083227,,AF
ORO,D,15,STORAGE,19901215 0000,19901215 0000,1076018,,AF
ORO,D,15,STORAGE,19901216 0000,19901216 0000,1067343,,AF
ORO,D,15,STORAGE,19901217 0000,19901217 0000,1058649,,AF
ORO,D,15,STORAGE,19901218 0000,19901218 0000,1056822,,AF
ORO,D,15,STORAGE,19901219 0000,19901219 0000,1052297,,AF
ORO,D,15,STORAGE,19901220 0000,19901220 0000,1049332,,AF
ORO,D,15,STORAGE,19901221 0000,19901221 0000,1043958,,AF
ORO,D,15,STORAGE,19901222 0000,19901222 0000,1039805,,AF
ORO,D,15,STORAGE,19901223 0000,19901223 0000,1032991,,AF
ORO,D,15,STORAGE,19901224 0000,19901224 0000,1027674,,AF
ORO,D,15,STORAGE,19901225 0000,19901225 0000,1023567,,AF
ORO,D,15,STORAGE,19901226 0000,19901226 0000,1018349,,AF
ORO,D,15,STORAGE,19901227 0000,19901227 0000,1012229,,AF
ORO,D,15,STORAGE,19901228 0000,19901228 0000,1007769,,AF
ORO,D,15,STORAGE,19901229 0000,19901229 0000,1001042,,AF
ORO,D,15,STORAGE,19901230 0000,19901230 0000,993239,,AF
ORO,D,15,STORAGE,19901231 0000,19901231 0000,987100,,AF
ORO,D,15,STORAGE,19910101 0000,19910101 0000,983676,,AF
ORO,D,15,STORAGE,19910102 0000,19910102 0000,976929,,AF
ORO,D,15,STORAGE,19910103 0000,19910103 0000,970341,,AF
ORO,D,15,STORAGE,19910104 0000,19910104 0000,967407,,AF
ORO,D,15,STORAGE,19910105 0000,19910105 0000,969256,,AF
ORO,D,15,STORAGE,19910106 0000,19910106 0000,970469,,AF
ORO,D,15,STORAGE,19910107 0000,19910107 0000,964672,,AF
ORO,D,15,STORAGE,19910108 0000,19910108 0000,952079,,AF
ORO,D,15,STORAGE,19910109 0000,19910109 0000,954287,,AF
ORO,D,15,STORAGE,19910110 0000,19910110 0000,950568,,AF
ORO,D,15,STORAGE,19910111 0000,19910111 0000,945731,,AF
ORO,D,15,STORAGE,19910112 0000,19910112 0000,941411,,AF
ORO,D,15,STORAGE,19910113 0000,19910113 0000,949374,,AF
ORO,D,15,STORAGE,19910114 0000,19910114 0000,947175,,AF
ORO,D,15,STORAGE,19910115 0000,19910115 0000,944791,,AF
ORO,D,15,STORAGE,19910116 0000,19910116 0000,939662,,AF
ORO,D,15,STORAGE,19910117 0000,19910117 0000,933557,,AF
ORO,D,15,STORAGE,19910118 0000,19910118 0000,928593,,AF
ORO,D,15,STORAGE,19910119 0000,19910119 0000,930452,,AF
ORO,D,15,STORAGE,19910120 0000,19910120 0000,932314,,AF
ORO,D,15,STORAGE,19910121 0000,19910121 0000,927355,,AF
ORO,D,15,STORAGE,19910122 0000,19910122 0000,924759,,AF
ORO,D,15,STORAGE,19910123 0000,19910123 0000,924635,,AF
ORO,D,15,STORAGE,19910124 0000,19910124 0000,923647,,AF
ORO,D,15,STORAGE,19910125 0000,19910125 0000,923709,,AF
ORO,D,15,STORAGE,19910126 0000,19910126 0000,924820,,AF
ORO,D,15,STORAGE,19910127 0000,19910127 0000,926736,,AF
ORO,D,15,STORAGE,19910128 0000,19910128 0000,924882,,AF
ORO,D,15,STORAGE,19910129 0000,19910129 0000,922599,,AF
ORO,D,15,STORAGE,19910130 0000,19910130 0000,921058,,AF
ORO,D,15,STORAGE,19910131 0000,19910131 0000,921058,,AF
ORO,D,15,STORAGE,19910201 0000,19910201 0000,920900,,AF
ORO,D,15,STORAGE,19910202 0000,19910202 0000,921700,,AF
ORO,D,15,STORAGE,19910203 0000,19910203 0000,925500,,AF
ORO,D,15,STORAGE,19910204 0000,19910204 0000,929956,,AF
ORO,D,15,STORAGE,19910205 0000,19910205 0000,932376,,AF
ORO,D,15,STORAGE,19910206 0000,19910206 0000,932687,,AF
ORO,D,15,STORAGE,19910207 0000,19910207 0000,934304,,AF
ORO,D,15,STORAGE,19910208 0000,19910208 0000,935548,,AF
ORO,D,15,STORAGE,19910209 0000,19910209 0000,937292,,AF
ORO,D,15,STORAGE,19910210 0000,19910210 0000,939287,,AF
ORO,D,15,STORAGE,19910211 0000,19910211 0000,941974,,AF
ORO,D,15,STORAGE,19910212 0000,19910212 0000,942850,,AF
ORO,D,15,STORAGE,19910213 0000,19910213 0000,943226,,AF
ORO,D,15,STORAGE,19910214 0000,19910214 0000,943726,,AF
ORO,D,15,STORAGE,19910215 0000,19910215 0000,942100,,AF
ORO,D,15,STORAGE,19910216 0000,19910216 0000,944540,,AF
ORO,D,15,STORAGE,19910217 0000,19910217 0000,946359,,AF
ORO,D,15,STORAGE,19910218 0000,19910218 0000,946798,,AF
ORO,D,15,STORAGE,19910219 0000,19910219 0000,944791,,AF
ORO,D,15,STORAGE,19910220 0000,19910220 0000,944102,,AF
ORO,D,15,STORAGE,19910221 0000,19910221 0000,943225,,AF
ORO,D,15,STORAGE,19910222 0000,19910222 0000,942286,,AF
ORO,D,15,STORAGE,19910223 0000,19910223 0000,944102,,AF
ORO,D,15,STORAGE,19910224 0000,19910224 0000,945543,,AF
ORO,D,15,STORAGE,19910225 0000,19910225 0000,943350,,AF
ORO,D,15,STORAGE,19910226 0000,19910226 0000,939974,,AF
ORO,D,15,STORAGE,19910227 0000,19910227 0000,938851,,AF
ORO,D,15,STORAGE,19910228 0000,19910228 0000,937977,,AF
ORO,D,15,STORAGE,19910301 0000,19910301 0000,940037,,AF
ORO,D,15,STORAGE,19910302 0000,19910302 0000,948243,,AF
ORO,D,15,STORAGE,19910303 0000,19910303 0000,975775,,AF
ORO,D,15,STORAGE,19910304 0000,19910304 0000,1052298,,AF
ORO,D,15,STORAGE,19910305 0000,19910305 0000,1099205,,AF
ORO,D,15,STORAGE,19910306 0000,19910306 0000,1116964,,AF
ORO,D,15,STORAGE,19910307 0000,19910307 0000,1127830,,AF
ORO,D,15,STORAGE,19910308 0000,19910308 0000,1135210,,AF
ORO,D,15,STORAGE,19910309 0000,19910309 0000,1142838,,AF
ORO,D,15,STORAGE,19910310 0000,19910310 0000,1150286,,AF
ORO,D,15,STORAGE,19910311 0000,19910311 0000,1155103,,AF
ORO,D,15,STORAGE,19910312 0000,19910312 0000,1163549,,AF
ORO,D,15,STORAGE,19910313 0000,19910313 0000,1177066,,AF
ORO,D,15,STORAGE,19910314 0000,19910314 0000,1184159,,AF
ORO,D,15,STORAGE,19910315 0000,19910315 0000,1189149,,AF
ORO,D,15,STORAGE,19910316 0000,19910316 0000,1195114,,AF
ORO,D,15,STORAGE,19910317 0000,19910317 0000,1202580,,AF
ORO,D,15,STORAGE,19910318 0000,19910318 0000,1207477,,AF
ORO,D,15,STORAGE,19910319 0000,19910319 0000,1211197,,AF
ORO,D,15,STORAGE,19910320 0000,19910320 0000,1216866,,AF
ORO,D,15,STORAGE,19910321 0000,19910321 0000,1221655,,AF
ORO,D,15,STORAGE,19910322 0000,19910322 0000,1226758,,AF
ORO,D,15,STORAGE,19910323 0000,19910323 0000,1235271,,AF
ORO,D,15,STORAGE,19910324 0000,19910324 0000,1246257,,AF
ORO,D,15,STORAGE,19910325 0000,19910325 0000,1256541,,AF
ORO,D,15,STORAGE,19910326 0000,19910326 0000,1271965,,AF
ORO,D,15,STORAGE,19910327 0000,19910327 0000,1281542,,AF
ORO,D,15,STORAGE,19910328 0000,19910328 0000,1291947,,AF
ORO,D,15,STORAGE,19910329 0000,19910329 0000,1301392,,AF
ORO,D,15,STORAGE,19910330 0000,19910330 0000,1309782,,AF
ORO,D,15,STORAGE,19910331 0000,19910331 0000,1320262,,AF
ORO,D,15,STORAGE,19910401 0000,19910401 0000,1331037,,AF
ORO,D,15,STORAGE,19910402 0000,19910402 0000,1340195,,AF
ORO,D,15,STORAGE,19910403 0000,19910403 0000,1349716,,AF
ORO,D,15,STORAGE,19910404 0000,19910404 0000,1358042,,AF
ORO,D,15,STORAGE,19910405 0000,19910405 0000,1364610,,AF
ORO,D,15,STORAGE,19910406 0000,19910406 0000,1389983,,AF
ORO,D,15,STORAGE,19910407 0000,19910407 0000,1411041,,AF
ORO,D,15,STORAGE,19910408 0000,19910408 0000,1425729,,AF
ORO,D,15,STORAGE,19910409 0000,19910409 0000,1436000,,AF
ORO,D,15,STORAGE,19910410 0000,19910410 0000,1444552,,AF
ORO,D,15,STORAGE,19910411 0000,19910411 0000,1452045,,AF
ORO,D,15,STORAGE,19910412 0000,19910412 0000,1455591,,AF
ORO,D,15,STORAGE,19910413 0000,19910413 0000,1465073,,AF
ORO,D,15,STORAGE,19910414 0000,19910414 0000,1473919,,AF
ORO,D,15,STORAGE,19910415 0000,19910415 0000,1481859,,AF
ORO,D,15,STORAGE,19910416 0000,19910416 0000,1489057,,AF
ORO,D,15,STORAGE,19910417 0000,19910417 0000,1495073,,AF
ORO,D,15,STORAGE,19910418 0000,19910418 0000,1502488,,AF
ORO,D,15,STORAGE,19910419 0000,19910419 0000,1508542,,AF
ORO,D,15,STORAGE,19910420 0000,19910420 0000,1516698,,AF
ORO,D,15,STORAGE,19910421 0000,19910421 0000,1525318,,AF
ORO,D,15,STORAGE,19910422 0000,19910422 0000,1530736,,AF
ORO,D,15,STORAGE,19910423 0000,19910423 0000,1537656,,AF
ORO,D,15,STORAGE,19910424 0000,19910424 0000,1543719,,AF
ORO,D,15,STORAGE,19910425 0000,19910425 0000,1553683,,AF
ORO,D,15,STORAGE,19910426 0000,19910426 0000,1558814,,AF
ORO,D,15,STORAGE,19910427 0000,19910427 0000,1569293,,AF
ORO,D,15,STORAGE,19910428 0000,19910428 0000,1585549,,AF
ORO,D,15,STORAGE,19910429 0000,19910429 0000,1594172,,AF
ORO,D,15,STORAGE,19910430 0000,19910430 0000,1599577,,AF
ORO,D,15,STORAGE,19910501 0000,19910501 0000,1602285,,AF
ORO,D,15,STORAGE,19910502 0000,19910502 0000,1599577,,AF
ORO,D,15,STORAGE,19910503 0000,19910503 0000,1595162,,AF
ORO,D,15,STORAGE,19910504 0000,19910504 0000,1601743,,AF
ORO,D,15,STORAGE,19910505 0000,19910505 0000,1608616,,AF
ORO,D,15,STORAGE,19910506 0000,19910506 0000,1609521,,AF
ORO,D,15,STORAGE,19910507 0000,19910507 0000,1607349,,AF
ORO,D,15,STORAGE,19910508 0000,19910508 0000,1607710,,AF
ORO,D,15,STORAGE,19910509 0000,19910509 0000,1610156,,AF
ORO,D,15,STORAGE,19910510 0000,19910510 0000,1607528,,AF
ORO,D,15,STORAGE,19910511 0000,19910511 0000,1614327,,AF
ORO,D,15,STORAGE,19910512 0000,19910512 0000,1624428,,AF
ORO,D,15,STORAGE,19910513 0000,19910513 0000,1625157,,AF
ORO,D,15,STORAGE,19910514 0000,19910514 0000,1627804,,AF
ORO,D,15,STORAGE,19910515 0000,19910515 0000,1627348,,AF
ORO,D,15,STORAGE,19910516 0000,19910516 0000,1625614,,AF
ORO,D,15,STORAGE,19910517 0000,19910517 0000,1628992,,AF
ORO,D,15,STORAGE,19910518 0000,19910518 0000,1638238,,AF
ORO,D,15,STORAGE,19910519 0000,19910519 0000,1649180,,AF
ORO,D,15,STORAGE,19910520 0000,19910520 0000,1652316,,AF
ORO,D,15,STORAGE,19910521 0000,19910521 0000,1654440,,AF
ORO,D,15,STORAGE,19910522 0000,19910522 0000,1660174,,AF
ORO,D,15,STORAGE,19910523 0000,19910523 0000,1666758,,AF
ORO,D,15,STORAGE,19910524 0000,19910524 0000,1667965,,AF
ORO,D,15,STORAGE,19910525 0000,19910525 0000,1676249,,AF
ORO,D,15,STORAGE,19910526 0000,19910526 0000,1683718,,AF
ORO,D,15,STORAGE,19910527 0000,19910527 0000,1687837,,AF
ORO,D,15,STORAGE,19910528 0000,19910528 0000,1684280,,AF
ORO,D,15,STORAGE,19910529 0000,19910529 0000,1684373,,AF
ORO,D,15,STORAGE,19910530 0000,19910530 0000,1687275,,AF
ORO,D,15,STORAGE,19910531 0000,19910531 0000,1684700,,AF
ORO,D,15,STORAGE,19910601 0000,19910601 0000,1687463,,AF
ORO,D,15,STORAGE,19910602 0000,19910602 0000,1691869,,AF
ORO,D,15,STORAGE,19910603 0000,19910603 0000,1688587,,AF
ORO,D,15,STORAGE,19910604 0000,19910604 0000,1680447,,AF
ORO,D,15,STORAGE,19910605 0000,19910605 0000,1673639,,AF
ORO,D,15,STORAGE,19910606 0000,19910606 0000,1668151,,AF
ORO,D,15,STORAGE,19910607 0000,19910607 0000,1662306,,AF
ORO,D,15,STORAGE,19910608 0000,19910608 0000,1664624,,AF
ORO,D,15,STORAGE,19910609 0000,19910609 0000,1668894,,AF
ORO,D,15,STORAGE,19910610 0000,19910610 0000,1661749,,AF
ORO,D,15,STORAGE,19910611 0000,19910611 0000,1657305,,AF
ORO,D,15,STORAGE,19910612 0000,19910612 0000,1651578,,AF
ORO,D,15,STORAGE,19910613 0000,19910613 0000,1647798,,AF
ORO,D,15,STORAGE,19910614 0000,19910614 0000,1629632,,AF
ORO,D,15,STORAGE,19910615 0000,19910615 0000,1628992,,AF
ORO,D,15,STORAGE,19910616 0000,19910616 0000,1628078,,AF
ORO,D,15,STORAGE,19910617 0000,19910617 0000,1615418,,AF
ORO,D,15,STORAGE,19910618 0000,19910618 0000,1604100,,AF
ORO,D,15,STORAGE,19910619 0000,19910619 0000,1596152,,AF
ORO,D,15,STORAGE,19910620 0000,19910620 0000,1585191,,AF
ORO,D,15,STORAGE,19910621 0000,19910621 0000,1579551,,AF
ORO,D,15,STORAGE,19910622 0000,19910622 0000,1582325,,AF
ORO,D,15,STORAGE,19910623 0000,19910623 0000,1587343,,AF
ORO,D,15,STORAGE,19910624 0000,19910624 0000,1584922,,AF
ORO,D,15,STORAGE,19910625 0000,19910625 0000,1584832,,AF
ORO,D,15,STORAGE,19910626 0000,19910626 0000,1573301,,AF
ORO,D,15,STORAGE,19910627 0000,19910627 0000,1566713,,AF
ORO,D,15,STORAGE,19910628 0000,19910628 0000,1560764,,AF
ORO,D,15,STORAGE,19910629 0000,19910629 0000,1566091,,AF
ORO,D,15,STORAGE,19910630 0000,19910630 0000,1570271,,AF
ORO,D,15,STORAGE,19910701 0000,19910701 0000,1560055,,AF
ORO,D,15,STORAGE,19910702 0000,19910702 0000,1551916,,AF
ORO,D,15,STORAGE,19910703 0000,19910703 0000,1547681,,AF
ORO,D,15,STORAGE,19910704 0000,19910704 0000,1556689,,AF
ORO,D,15,STORAGE,19910705 0000,19910705 0000,1552711,,AF
ORO,D,15,STORAGE,19910706 0000,19910706 0000,1554478,,AF
ORO,D,15,STORAGE,19910707 0000,19910707 0000,1558195,,AF
ORO,D,15,STORAGE,19910708 0000,19910708 0000,1552181,,AF
ORO,D,15,STORAGE,19910709 0000,19910709 0000,1544687,,AF
ORO,D,15,STORAGE,19910710 0000,19910710 0000,1536428,,AF
ORO,D,15,STORAGE,19910711 0000,19910711 0000,1527065,,AF
ORO,D,15,STORAGE,19910712 0000,19910712 0000,1519133,,AF
ORO,D,15,STORAGE,19910713 0000,19910713 0000,1516526,,AF
ORO,D,15,STORAGE,19910714 0000,19910714 0000,1518786,,AF
ORO,D,15,STORAGE,19910715 0000,19910715 0000,1508629,,AF
ORO,D,15,STORAGE,19910716 0000,19910716 0000,1501970,,AF
ORO,D,15,STORAGE,19910717 0000,19910717 0000,1495417,,AF
ORO,D,15,STORAGE,19910718 0000,19910718 0000,1487684,,AF
ORO,D,15,STORAGE,19910719 0000,19910719 0000,1481775,,AF
ORO,D,15,STORAGE,19910720 0000,19910720 0000,1483143,,AF
ORO,D,15,STORAGE,19910721 0000,19910721 0000,1485027,,AF
ORO,D,15,STORAGE,19910722 0000,19910722 0000,1477928,,AF
ORO,D,15,STORAGE,19910723 0000,19910723 0000,1473834,,AF
ORO,D,15,STORAGE,19910724 0000,19910724 0000,1463208,,AF
ORO,D,15,STORAGE,19910725 0000,19910725 0000,1456436,,AF
ORO,D,15,STORAGE,19910726 0000,19910726 0000,1454409,,AF
ORO,D,15,STORAGE,19910727 0000,19910727 0000,1455845,,AF
ORO,D,15,STORAGE,19910728 0000,19910728 0000,1457788,,AF
ORO,D,15,STORAGE,19910729 0000,19910729 0000,1452889,,AF
ORO,D,15,STORAGE,19910730 0000,19910730 0000,1451371,,AF
ORO,D,15,STORAGE,19910731 0000,19910731 0000,1449685,,AF
ORO,D,15,STORAGE,19910801 0000,19910801 0000,1447496,,AF
ORO,D,15,STORAGE,19910802 0000,19910802 0000,1445100,,AF
ORO,D,15,STORAGE,19910803 0000,19910803 0000,1448168,,AF
ORO,D,15,STORAGE,19910804 0000,19910804 0000,1448927,,AF
ORO,D,15,STORAGE,19910805 0000,19910805 0000,1447412,,AF
ORO,D,15,STORAGE,19910806 0000,19910806 0000,1444805,,AF
ORO,D,15,STORAGE,19910807 0000,19910807 0000,1440774,,AF
ORO,D,15,STORAGE,19910808 0000,19910808 0000,1434325,,AF
ORO,D,15,STORAGE,19910809 0000,19910809 0000,1428813,,AF
ORO,D,15,STORAGE,19910810 0000,19910810 0000,1432988,,AF
ORO,D,15,STORAGE,19910811 0000,19910811 0000,1434743,,AF
ORO,D,15,STORAGE,19910812 0000,19910812 0000,1426146,,AF
ORO,D,15,STORAGE,19910813 0000,19910813 0000,1417003,,AF
ORO,D,15,STORAGE,19910814 0000,19910814 0000,1411454,,AF
ORO,D,15,STORAGE,19910815 0000,19910815 0000,1411372,,AF
ORO,D,15,STORAGE,19910816 0000,19910816 0000,1409967,,AF
ORO,D,15,STORAGE,19910817 0000,19910817 0000,1410875,,AF
ORO,D,15,STORAGE,19910818 0000,19910818 0000,1411785,,AF
ORO,D,15,STORAGE,19910819 0000,19910819 0000,1408066,,AF
ORO,D,15,STORAGE,19910820 0000,19910820 0000,1404931,,AF
ORO,D,15,STORAGE,19910821 0000,19910821 0000,1402213,,AF
ORO,D,15,STORAGE,19910822 0000,19910822 0000,1396293,,AF
ORO,D,15,STORAGE,19910823 0000,19910823 0000,1392030,,AF
ORO,D,15,STORAGE,19910824 0000,19910824 0000,1394816,,AF
ORO,D,15,STORAGE,19910825 0000,19910825 0000,1398265,,AF
ORO,D,15,STORAGE,19910826 0000,19910826 0000,1394570,,AF
ORO,D,15,STORAGE,19910827 0000,19910827 0000,1394652,,AF
ORO,D,15,STORAGE,19910828 0000,19910828 0000,1393012,,AF
ORO,D,15,STORAGE,19910829 0000,19910829 0000,1389082,,AF
ORO,D,15,STORAGE,19910830 0000,19910830 0000,1383527,,AF
ORO,D,15,STORAGE,19910831 0000,19910831 0000,1388101,,AF
ORO,D,15,STORAGE,19910901 0000,19910901 0000,1392300,,AF
ORO,D,15,STORAGE,19910902 0000,19910902 0000,1396211,,AF
ORO,D,15,STORAGE,19910903 0000,19910903 0000,1388837,,AF
ORO,D,15,STORAGE,19910904 0000,19910904 0000,1384915,,AF
ORO,D,15,STORAGE,19910905 0000,19910905 0000,1381571,,AF
ORO,D,15,STORAGE,19910906 0000,19910906 0000,1383610,,AF
ORO,D,15,STORAGE,19910907 0000,19910907 0000,1389082,,AF
ORO,D,15,STORAGE,19910908 0000,19910908 0000,1394405,,AF
ORO,D,15,STORAGE,19910909 0000,19910909 0000,1397032,,AF
ORO,D,15,STORAGE,19910910 0000,19910910 0000,1398757,,AF
ORO,D,15,STORAGE,19910911 0000,19910911 0000,1398922,,AF
ORO,D,15,STORAGE,19910912 0000,19910912 0000,1397689,,AF
ORO,D,15,STORAGE,19910913 0000,19910913 0000,1400239,,AF
ORO,D,15,STORAGE,19910914 0000,19910914 0000,1405343,,AF
ORO,D,15,STORAGE,19910915 0000,19910915 0000,1410049,,AF
ORO,D,15,STORAGE,19910916 0000,19910916 0000,1409718,,AF
ORO,D,15,STORAGE,19910917 0000,19910917 0000,1410792,,AF
ORO,D,15,STORAGE,19910918 0000,19910918 0000,1411454,,AF
ORO,D,15,STORAGE,19910919 0000,19910919 0000,1413358,,AF
ORO,D,15,STORAGE,19910920 0000,19910920 0000,1415345,,AF
ORO,D,15,STORAGE,19910921 0000,19910921 0000,1419160,,AF
ORO,D,15,STORAGE,19910922 0000,19910922 0000,1423066,,AF
ORO,D,15,STORAGE,19910923 0000,19910923 0000,1417003,,AF
ORO,D,15,STORAGE,19910924 0000,19910924 0000,1414269,,AF
ORO,D,15,STORAGE,19910925 0000,19910925 0000,1410710,,AF
ORO,D,15,STORAGE,19910926 0000,19910926 0000,1407406,,AF
ORO,D,15,STORAGE,19910927 0000,19910927 0000,1404273,,AF
ORO,D,15,STORAGE,19910928 0000,19910928 0000,1403300,,AF
ORO,D,15,STORAGE,19910929 0000,19910929 0000,1402048,,AF
ORO,D,15,STORAGE,19910930 0000,19910930 0000,1399251,,AF
ORO,D,15,STORAGE,19911001 0000,19911001 0000,1397197,,AF
ORO,D,15,STORAGE,19911002 0000,19911002 0000,1393258,,AF
ORO,D,15,STORAGE,19911003 0000,19911003 0000,1389982,,AF
ORO,D,15,STORAGE,19911004 0000,19911004 0000,1387700,,AF
ORO,D,15,STORAGE,19911005 0000,19911005 0000,1381500,,AF
ORO,D,15,STORAGE,19911006 0000,19911006 0000,1377988,,AF
ORO,D,15,STORAGE,19911007 0000,19911007 0000,1374168,,AF
ORO,D,15,STORAGE,19911008 0000,19911008 0000,1370031,,AF
ORO,D,15,STORAGE,19911009 0000,19911009 0000,1366550,,AF
ORO,D,15,STORAGE,19911010 0000,19911010 0000,1363639,,AF
ORO,D,15,STORAGE,19911011 0000,19911011 0000,1362429,,AF
ORO,D,15,STORAGE,19911012 0000,19911012 0000,1361863,,AF
ORO,D,15,STORAGE,19911013 0000,19911013 0000,1357913,,AF
ORO,D,15,STORAGE,19911014 0000,19911014 0000,1354615,,AF
ORO,D,15,STORAGE,19911015 0000,19911015 0000,1352686,,AF
ORO,D,15,STORAGE,19911016 0000,19911016 0000,1351721,,AF
ORO,D,15,STORAGE,19911017 0000,19911017 0000,1352204,,AF
ORO,D,15,STORAGE,19911018 0000,19911018 0000,1351962,,AF
ORO,D,15,STORAGE,19911019 0000,19911019 0000,1349715,,AF
ORO,D,15,STORAGE,19911020 0000,19911020 0000,1347551,,AF
ORO,D,15,STORAGE,19911021 0000,19911021 0000,1348593,,AF
ORO,D,15,STORAGE,19911022 0000,19911022 0000,1348914,,AF
ORO,D,15,STORAGE,19911023 0000,19911023 0000,1349235,,AF
ORO,D,15,STORAGE,19911024 0000,19911024 0000,1348593,,AF
ORO,D,15,STORAGE,19911025 0000,19911025 0000,1350200,,AF
ORO,D,15,STORAGE,19911026 0000,19911026 0000,1353649,,AF
ORO,D,15,STORAGE,19911027 0000,19911027 0000,1353249,,AF
ORO,D,15,STORAGE,19911028 0000,19911028 0000,1353650,,AF
ORO,D,15,STORAGE,19911029 0000,19911029 0000,1355017,,AF
ORO,D,15,STORAGE,19911030 0000,19911030 0000,1354775,,AF
ORO,D,15,STORAGE,19911031 0000,19911031 0000,1353409,,AF
ORO,D,15,STORAGE,19911101 0000,19911101 0000,1353249,,AF
ORO,D,15,STORAGE,19911102 0000,19911102 0000,1351882,,AF
ORO,D,15,STORAGE,19911103 0000,19911103 0000,1351401,,AF
ORO,D,15,STORAGE,19911104 0000,19911104 0000,1351321,,AF
ORO,D,15,STORAGE,19911105 0000,19911105 0000,1348994,,AF
ORO,D,15,STORAGE,19911106 0000,19911106 0000,1347631,,AF
ORO,D,15,STORAGE,19911107 0000,19911107 0000,1346190,,AF
ORO,D,15,STORAGE,19911108 0000,19911108 0000,1343869,,AF
ORO,D,15,STORAGE,19911109 0000,19911109 0000,1342991,,AF
ORO,D,15,STORAGE,19911110 0000,19911110 0000,1340274,,AF
ORO,D,15,STORAGE,19911111 0000,19911111 0000,1338758,,AF
ORO,D,15,STORAGE,19911112 0000,19911112 0000,1337084,,AF
ORO,D,15,STORAGE,19911113 0000,19911113 0000,1335809,,AF
ORO,D,15,STORAGE,19911114 0000,19911114 0000,1334854,,AF
ORO,D,15,STORAGE,19911115 0000,19911115 0000,1332626,,AF
ORO,D,15,STORAGE,19911116 0000,19911116 0000,1330400,,AF
ORO,D,15,STORAGE,19911117 0000,19911117 0000,1331513,,AF
ORO,D,15,STORAGE,19911118 0000,19911118 0000,1331513,,AF
ORO,D,15,STORAGE,19911119 0000,19911119 0000,1329926,,AF
ORO,D,15,STORAGE,19911120 0000,19911120 0000,1330560,,AF
ORO,D,15,STORAGE,19911121 0000,19911121 0000,1330560,,AF
ORO,D,15,STORAGE,19911122 0000,19911122 0000,1329290,,AF
ORO,D,15,STORAGE,19911123 0000,19911123 0000,1330300,,AF
ORO,D,15,STORAGE,19911124 0000,19911124 0000,1332228,,AF
ORO,D,15,STORAGE,19911125 0000,19911125 0000,1332785,,AF
ORO,D,15,STORAGE,19911126 0000,19911126 0000,1329607,,AF
ORO,D,15,STORAGE,19911127 0000,19911127 0000,1330163,,AF
ORO,D,15,STORAGE,19911128 0000,19911128 0000,1332547,,AF
ORO,D,15,STORAGE,19911129 0000,19911129 0000,1331592,,AF
ORO,D,15,STORAGE,19911130 0000,19911130 0000,1331000,,AF
ORO,D,15,STORAGE,19911201 0000,19911201 0000,1333502,,AF
ORO,D,15,STORAGE,19911202 0000,19911202 0000,1330004,,AF
ORO,D,15,STORAGE,19911203 0000,19911203 0000,1326196,,AF
ORO,D,15,STORAGE,19911204 0000,19911204 0000,1323187,,AF
ORO,D,15,STORAGE,19911205 0000,19911205 0000,1322238,,AF
ORO,D,15,STORAGE,19911206 0000,19911206 0000,1319100,,AF
ORO,D,15,STORAGE,19911207 0000,19911207 0000,1321052,,AF
ORO,D,15,STORAGE,19911208 0000,19911208 0000,1323662,,AF
ORO,D,15,STORAGE,19911209 0000,19911209 0000,1323345,,AF
ORO,D,15,STORAGE,19911210 0000,19911210 0000,1323266,,AF
ORO,D,15,STORAGE,19911211 0000,19911211 0000,1322792,,AF
ORO,D,15,STORAGE,19911212 0000,19911212 0000,1321052,,AF
ORO,D,15,STORAGE,19911213 0000,19911213 0000,1316946,,AF
ORO,D,15,STORAGE,19911214 0000,19911214 0000,1313793,,AF
ORO,D,15,STORAGE,19911215 0000,19911215 0000,1316236,,AF
ORO,D,15,STORAGE,19911216 0000,19911216 0000,1308996,,AF
ORO,D,15,STORAGE,19911217 0000,19911217 0000,1304915,,AF
ORO,D,15,STORAGE,19911218 0000,19911218 0000,1298420,,AF
ORO,D,15,STORAGE,19911219 0000,19911219 0000,1289302,,AF
ORO,D,15,STORAGE,19911220 0000,19911220 0000,1278756,,AF
ORO,D,15,STORAGE,19911221 0000,19911221 0000,1276746,,AF
ORO,D,15,STORAGE,19911222 0000,19911222 0000,1278912,,AF
ORO,D,15,STORAGE,19911223 0000,19911223 0000,1273583,,AF
ORO,D,15,STORAGE,19911224 0000,19911224 0000,1272273,,AF
ORO,D,15,STORAGE,19911225 0000,19911225 0000,1274664,,AF
ORO,D,15,STORAGE,19911226 0000,19911226 0000,1270962,,AF
ORO,D,15,STORAGE,19911227 0000,19911227 0000,1264890,,AF
ORO,D,15,STORAGE,19911228 0000,19911228 0000,1266810,,AF
ORO,D,15,STORAGE,19911229 0000,19911229 0000,1270962,,AF
ORO,D,15,STORAGE,19911230 0000,19911230 0000,1267577,,AF
ORO,D,15,STORAGE,19911231 0000,19911231 0000,1265700,,AF
ORO,D,15,STORAGE,19920101 0000,19920101 0000,1268347,,AF
ORO,D,15,STORAGE,19920102 0000,19920102 0000,1262205,,AF
ORO,D,15,STORAGE,19920103 0000,19920103 0000,1258683,,AF
ORO,D,15,STORAGE,19920104 0000,19920104 0000,1262358,,AF
ORO,D,15,STORAGE,19920105 0000,19920105 0000,1269038,,AF
ORO,D,15,STORAGE,19920106 0000,19920106 0000,1268501,,AF
ORO,D,15,STORAGE,19920107 0000,19920107 0000,1269731,,AF
ORO,D,15,STORAGE,19920108 0000,19920108 0000,1268270,,AF
ORO,D,15,STORAGE,19920109 0000,19920109 0000,1268501,,AF
ORO,D,15,STORAGE,19920110 0000,19920110 0000,1269269,,AF
ORO,D,15,STORAGE,19920111 0000,19920111 0000,1271271,,AF
ORO,D,15,STORAGE,19920112 0000,19920112 0000,1273969,,AF
ORO,D,15,STORAGE,19920113 0000,19920113 0000,1271348,,AF
ORO,D,15,STORAGE,19920114 0000,19920114 0000,1270039,,AF
ORO,D,15,STORAGE,19920115 0000,19920115 0000,1271271,,AF
ORO,D,15,STORAGE,19920116 0000,19920116 0000,1271887,,AF
ORO,D,15,STORAGE,19920117 0000,19920117 0000,1273892,,AF
ORO,D,15,STORAGE,19920118 0000,19920118 0000,1276053,,AF
ORO,D,15,STORAGE,19920119 0000,19920119 0000,1278216,,AF
ORO,D,15,STORAGE,19920120 0000,19920120 0000,1277597,,AF
ORO,D,15,STORAGE,19920121 0000,19920121 0000,1276284,,AF
ORO,D,15,STORAGE,19920122 0000,19920122 0000,1275666,,AF
ORO,D,15,STORAGE,19920123 0000,19920123 0000,1275049,,AF
ORO,D,15,STORAGE,19920124 0000,19920124 0000,1275048,,AF
ORO,D,15,STORAGE,19920125 0000,19920125 0000,1277520,,AF
ORO,D,15,STORAGE,19920126 0000,19920126 0000,1278911,,AF
ORO,D,15,STORAGE,19920127 0000,19920127 0000,1280381,,AF
ORO,D,15,STORAGE,19920128 0000,19920128 0000,1279453,,AF
ORO,D,15,STORAGE,19920129 0000,19920129 0000,1278138,,AF
ORO,D,15,STORAGE,19920130 0000,19920130 0000,1277674,,AF
ORO,D,15,STORAGE,19920131 0000,19920131 0000,1277400,,AF
ORO,D,15,STORAGE,19920201 0000,19920201 0000,1279298,,AF
ORO,D,15,STORAGE,19920202 0000,19920202 0000,1281542,,AF
ORO,D,15,STORAGE,19920203 0000,19920203 0000,1281620,,AF
ORO,D,15,STORAGE,19920204 0000,19920204 0000,1280304,,AF
ORO,D,15,STORAGE,19920205 0000,19920205 0000,1282085,,AF
ORO,D,15,STORAGE,19920206 0000,19920206 0000,1281233,,AF
ORO,D,15,STORAGE,19920207 0000,19920207 0000,1279220,,AF
ORO,D,15,STORAGE,19920208 0000,19920208 0000,1282240,,AF
ORO,D,15,STORAGE,19920209 0000,19920209 0000,1285418,,AF
ORO,D,15,STORAGE,19920210 0000,19920210 0000,1286660,,AF
ORO,D,15,STORAGE,19920211 0000,19920211 0000,1291636,,AF
ORO,D,15,STORAGE,19920212 0000,19920212 0000,1306876,,AF
ORO,D,15,STORAGE,19920213 0000,19920213 0000,1316867,,AF
ORO,D,15,STORAGE,19920214 0000,19920214 0000,1328337,,AF
ORO,D,15,STORAGE,19920215 0000,19920215 0000,1342991,,AF
ORO,D,15,STORAGE,19920216 0000,19920216 0000,1354856,,AF
ORO,D,15,STORAGE,19920217 0000,19920217 0000,1363883,,AF
ORO,D,15,STORAGE,19920218 0000,19920218 0000,1370518,,AF
ORO,D,15,STORAGE,19920219 0000,19920219 0000,1385078,,AF
ORO,D,15,STORAGE,19920220 0000,19920220 0000,1423232,,AF
ORO,D,15,STORAGE,19920221 0000,19920221 0000,1445730,,AF
ORO,D,15,STORAGE,19920222 0000,19920222 0000,1464226,,AF
ORO,D,15,STORAGE,19920223 0000,19920223 0000,1477927,,AF
ORO,D,15,STORAGE,19920224 0000,19920224 0000,1488541,,AF
ORO,D,15,STORAGE,19920225 0000,19920225 0000,1496538,,AF
ORO,D,15,STORAGE,19920226 0000,19920226 0000,1506725,,AF
ORO,D,15,STORAGE,19920227 0000,19920227 0000,1515396,,AF
ORO,D,15,STORAGE,19920228 0000,19920228 0000,1526279,,AF
ORO,D,15,STORAGE,19920229 0000,19920229 0000,1526500,,AF
ORO,D,15,STORAGE,19920301 0000,19920301 0000,1552269,,AF
ORO,D,15,STORAGE,19920302 0000,19920302 0000,1558460,,AF
ORO,D,15,STORAGE,19920303 0000,19920303 0000,1563071,,AF
ORO,D,15,STORAGE,19920304 0000,19920304 0000,1569559,,AF
ORO,D,15,STORAGE,19920305 0000,19920305 0000,1583488,,AF
ORO,D,15,STORAGE,19920306 0000,19920306 0000,1596602,,AF
ORO,D,15,STORAGE,19920307 0000,19920307 0000,1607891,,AF
ORO,D,15,STORAGE,19920308 0000,19920308 0000,1623335,,AF
ORO,D,15,STORAGE,19920309 0000,19920309 0000,1631368,,AF
ORO,D,15,STORAGE,19920310 0000,19920310 0000,1638055,,AF
ORO,D,15,STORAGE,19920311 0000,19920311 0000,1642002,,AF
ORO,D,15,STORAGE,19920312 0000,19920312 0000,1646325,,AF
ORO,D,15,STORAGE,19920313 0000,19920313 0000,1649180,,AF
ORO,D,15,STORAGE,19920314 0000,19920314 0000,1657491,,AF
ORO,D,15,STORAGE,19920315 0000,19920315 0000,1676248,,AF
ORO,D,15,STORAGE,19920316 0000,19920316 0000,1683438,,AF
ORO,D,15,STORAGE,19920317 0000,19920317 0000,1690276,,AF
ORO,D,15,STORAGE,19920318 0000,19920318 0000,1696284,,AF
ORO,D,15,STORAGE,19920319 0000,19920319 0000,1700519,,AF
ORO,D,15,STORAGE,19920320 0000,19920320 0000,1704855,,AF
ORO,D,15,STORAGE,19920321 0000,19920321 0000,1711565,,AF
ORO,D,15,STORAGE,19920322 0000,19920322 0000,1723801,,AF
ORO,D,15,STORAGE,19920323 0000,19920323 0000,1728847,,AF
ORO,D,15,STORAGE,19920324 0000,19920324 0000,1733712,,AF
ORO,D,15,STORAGE,19920325 0000,19920325 0000,1735240,,AF
ORO,D,15,STORAGE,19920326 0000,19920326 0000,1739448,,AF
ORO,D,15,STORAGE,19920327 0000,19920327 0000,1743279,,AF
ORO,D,15,STORAGE,19920328 0000,19920328 0000,1751056,,AF
ORO,D,15,STORAGE,19920329 0000,19920329 0000,1767072,,AF
ORO,D,15,STORAGE,19920330 0000,19920330 0000,1770559,,AF
ORO,D,15,STORAGE,19920331 0000,19920331 0000,1775113,,AF
ORO,D,15,STORAGE,19920401 0000,19920401 0000,1783274,,AF
ORO,D,15,STORAGE,19920402 0000,19920402 0000,1786487,,AF
ORO,D,15,STORAGE,19920403 0000,19920403 0000,1793610,,AF
ORO,D,15,STORAGE,19920404 0000,19920404 0000,1805071,,AF
ORO,D,15,STORAGE,19920405 0000,19920405 0000,1812838,,AF
ORO,D,15,STORAGE,19920406 0000,19920406 0000,1818358,,AF
ORO,D,15,STORAGE,19920407 0000,19920407 0000,1825079,,AF
ORO,D,15,STORAGE,19920408 0000,19920408 0000,1829733,,AF
ORO,D,15,STORAGE,19920409 0000,19920409 0000,1833503,,AF
ORO,D,15,STORAGE,19920410 0000,19920410 0000,1841657,,AF
ORO,D,15,STORAGE,19920411 0000,19920411 0000,1851337,,AF
ORO,D,15,STORAGE,19920412 0000,19920412 0000,1867585,,AF
ORO,D,15,STORAGE,19920413 0000,19920413 0000,1886062,,AF
ORO,D,15,STORAGE,19920414 0000,19920414 0000,1898553,,AF
ORO,D,15,STORAGE,19920415 0000,19920415 0000,1908957,,AF
ORO,D,15,STORAGE,19920416 0000,19920416 0000,1915712,,AF
ORO,D,15,STORAGE,19920417 0000,19920417 0000,1928962,,AF
ORO,D,15,STORAGE,19920418 0000,19920418 0000,1942590,,AF
ORO,D,15,STORAGE,19920419 0000,19920419 0000,1951922,,AF
ORO,D,15,STORAGE,19920420 0000,19920420 0000,1957745,,AF
ORO,D,15,STORAGE,19920421 0000,19920421 0000,1964728,,AF
ORO,D,15,STORAGE,19920422 0000,19920422 0000,1973088,,AF
ORO,D,15,STORAGE,19920423 0000,19920423 0000,1980007,,AF
ORO,D,15,STORAGE,19920424 0000,19920424 0000,1984102,,AF
ORO,D,15,STORAGE,19920425 0000,19920425 0000,1990310,,AF
ORO,D,15,STORAGE,19920426 0000,19920426 0000,1997271,,AF
ORO,D,15,STORAGE,19920427 0000,19920427 0000,2002556,,AF
ORO,D,15,STORAGE,19920428 0000,19920428 0000,2006579,,AF
ORO,D,15,STORAGE,19920429 0000,19920429 0000,2012200,,AF
ORO,D,15,STORAGE,19920430 0000,19920430 0000,2017514,,AF
ORO,D,15,STORAGE,19920501 0000,19920501 0000,2020282,,AF
ORO,D,15,STORAGE,19920502 0000,19920502 0000,2023051,,AF
ORO,D,15,STORAGE,19920503 0000,19920503 0000,2025716,,AF
ORO,D,15,STORAGE,19920504 0000,19920504 0000,2026036,,AF
ORO,D,15,STORAGE,19920505 0000,19920505 0000,2024436,,AF
ORO,D,15,STORAGE,19920506 0000,19920506 0000,2020705,r,AF
ORO,D,15,STORAGE,19920507 0000,19920507 0000,2015919,,AF
ORO,D,15,STORAGE,19920508 0000,19920508 0000,2010700,,AF
ORO,D,15,STORAGE,19920509 0000,19920509 0000,2010820,,AF
ORO,D,15,STORAGE,19920510 0000,19920510 0000,2013262,,AF
ORO,D,15,STORAGE,19920511 0000,19920511 0000,2005626,,AF
ORO,D,15,STORAGE,19920512 0000,19920512 0000,1995793,,AF
ORO,D,15,STORAGE,19920513 0000,19920513 0000,1987468,,AF
ORO,D,15,STORAGE,19920514 0000,19920514 0000,1980323,,AF
ORO,D,15,STORAGE,19920515 0000,19920515 0000,1973193,,AF
ORO,D,15,STORAGE,19920516 0000,19920516 0000,1969010,,AF
ORO,D,15,STORAGE,19920517 0000,19920517 0000,1972148,,AF
ORO,D,15,STORAGE,19920518 0000,19920518 0000,1962746,,AF
ORO,D,15,STORAGE,19920519 0000,19920519 0000,1951196,,AF
ORO,D,15,STORAGE,19920520 0000,19920520 0000,1942591,,AF
ORO,D,15,STORAGE,19920521 0000,19920521 0000,1932569,,AF
ORO,D,15,STORAGE,19920522 0000,19920522 0000,1918992,,AF
ORO,D,15,STORAGE,19920523 0000,19920523 0000,1918200,,AF
ORO,D,15,STORAGE,19920524 0000,19920524 0000,1921147,,AF
ORO,D,15,STORAGE,19920525 0000,19920525 0000,1922688,,AF
ORO,D,15,STORAGE,19920526 0000,19920526 0000,1913049,,AF
ORO,D,15,STORAGE,19920527 0000,19920527 0000,1899572,,AF
ORO,D,15,STORAGE,19920528 0000,19920528 0000,1884848,,AF
ORO,D,15,STORAGE,19920529 0000,19920529 0000,1874741,,AF
ORO,D,15,STORAGE,19920530 0000,19920530 0000,1876456,,AF
ORO,D,15,STORAGE,19920531 0000,19920531 0000,1879385,,AF
ORO,D,15,STORAGE,19920601 0000,19920601 0000,1870604,,AF
ORO,D,15,STORAGE,19920602 0000,19920602 0000,1861153,,AF
ORO,D,15,STORAGE,19920603 0000,19920603 0000,1853437,,AF
ORO,D,15,STORAGE,19920604 0000,19920604 0000,1841856,,AF
ORO,D,15,STORAGE,19920605 0000,19920605 0000,1832511,,AF
ORO,D,15,STORAGE,19920606 0000,19920606 0000,1835290,,AF
ORO,D,15,STORAGE,19920607 0000,19920607 0000,1836583,,AF
ORO,D,15,STORAGE,19920608 0000,19920608 0000,1826563,,AF
ORO,D,15,STORAGE,19920609 0000,19920609 0000,1819839,,AF
ORO,D,15,STORAGE,19920610 0000,19920610 0000,1815498,,AF
ORO,D,15,STORAGE,19920611 0000,19920611 0000,1812247,,AF
ORO,D,15,STORAGE,19920612 0000,19920612 0000,1810868,,AF
ORO,D,15,STORAGE,19920613 0000,19920613 0000,1807821,,AF
ORO,D,15,STORAGE,19920614 0000,19920614 0000,1810672,,AF
ORO,D,15,STORAGE,19920615 0000,19920615 0000,1801342,,AF
ORO,D,15,STORAGE,19920616 0000,19920616 0000,1795175,,AF
ORO,D,15,STORAGE,19920617 0000,19920617 0000,1786780,,AF
ORO,D,15,STORAGE,19920618 0000,19920618 0000,1781620,,AF
ORO,D,15,STORAGE,19920619 0000,19920619 0000,1773369,,AF
ORO,D,15,STORAGE,19920620 0000,19920620 0000,1774919,,AF
ORO,D,15,STORAGE,19920621 0000,19920621 0000,1777830,,AF
ORO,D,15,STORAGE,19920622 0000,19920622 0000,1768816,,AF
ORO,D,15,STORAGE,19920623 0000,19920623 0000,1764170,,AF
ORO,D,15,STORAGE,19920624 0000,19920624 0000,1757701,,AF
ORO,D,15,STORAGE,19920625 0000,19920625 0000,1753462,,AF
ORO,D,15,STORAGE,19920626 0000,19920626 0000,1748942,,AF
ORO,D,15,STORAGE,19920627 0000,19920627 0000,1755098,,AF
ORO,D,15,STORAGE,19920628 0000,19920628 0000,1757700,,AF
ORO,D,15,STORAGE,19920629 0000,19920629 0000,1752211,,AF
ORO,D,15,STORAGE,19920630 0000,19920630 0000,1746733,,AF
ORO,D,15,STORAGE,19920701 0000,19920701 0000,1739735,,AF
ORO,D,15,STORAGE,19920702 0000,19920702 0000,1731135,,AF
ORO,D,15,STORAGE,19920703 0000,19920703 0000,1725988,,AF
ORO,D,15,STORAGE,19920704 0000,19920704 0000,1728655,,AF
ORO,D,15,STORAGE,19920705 0000,19920705 0000,1729704,,AF
ORO,D,15,STORAGE,19920706 0000,19920706 0000,1721900,,AF
ORO,D,15,STORAGE,19920707 0000,19920707 0000,1716584,,AF
ORO,D,15,STORAGE,19920708 0000,19920708 0000,1713268,,AF
ORO,D,15,STORAGE,19920709 0000,19920709 0000,1707688,,AF
ORO,D,15,STORAGE,19920710 0000,19920710 0000,1703252,,AF
ORO,D,15,STORAGE,19920711 0000,19920711 0000,1703063,,AF
ORO,D,15,STORAGE,19920712 0000,19920712 0000,1705233,,AF
ORO,D,15,STORAGE,19920713 0000,19920713 0000,1697507,,AF
ORO,D,15,STORAGE,19920714 0000,19920714 0000,1689806,,AF
ORO,D,15,STORAGE,19920715 0000,19920715 0000,1679047,,AF
ORO,D,15,STORAGE,19920716 0000,19920716 0000,1667594,,AF
ORO,D,15,STORAGE,19920717 0000,19920717 0000,1657100,,AF
ORO,D,15,STORAGE,19920718 0000,19920718 0000,1653423,,AF
ORO,D,15,STORAGE,19920719 0000,19920719 0000,1656011,,AF
ORO,D,15,STORAGE,19920720 0000,19920720 0000,1646785,,AF
ORO,D,15,STORAGE,19920721 0000,19920721 0000,1638789,,AF
ORO,D,15,STORAGE,19920722 0000,19920722 0000,1633198,,AF
ORO,D,15,STORAGE,19920723 0000,19920723 0000,1626709,,AF
ORO,D,15,STORAGE,19920724 0000,19920724 0000,1618145,,AF
ORO,D,15,STORAGE,19920725 0000,19920725 0000,1614872,,AF
ORO,D,15,STORAGE,19920726 0000,19920726 0000,1613330,,AF
ORO,D,15,STORAGE,19920727 0000,19920727 0000,1604815,,AF
ORO,D,15,STORAGE,19920728 0000,19920728 0000,1593182,,AF
ORO,D,15,STORAGE,19920729 0000,19920729 0000,1579998,,AF
ORO,D,15,STORAGE,19920730 0000,19920730 0000,1570271,,AF
ORO,D,15,STORAGE,19920731 0000,19920731 0000,1562900,,AF
ORO,D,15,STORAGE,19920801 0000,19920801 0000,1562628,,AF
ORO,D,15,STORAGE,19920802 0000,19920802 0000,1558726,,AF
ORO,D,15,STORAGE,19920803 0000,19920803 0000,1549092,,AF
ORO,D,15,STORAGE,19920804 0000,19920804 0000,1543103,,AF
ORO,D,15,STORAGE,19920805 0000,19920805 0000,1538534,,AF
ORO,D,15,STORAGE,19920806 0000,19920806 0000,1531959,,AF
ORO,D,15,STORAGE,19920807 0000,19920807 0000,1523749,,AF
ORO,D,15,STORAGE,19920808 0000,19920808 0000,1524709,,AF
ORO,D,15,STORAGE,19920809 0000,19920809 0000,1523575,,AF
ORO,D,15,STORAGE,19920810 0000,19920810 0000,1514701,,AF
ORO,D,15,STORAGE,19920811 0000,19920811 0000,1504044,,AF
ORO,D,15,STORAGE,19920812 0000,19920812 0000,1496020,,AF
ORO,D,15,STORAGE,19920813 0000,19920813 0000,1488714,,AF
ORO,D,15,STORAGE,19920814 0000,19920814 0000,1477160,,AF
ORO,D,15,STORAGE,19920815 0000,19920815 0000,1473833,,AF
ORO,D,15,STORAGE,19920816 0000,19920816 0000,1472044,,AF
ORO,D,15,STORAGE,19920817 0000,19920817 0000,1464735,,AF
ORO,D,15,STORAGE,19920818 0000,19920818 0000,1459311,,AF
ORO,D,15,STORAGE,19920819 0000,19920819 0000,1453311,,AF
ORO,D,15,STORAGE,19920820 0000,19920820 0000,1444048,,AF
ORO,D,15,STORAGE,19920821 0000,19920821 0000,1436919,,AF
ORO,D,15,STORAGE,19920822 0000,19920822 0000,1438259,,AF
ORO,D,15,STORAGE,19920823 0000,19920823 0000,1438594,,AF
ORO,D,15,STORAGE,19920824 0000,19920824 0000,1433154,,AF
ORO,D,15,STORAGE,19920825 0000,19920825 0000,1426979,,AF
ORO,D,15,STORAGE,19920826 0000,19920826 0000,1420323,,AF
ORO,D,15,STORAGE,19920827 0000,19920827 0000,1412944,,AF
ORO,D,15,STORAGE,19920828 0000,19920828 0000,1406497,,AF
ORO,D,15,STORAGE,19920829 0000,19920829 0000,1409470,,AF
ORO,D,15,STORAGE,19920830 0000,19920830 0000,1410380,,AF
ORO,D,15,STORAGE,19920831 0000,19920831 0000,1406168,,AF
ORO,D,15,STORAGE,19920901 0000,19920901 0000,1401554,,AF
ORO,D,15,STORAGE,19920902 0000,19920902 0000,1390473,,AF
ORO,D,15,STORAGE,19920903 0000,19920903 0000,1379616,,AF
ORO,D,15,STORAGE,19920904 0000,19920904 0000,1370842,,AF
ORO,D,15,STORAGE,19920905 0000,19920905 0000,1371814,,AF
ORO,D,15,STORAGE,19920906 0000,19920906 0000,1376605,,AF
ORO,D,15,STORAGE,19920907 0000,19920907 0000,1380349,,AF
ORO,D,15,STORAGE,19920908 0000,19920908 0000,1369140,,AF
ORO,D,15,STORAGE,19920909 0000,19920909 0000,1359848,,AF
ORO,D,15,STORAGE,19920910 0000,19920910 0000,1354856,,AF
ORO,D,15,STORAGE,19920911 0000,19920911 0000,1355339,,AF
ORO,D,15,STORAGE,19920912 0000,19920912 0000,1359123,,AF
ORO,D,15,STORAGE,19920913 0000,19920913 0000,1362752,,AF
ORO,D,15,STORAGE,19920914 0000,19920914 0000,1358558,,AF
ORO,D,15,STORAGE,19920915 0000,19920915 0000,1352686,,AF
ORO,D,15,STORAGE,19920916 0000,19920916 0000,1342750,,AF
ORO,D,15,STORAGE,19920917 0000,19920917 0000,1338360,,AF
ORO,D,15,STORAGE,19920918 0000,19920918 0000,1335412,,AF
ORO,D,15,STORAGE,19920919 0000,19920919 0000,1339318,,AF
ORO,D,15,STORAGE,19920920 0000,19920920 0000,1341711,,AF
ORO,D,15,STORAGE,19920921 0000,19920921 0000,1338041,,AF
ORO,D,15,STORAGE,19920922 0000,19920922 0000,1330719,,AF
ORO,D,15,STORAGE,19920923 0000,19920923 0000,1327148,,AF
ORO,D,15,STORAGE,19920924 0000,19920924 0000,1324929,,AF
ORO,D,15,STORAGE,19920925 0000,19920925 0000,1325167,,AF
ORO,D,15,STORAGE,19920926 0000,19920926 0000,1328417,,AF
ORO,D,15,STORAGE,19920927 0000,19920927 0000,1330322,,AF
ORO,D,15,STORAGE,19920928 0000,19920928 0000,1323899,,AF
ORO,D,15,STORAGE,19920929 0000,19920929 0000,1319709,,AF
ORO,D,15,STORAGE,19920930 0000,19920930 0000,1316867,,AF
ORO,D,15,STORAGE,19921001 0000,19921001 0000,1314818,,AF
ORO,D,15,STORAGE,19921002 0000,19921002 0000,1312219,,AF
ORO,D,15,STORAGE,19921003 0000,19921003 0000,1310095,,AF
ORO,D,15,STORAGE,19921004 0000,19921004 0000,1306092,,AF
ORO,D,15,STORAGE,19921005 0000,19921005 0000,1302644,,AF
ORO,D,15,STORAGE,19921006 0000,19921006 0000,1300217,,AF
ORO,D,15,STORAGE,19921007 0000,19921007 0000,1297171,,AF
ORO,D,15,STORAGE,19921008 0000,19921008 0000,1296312,,AF
ORO,D,15,STORAGE,19921009 0000,19921009 0000,1298186,,AF
ORO,D,15,STORAGE,19921010 0000,19921010 0000,1298342,,AF
ORO,D,15,STORAGE,19921011 0000,19921011 0000,1300530,,AF
ORO,D,15,STORAGE,19921012 0000,19921012 0000,1301157,,AF
ORO,D,15,STORAGE,19921013 0000,19921013 0000,1301078,,AF
ORO,D,15,STORAGE,19921014 0000,19921014 0000,1300609,,AF
ORO,D,15,STORAGE,19921015 0000,19921015 0000,1299045,,AF
ORO,D,15,STORAGE,19921016 0000,19921016 0000,1300530,,AF
ORO,D,15,STORAGE,19921017 0000,19921017 0000,1298811,,AF
ORO,D,15,STORAGE,19921018 0000,19921018 0000,1296780,,AF
ORO,D,15,STORAGE,19921019 0000,19921019 0000,1295845,,AF
ORO,D,15,STORAGE,19921020 0000,19921020 0000,1296312,,AF
ORO,D,15,STORAGE,19921021 0000,19921021 0000,1298342,,AF
ORO,D,15,STORAGE,19921022 0000,19921022 0000,1299045,,AF
ORO,D,15,STORAGE,19921023 0000,19921023 0000,1300844,,AF
ORO,D,15,STORAGE,19921024 0000,19921024 0000,1298185,,AF
ORO,D,15,STORAGE,19921025 0000,19921025 0000,1295700,,AF
ORO,D,15,STORAGE,19921026 0000,19921026 0000,1295800,,AF
ORO,D,15,STORAGE,19921027 0000,19921027 0000,1296078,,AF
ORO,D,15,STORAGE,19921028 0000,19921028 0000,1294362,,AF
ORO,D,15,STORAGE,19921029 0000,19921029 0000,1296546,,AF
ORO,D,15,STORAGE,19921030 0000,19921030 0000,1302643,,AF
ORO,D,15,STORAGE,19921031 0000,19921031 0000,1305700,,AF
ORO,D,15,STORAGE,19921101 0000,19921101 0000,1308525,,AF
ORO,D,15,STORAGE,19921102 0000,19921102 0000,1312377,,AF
ORO,D,15,STORAGE,19921103 0000,19921103 0000,1314424,,AF
ORO,D,15,STORAGE,19921104 0000,19921104 0000,1315133,,AF
ORO,D,15,STORAGE,19921105 0000,19921105 0000,1316394,,AF
ORO,D,15,STORAGE,19921106 0000,19921106 0000,1316078,,AF
ORO,D,15,STORAGE,19921107 0000,19921107 0000,1313479,,AF
ORO,D,15,STORAGE,19921108 0000,19921108 0000,1311825,,AF
ORO,D,15,STORAGE,19921109 0000,19921109 0000,1312613,,AF
ORO,D,15,STORAGE,19921110 0000,19921110 0000,1311904,,AF
ORO,D,15,STORAGE,19921111 0000,19921111 0000,1312455,,AF
ORO,D,15,STORAGE,19921112 0000,19921112 0000,1312219,,AF
ORO,D,15,STORAGE,19921113 0000,19921113 0000,1309468,,AF
ORO,D,15,STORAGE,19921114 0000,19921114 0000,1309311,,AF
ORO,D,15,STORAGE,19921115 0000,19921115 0000,1306405,,AF
ORO,D,15,STORAGE,19921116 0000,19921116 0000,1305778,,AF
ORO,D,15,STORAGE,19921117 0000,19921117 0000,1303898,,AF
ORO,D,15,STORAGE,19921118 0000,19921118 0000,1303662,,AF
ORO,D,15,STORAGE,19921119 0000,19921119 0000,1303270,,AF
ORO,D,15,STORAGE,19921120 0000,19921120 0000,1302408,,AF
ORO,D,15,STORAGE,19921121 0000,19921121 0000,1300452,,AF
ORO,D,15,STORAGE,19921122 0000,19921122 0000,1298577,,AF
ORO,D,15,STORAGE,19921123 0000,19921123 0000,1298108,,AF
ORO,D,15,STORAGE,19921124 0000,19921124 0000,1296155,,AF
ORO,D,15,STORAGE,19921125 0000,19921125 0000,1297015,,AF
ORO,D,15,STORAGE,19921126 0000,19921126 0000,1295064,,AF
ORO,D,15,STORAGE,19921127 0000,19921127 0000,1294752,,AF
ORO,D,15,STORAGE,19921128 0000,19921128 0000,1294674,,AF
ORO,D,15,STORAGE,19921129 0000,19921129 0000,1294518,,AF
ORO,D,15,STORAGE,19921130 0000,19921130 0000,1294128,,AF
ORO,D,15,STORAGE,19921201 0000,19921201 0000,1286194,,AF
ORO,D,15,STORAGE,19921202 0000,19921202 0000,1283789,,AF
ORO,D,15,STORAGE,19921203 0000,19921203 0000,1282084,,AF
ORO,D,15,STORAGE,19921204 0000,19921204 0000,1278756,,AF
ORO,D,15,STORAGE,19921205 0000,19921205 0000,1282626,,AF
ORO,D,15,STORAGE,19921206 0000,19921206 0000,1286272,,AF
ORO,D,15,STORAGE,19921207 0000,19921207 0000,1285651,,AF
ORO,D,15,STORAGE,19921208 0000,19921208 0000,1286272,,AF
ORO,D,15,STORAGE,19921209 0000,19921209 0000,1294908,,AF
ORO,D,15,STORAGE,19921210 0000,19921210 0000,1321131,,AF
ORO,D,15,STORAGE,19921211 0000,19921211 0000,1335332,,AF
ORO,D,15,STORAGE,19921212 0000,19921212 0000,1343231,,AF
ORO,D,15,STORAGE,19921213 0000,19921213 0000,1350598,,AF
ORO,D,15,STORAGE,19921214 0000,19921214 0000,1350358,,AF
ORO,D,15,STORAGE,19921215 0000,19921215 0000,1350920,,AF
ORO,D,15,STORAGE,19921216 0000,19921216 0000,1351722,,AF
ORO,D,15,STORAGE,19921217 0000,19921217 0000,1353409,,AF
ORO,D,15,STORAGE,19921218 0000,19921218 0000,1356787,,AF
ORO,D,15,STORAGE,19921219 0000,19921219 0000,1359204,,AF
ORO,D,15,STORAGE,19921220 0000,19921220 0000,1362510,,AF
ORO,D,15,STORAGE,19921221 0000,19921221 0000,1364933,,AF
ORO,D,15,STORAGE,19921222 0000,19921222 0000,1367926,,AF
ORO,D,15,STORAGE,19921223 0000,19921223 0000,1369465,,AF
ORO,D,15,STORAGE,19921224 0000,19921224 0000,1372301,,AF
ORO,D,15,STORAGE,19921225 0000,19921225 0000,1375143,,AF
ORO,D,15,STORAGE,19921226 0000,19921226 0000,1378394,,AF
ORO,D,15,STORAGE,19921227 0000,19921227 0000,1382467,,AF
ORO,D,15,STORAGE,19921228 0000,19921228 0000,1386956,,AF
ORO,D,15,STORAGE,19921229 0000,19921229 0000,1391046,,AF
ORO,D,15,STORAGE,19921230 0000,19921230 0000,1393505,,AF
ORO,D,15,STORAGE,19921231 0000,19921231 0000,1401142,,AF
ORO,D,15,STORAGE,19930101 0000,19930101 0000,1422235,,AF
ORO,D,15,STORAGE,19930102 0000,19930102 0000,1429646,,AF
ORO,D,15,STORAGE,19930103 0000,19930103 0000,1435579,,AF
ORO,D,15,STORAGE,19930104 0000,19930104 0000,1438008,,AF
ORO,D,15,STORAGE,19930105 0000,19930105 0000,1438259,,AF
ORO,D,15,STORAGE,19930106 0000,19930106 0000,1440774,,AF
ORO,D,15,STORAGE,19930107 0000,19930107 0000,1455253,,AF
ORO,D,15,STORAGE,19930108 0000,19930108 0000,1468812,,AF
ORO,D,15,STORAGE,19930109 0000,19930109 0000,1468900,,AF
ORO,D,15,STORAGE,19930110 0000,19930110 0000,1487084,,AF
ORO,D,15,STORAGE,19930111 0000,19930111 0000,1495590,,AF
ORO,D,15,STORAGE,19930112 0000,19930112 0000,1504130,,AF
ORO,D,15,STORAGE,19930113 0000,19930113 0000,1530473,,AF
ORO,D,15,STORAGE,19930114 0000,19930114 0000,1561030,,AF
ORO,D,15,STORAGE,19930115 0000,19930115 0000,1582500,,AF
ORO,D,15,STORAGE,19930116 0000,19930116 0000,1605178,,AF
ORO,D,15,STORAGE,19930117 0000,19930117 0000,1624793,,AF
ORO,D,15,STORAGE,19930118 0000,19930118 0000,1637505,,AF
ORO,D,15,STORAGE,19930119 0000,19930119 0000,1648535,,AF
ORO,D,15,STORAGE,19930120 0000,19930120 0000,1702498,,AF
ORO,D,15,STORAGE,19930121 0000,19930121 0000,1762720,,AF
ORO,D,15,STORAGE,19930122 0000,19930122 0000,1835093,,AF
ORO,D,15,STORAGE,19930123 0000,19930123 0000,1876254,,AF
ORO,D,15,STORAGE,19930124 0000,19930124 0000,1908957,,AF
ORO,D,15,STORAGE,19930125 0000,19930125 0000,1931023,,AF
ORO,D,15,STORAGE,19930126 0000,19930126 0000,1945490,,AF
ORO,D,15,STORAGE,19930127 0000,19930127 0000,1958370,,AF
ORO,D,15,STORAGE,19930128 0000,19930128 0000,1967130,,AF
ORO,D,15,STORAGE,19930129 0000,19930129 0000,1975290,,AF
ORO,D,15,STORAGE,19930130 0000,19930130 0000,1989573,,AF
ORO,D,15,STORAGE,19930131 0000,19930131 0000,2001921,,AF
ORO,D,15,STORAGE,19930201 0000,19930201 0000,2012200,,AF
ORO,D,15,STORAGE,19930202 0000,19930202 0000,2022305,,AF
ORO,D,15,STORAGE,19930203 0000,19930203 0000,2028703,,AF
ORO,D,15,STORAGE,19930204 0000,19930204 0000,2037796,,AF
ORO,D,15,STORAGE,19930205 0000,19930205 0000,2048636,,AF
ORO,D,15,STORAGE,19930206 0000,19930206 0000,2061677,,AF
ORO,D,15,STORAGE,19930207 0000,19930207 0000,2078470,,AF
ORO,D,15,STORAGE,19930208 0000,19930208 0000,2095360,,AF
ORO,D,15,STORAGE,19930209 0000,19930209 0000,2113335,,AF
ORO,D,15,STORAGE,19930210 0000,19930210 0000,2129872,,AF
ORO,D,15,STORAGE,19930211 0000,19930211 0000,2147390,,AF
ORO,D,15,STORAGE,19930212 0000,19930212 0000,2162774,,AF
ORO,D,15,STORAGE,19930213 0000,19930213 0000,2181381,,AF
ORO,D,15,STORAGE,19930214 0000,19930214 0000,2204968,,AF
ORO,D,15,STORAGE,19930215 0000,19930215 0000,2216371,,AF
ORO,D,15,STORAGE,19930216 0000,19930216 0000,2228734,,AF
ORO,D,15,STORAGE,19930217 0000,19930217 0000,2245786,,AF
ORO,D,15,STORAGE,19930218 0000,19930218 0000,2262930,,AF
ORO,D,15,STORAGE,19930219 0000,19930219 0000,2308115,,AF
ORO,D,15,STORAGE,19930220 0000,19930220 0000,2349070,,AF
ORO,D,15,STORAGE,19930221 0000,19930221 0000,2381308,,AF
ORO,D,15,STORAGE,19930222 0000,19930222 0000,2400965,,AF
ORO,D,15,STORAGE,19930223 0000,19930223 0000,2427149,,AF
ORO,D,15,STORAGE,19930224 0000,19930224 0000,2448057,,AF
ORO,D,15,STORAGE,19930225 0000,19930225 0000,2465905,,AF
ORO,D,15,STORAGE,19930226 0000,19930226 0000,2477688,,AF
ORO,D,15,STORAGE,19930227 0000,19930227 0000,2494205,,AF
ORO,D,15,STORAGE,19930228 0000,19930228 0000,2509679,,AF
ORO,D,15,STORAGE,19930301 0000,19930301 0000,2518749,,AF
ORO,D,15,STORAGE,19930302 0000,19930302 0000,2526219,,AF
ORO,D,15,STORAGE,19930303 0000,19930303 0000,2538579,,AF
ORO,D,15,STORAGE,19930304 0000,19930304 0000,2547095,,AF
ORO,D,15,STORAGE,19930305 0000,19930305 0000,2556259,,AF
ORO,D,15,STORAGE,19930306 0000,19930306 0000,2575915,,AF
ORO,D,15,STORAGE,19930307 0000,19930307 0000,2599621,,AF
ORO,D,15,STORAGE,19930308 0000,19930308 0000,2613380,,AF
ORO,D,15,STORAGE,19930309 0000,19930309 0000,2630009,,AF
ORO,D,15,STORAGE,19930310 0000,19930310 0000,2644267,,AF
ORO,D,15,STORAGE,19930311 0000,19930311 0000,2668150,,AF
ORO,D,15,STORAGE,19930312 0000,19930312 0000,2691780,,AF
ORO,D,15,STORAGE,19930313 0000,19930313 0000,2718566,,AF
ORO,D,15,STORAGE,19930314 0000,19930314 0000,2756907,,AF
ORO,D,15,STORAGE,19930315 0000,19930315 0000,2794690,,AF
ORO,D,15,STORAGE,19930316 0000,19930316 0000,2830271,,AF
ORO,D,15,STORAGE,19930317 0000,19930317 0000,2906231,,AF
ORO,D,15,STORAGE,19930318 0000,19930318 0000,2972434,,AF
ORO,D,15,STORAGE,19930319 0000,19930319 0000,3010999,,AF
ORO,D,15,STORAGE,19930320 0000,19930320 0000,3031190,,AF
ORO,D,15,STORAGE,19930321 0000,19930321 0000,3042529,,AF
ORO,D,15,STORAGE,19930322 0000,19930322 0000,3049347,,AF
ORO,D,15,STORAGE,19930323 0000,19930323 0000,3062159,,AF
ORO,D,15,STORAGE,19930324 0000,19930324 0000,3065724,,AF
ORO,D,15,STORAGE,19930325 0000,19930325 0000,3048210,,AF
ORO,D,15,STORAGE,19930326 0000,19930326 0000,3018895,,AF
ORO,D,15,STORAGE,19930327 0000,19930327 0000,2981377,,AF
ORO,D,15,STORAGE,19930328 0000,19930328 0000,2943774,,AF
ORO,D,15,STORAGE,19930329 0000,19930329 0000,2936294,,AF
ORO,D,15,STORAGE,19930330 0000,19930330 0000,2936846,,AF
ORO,D,15,STORAGE,19930331 0000,19930331 0000,2936019,,AF
ORO,D,15,STORAGE,19930401 0000,19930401 0000,2943773,,AF
ORO,D,15,STORAGE,19930402 0000,19930402 0000,2952519,,AF
ORO,D,15,STORAGE,19930403 0000,19930403 0000,2961977,,AF
ORO,D,15,STORAGE,19930404 0000,19930404 0000,2970341,,AF
ORO,D,15,STORAGE,19930405 0000,19930405 0000,2977043,,AF
ORO,D,15,STORAGE,19930406 0000,19930406 0000,2978719,,AF
ORO,D,15,STORAGE,19930407 0000,19930407 0000,2980119,,AF
ORO,D,15,STORAGE,19930408 0000,19930408 0000,2985015,,AF
ORO,D,15,STORAGE,19930409 0000,19930409 0000,3001712,,AF
ORO,D,15,STORAGE,19930410 0000,19930410 0000,3015651,,AF
ORO,D,15,STORAGE,19930411 0000,19930411 0000,3033741,,AF
ORO,D,15,STORAGE,19930412 0000,19930412 0000,3042246,,AF
ORO,D,15,STORAGE,19930413 0000,19930413 0000,3049205,,AF
ORO,D,15,STORAGE,19930414 0000,19930414 0000,3059736,,AF
ORO,D,15,STORAGE,19930415 0000,19930415 0000,3069294,,AF
ORO,D,15,STORAGE,19930416 0000,19930416 0000,3079158,,AF
ORO,D,15,STORAGE,19930417 0000,19930417 0000,3102979,,AF
ORO,D,15,STORAGE,19930418 0000,19930418 0000,3133015,,AF
ORO,D,15,STORAGE,19930419 0000,19930419 0000,3144185,,AF
ORO,D,15,STORAGE,19930420 0000,19930420 0000,3153199,,AF
ORO,D,15,STORAGE,19930421 0000,19930421 0000,3161358,,AF
ORO,D,15,STORAGE,19930422 0000,19930422 0000,3170701,,AF
ORO,D,15,STORAGE,19930423 0000,19930423 0000,3180941,,AF
ORO,D,15,STORAGE,19930424 0000,19930424 0000,3203993,,AF
ORO,D,15,STORAGE,19930425 0000,19930425 0000,3224798,,AF
ORO,D,15,STORAGE,19930426 0000,19930426 0000,3232195,,AF
ORO,D,15,STORAGE,19930427 0000,19930427 0000,3240499,,AF
ORO,D,15,STORAGE,19930428 0000,19930428 0000,3248818,,AF
ORO,D,15,STORAGE,19930429 0000,19930429 0000,3259388,,AF
ORO,D,15,STORAGE,19930430 0000,19930430 0000,3273722,,AF
ORO,D,15,STORAGE,19930501 0000,19930501 0000,3298609,,AF
ORO,D,15,STORAGE,19930502 0000,19930502 0000,3323725,,AF
ORO,D,15,STORAGE,19930503 0000,19930503 0000,3338923,,AF
ORO,D,15,STORAGE,19930504 0000,19930504 0000,3355330,,AF
ORO,D,15,STORAGE,19930505 0000,19930505 0000,3362945,,AF
ORO,D,15,STORAGE,19930506 0000,19930506 0000,3372709,,AF
ORO,D,15,STORAGE,19930507 0000,19930507 0000,3386325,,AF
ORO,D,15,STORAGE,19930508 0000,19930508 0000,3407819,,AF
ORO,D,15,STORAGE,19930509 0000,19930509 0000,3422923,,AF
ORO,D,15,STORAGE,19930510 0000,19930510 0000,3432505,,AF
ORO,D,15,STORAGE,19930511 0000,19930511 0000,3439935,,AF
ORO,D,15,STORAGE,19930512 0000,19930512 0000,3445051,,AF
ORO,D,15,STORAGE,19930513 0000,19930513 0000,3444275,,AF
ORO,D,15,STORAGE,19930514 0000,19930514 0000,3442723,,AF
ORO,D,15,STORAGE,19930515 0000,19930515 0000,3443809,,AF
ORO,D,15,STORAGE,19930516 0000,19930516 0000,3446600,,AF
ORO,D,15,STORAGE,19930517 0000,19930517 0000,3442878,,AF
ORO,D,15,STORAGE,19930518 0000,19930518 0000,3440400,,AF
ORO,D,15,STORAGE,19930519 0000,19930519 0000,3436683,,AF
ORO,D,15,STORAGE,19930520 0000,19930520 0000,3433589,,AF
ORO,D,15,STORAGE,19930521 0000,19930521 0000,3434824,,AF
ORO,D,15,STORAGE,19930522 0000,19930522 0000,3446600,,AF
ORO,D,15,STORAGE,19930523 0000,19930523 0000,3464787,,AF
ORO,D,15,STORAGE,19930524 0000,19930524 0000,3465718,,AF
ORO,D,15,STORAGE,19930525 0000,19930525 0000,3472579,,AF
ORO,D,15,STORAGE,19930526 0000,19930526 0000,3472887,,AF
ORO,D,15,STORAGE,19930527 0000,19930527 0000,3473669,,AF
ORO,D,15,STORAGE,19930528 0000,19930528 0000,3476010,,AF
ORO,D,15,STORAGE,19930529 0000,19930529 0000,3479288,,AF
ORO,D,15,STORAGE,19930530 0000,19930530 0000,3494775,,AF
ORO,D,15,STORAGE,19930531 0000,19930531 0000,3515972,,AF
ORO,D,15,STORAGE,19930601 0000,19930601 0000,3516916,,AF
ORO,D,15,STORAGE,19930602 0000,19930602 0000,3511096,,AF
ORO,D,15,STORAGE,19930603 0000,19930603 0000,3509210,,AF
ORO,D,15,STORAGE,19930604 0000,19930604 0000,3511727,,AF
ORO,D,15,STORAGE,19930605 0000,19930605 0000,3510940,,AF
ORO,D,15,STORAGE,19930606 0000,19930606 0000,3521324,,AF
ORO,D,15,STORAGE,19930607 0000,19930607 0000,3521797,,AF
ORO,D,15,STORAGE,19930608 0000,19930608 0000,3517231,,AF
ORO,D,15,STORAGE,19930609 0000,19930609 0000,3515500,,AF
ORO,D,15,STORAGE,19930610 0000,19930610 0000,3511412,,AF
ORO,D,15,STORAGE,19930611 0000,19930611 0000,3510625,,AF
ORO,D,15,STORAGE,19930612 0000,19930612 0000,3511253,,AF
ORO,D,15,STORAGE,19930613 0000,19930613 0000,3511412,,AF
ORO,D,15,STORAGE,19930614 0000,19930614 0000,3507639,,AF
ORO,D,15,STORAGE,19930615 0000,19930615 0000,3503715,,AF
ORO,D,15,STORAGE,19930616 0000,19930616 0000,3500417,,AF
ORO,D,15,STORAGE,19930617 0000,19930617 0000,3498066,,AF
ORO,D,15,STORAGE,19930618 0000,19930618 0000,3496187,,AF
ORO,D,15,STORAGE,19930619 0000,19930619 0000,3502615,,AF
ORO,D,15,STORAGE,19930620 0000,19930620 0000,3510311,,AF
ORO,D,15,STORAGE,19930621 0000,19930621 0000,3507012,,AF
ORO,D,15,STORAGE,19930622 0000,19930622 0000,3501359,,AF
ORO,D,15,STORAGE,19930623 0000,19930623 0000,3493677,,AF
ORO,D,15,STORAGE,19930624 0000,19930624 0000,3486008,,AF
ORO,D,15,STORAGE,19930625 0000,19930625 0000,3481318,,AF
ORO,D,15,STORAGE,19930626 0000,19930626 0000,3490546,,AF
ORO,D,15,STORAGE,19930627 0000,19930627 0000,3499478,,AF
ORO,D,15,STORAGE,19930628 0000,19930628 0000,3497596,,AF
ORO,D,15,STORAGE,19930629 0000,19930629 0000,3494775,,AF
ORO,D,15,STORAGE,19930630 0000,19930630 0000,3487573,,AF
ORO,D,15,STORAGE,19930701 0000,19930701 0000,3482256,,AF
ORO,D,15,STORAGE,19930702 0000,19930702 0000,3473668,,AF
ORO,D,15,STORAGE,19930703 0000,19930703 0000,3482569,,AF
ORO,D,15,STORAGE,19930704 0000,19930704 0000,3491330,,AF
ORO,D,15,STORAGE,19930705 0000,19930705 0000,3485069,,AF
ORO,D,15,STORAGE,19930706 0000,19930706 0000,3474293,,AF
ORO,D,15,STORAGE,19930707 0000,19930707 0000,3466187,,AF
ORO,D,15,STORAGE,19930708 0000,19930708 0000,3453276,,AF
ORO,D,15,STORAGE,19930709 0000,19930709 0000,3440864,,AF
ORO,D,15,STORAGE,19930710 0000,19930710 0000,3431886,,AF
ORO,D,15,STORAGE,19930711 0000,19930711 0000,3420300,,AF
ORO,D,15,STORAGE,19930712 0000,19930712 0000,3406281,,AF
ORO,D,15,STORAGE,19930713 0000,19930713 0000,3393530,,AF
ORO,D,15,STORAGE,19930714 0000,19930714 0000,3382650,,AF
ORO,D,15,STORAGE,19930715 0000,19930715 0000,3367521,,AF
ORO,D,15,STORAGE,19930716 0000,19930716 0000,3349551,,AF
ORO,D,15,STORAGE,19930717 0000,19930717 0000,3338014,,AF
ORO,D,15,STORAGE,19930718 0000,19930718 0000,3323027,,AF
ORO,D,15,STORAGE,19930719 0000,19930719 0000,3305078,,AF
ORO,D,15,STORAGE,19930720 0000,19930720 0000,3289748,,AF
ORO,D,15,STORAGE,19930721 0000,19930721 0000,3275366,,AF
ORO,D,15,STORAGE,19930722 0000,19930722 0000,3258942,,AF
ORO,D,15,STORAGE,19930723 0000,19930723 0000,3243172,,AF
ORO,D,15,STORAGE,19930724 0000,19930724 0000,3234714,,AF
ORO,D,15,STORAGE,19930725 0000,19930725 0000,3233973,,AF
ORO,D,15,STORAGE,19930726 0000,19930726 0000,3216375,,AF
ORO,D,15,STORAGE,19930727 0000,19930727 0000,3197227,,AF
ORO,D,15,STORAGE,19930728 0000,19930728 0000,3176696,,AF
ORO,D,15,STORAGE,19930729 0000,19930729 0000,3156695,,AF
ORO,D,15,STORAGE,19930730 0000,19930730 0000,3133739,,AF
ORO,D,15,STORAGE,19930731 0000,19930731 0000,3118405,,AF
ORO,D,15,STORAGE,19930801 0000,19930801 0000,3102117,,AF
ORO,D,15,STORAGE,19930802 0000,19930802 0000,3081448,,AF
ORO,D,15,STORAGE,19930803 0000,19930803 0000,3060163,,AF
ORO,D,15,STORAGE,19930804 0000,19930804 0000,3040969,,AF
ORO,D,15,STORAGE,19930805 0000,19930805 0000,3020165,,AF
ORO,D,15,STORAGE,19930806 0000,19930806 0000,3001852,,AF
ORO,D,15,STORAGE,19930807 0000,19930807 0000,2987818,,AF
ORO,D,15,STORAGE,19930808 0000,19930808 0000,2979419,,AF
ORO,D,15,STORAGE,19930809 0000,19930809 0000,2964064,,AF
ORO,D,15,STORAGE,19930810 0000,19930810 0000,2945300,,AF
ORO,D,15,STORAGE,19930811 0000,19930811 0000,2927998,,AF
ORO,D,15,STORAGE,19930812 0000,19930812 0000,2911870,,AF
ORO,D,15,STORAGE,19930813 0000,19930813 0000,2895117,,AF
ORO,D,15,STORAGE,19930814 0000,19930814 0000,2889503,,AF
ORO,D,15,STORAGE,19930815 0000,19930815 0000,2892377,,AF
ORO,D,15,STORAGE,19930816 0000,19930816 0000,2876524,,AF
ORO,D,15,STORAGE,19930817 0000,19930817 0000,2861681,,AF
ORO,D,15,STORAGE,19930818 0000,19930818 0000,2845946,,AF
ORO,D,15,STORAGE,19930819 0000,19930819 0000,2834724,,AF
ORO,D,15,STORAGE,19930820 0000,19930820 0000,2824745,,AF
ORO,D,15,STORAGE,19930821 0000,19930821 0000,2823533,,AF
ORO,D,15,STORAGE,19930822 0000,19930822 0000,2826766,,AF
ORO,D,15,STORAGE,19930823 0000,19930823 0000,2813314,,AF
ORO,D,15,STORAGE,19930824 0000,19930824 0000,2800843,,AF
ORO,D,15,STORAGE,19930825 0000,19930825 0000,2787478,,AF
ORO,D,15,STORAGE,19930826 0000,19930826 0000,2774822,,AF
ORO,D,15,STORAGE,19930827 0000,19930827 0000,2760219,,AF
ORO,D,15,STORAGE,19930828 0000,19930828 0000,2751879,,AF
ORO,D,15,STORAGE,19930829 0000,19930829 0000,2740919,,AF
ORO,D,15,STORAGE,19930830 0000,19930830 0000,2725258,,AF
ORO,D,15,STORAGE,19930831 0000,19930831 0000,2710447,,AF
ORO,D,15,STORAGE,19930901 0000,19930901 0000,2698688,,AF
ORO,D,15,STORAGE,19930902 0000,19930902 0000,2686706,,AF
ORO,D,15,STORAGE,19930903 0000,19930903 0000,2678133,,AF
ORO,D,15,STORAGE,19930904 0000,19930904 0000,2675407,,AF
ORO,D,15,STORAGE,19930905 0000,19930905 0000,2677874,,AF
ORO,D,15,STORAGE,19930906 0000,19930906 0000,2680599,,AF
ORO,D,15,STORAGE,19930907 0000,19930907 0000,2671647,,AF
ORO,D,15,STORAGE,19930908 0000,19930908 0000,2665560,,AF
ORO,D,15,STORAGE,19930909 0000,19930909 0000,2661938,,AF
ORO,D,15,STORAGE,19930910 0000,19930910 0000,2661680,,AF
ORO,D,15,STORAGE,19930911 0000,19930911 0000,2665689,,AF
ORO,D,15,STORAGE,19930912 0000,19930912 0000,2671906,,AF
ORO,D,15,STORAGE,19930913 0000,19930913 0000,2672684,,AF
ORO,D,15,STORAGE,19930914 0000,19930914 0000,2672036,,AF
ORO,D,15,STORAGE,19930915 0000,19930915 0000,2672425,,AF
ORO,D,15,STORAGE,19930916 0000,19930916 0000,2671647,,AF
ORO,D,15,STORAGE,19930917 0000,19930917 0000,2668925,,AF
ORO,D,15,STORAGE,19930918 0000,19930918 0000,2668019,,AF
ORO,D,15,STORAGE,19930919 0000,19930919 0000,2668536,,AF
ORO,D,15,STORAGE,19930920 0000,19930920 0000,2671388,,AF
ORO,D,15,STORAGE,19930921 0000,19930921 0000,2671647,,AF
ORO,D,15,STORAGE,19930922 0000,19930922 0000,2671128,,AF
ORO,D,15,STORAGE,19930923 0000,19930923 0000,2668149,,AF
ORO,D,15,STORAGE,19930924 0000,19930924 0000,2668537,,AF
ORO,D,15,STORAGE,19930925 0000,19930925 0000,2670610,,AF
ORO,D,15,STORAGE,19930926 0000,19930926 0000,2672943,,AF
ORO,D,15,STORAGE,19930927 0000,19930927 0000,2672036,,AF
ORO,D,15,STORAGE,19930928 0000,19930928 0000,2668408,,AF
ORO,D,15,STORAGE,19930929 0000,19930929 0000,2667760,,AF
ORO,D,15,STORAGE,19930930 0000,19930930 0000,2665948,,AF
ORO,D,15,STORAGE,19931001 0000,19931001 0000,2664913,,AF
ORO,D,15,STORAGE,19931002 0000,19931002 0000,2661422,,AF
ORO,D,15,STORAGE,19931003 0000,19931003 0000,2667113,,AF
ORO,D,15,STORAGE,19931004 0000,19931004 0000,2665560,,AF
ORO,D,15,STORAGE,19931005 0000,19931005 0000,2661550,,AF
ORO,D,15,STORAGE,19931006 0000,19931006 0000,2659095,,AF
ORO,D,15,STORAGE,19931007 0000,19931007 0000,2655221,,AF
ORO,D,15,STORAGE,19931008 0000,19931008 0000,2654705,,AF
ORO,D,15,STORAGE,19931009 0000,19931009 0000,2654576,,AF
ORO,D,15,STORAGE,19931010 0000,19931010 0000,2654447,,AF
ORO,D,15,STORAGE,19931011 0000,19931011 0000,2649547,,AF
ORO,D,15,STORAGE,19931012 0000,19931012 0000,2646298,,AF
ORO,D,15,STORAGE,19931013 0000,19931013 0000,2643624,,AF
ORO,D,15,STORAGE,19931014 0000,19931014 0000,2642080,,AF
ORO,D,15,STORAGE,19931015 0000,19931015 0000,2643109,,AF
ORO,D,15,STORAGE,19931016 0000,19931016 0000,2646198,,AF
ORO,D,15,STORAGE,19931017 0000,19931017 0000,2649676,,AF
ORO,D,15,STORAGE,19931018 0000,19931018 0000,2649805,,AF
ORO,D,15,STORAGE,19931019 0000,19931019 0000,2648259,,AF
ORO,D,15,STORAGE,19931020 0000,19931020 0000,2647486,,AF
ORO,D,15,STORAGE,19931021 0000,19931021 0000,2645554,,AF
ORO,D,15,STORAGE,19931022 0000,19931022 0000,2640923,,AF
ORO,D,15,STORAGE,19931023 0000,19931023 0000,2646970,,AF
ORO,D,15,STORAGE,19931024 0000,19931024 0000,2651998,,AF
ORO,D,15,STORAGE,19931025 0000,19931025 0000,2647615,,AF
ORO,D,15,STORAGE,19931026 0000,19931026 0000,2648516,,AF
ORO,D,15,STORAGE,19931027 0000,19931027 0000,2646842,,AF
ORO,D,15,STORAGE,19931028 0000,19931028 0000,2645941,,AF
ORO,D,15,STORAGE,19931029 0000,19931029 0000,2646713,,AF
ORO,D,15,STORAGE,19931030 0000,19931030 0000,2651996,,AF
ORO,D,15,STORAGE,19931031 0000,19931031 0000,2657674,,AF
ORO,D,15,STORAGE,19931101 0000,19931101 0000,2650965,,AF
ORO,D,15,STORAGE,19931102 0000,19931102 0000,2643623,,AF
ORO,D,15,STORAGE,19931103 0000,19931103 0000,2640151,,AF
ORO,D,15,STORAGE,19931104 0000,19931104 0000,2639123,,AF
ORO,D,15,STORAGE,19931105 0000,19931105 0000,2637453,,AF
ORO,D,15,STORAGE,19931106 0000,19931106 0000,2639894,,AF
ORO,D,15,STORAGE,19931107 0000,19931107 0000,2643881,,AF
ORO,D,15,STORAGE,19931108 0000,19931108 0000,2643000,,AF
ORO,D,15,STORAGE,19931109 0000,19931109 0000,2644525,,AF
ORO,D,15,STORAGE,19931110 0000,19931110 0000,2644010,,AF
ORO,D,15,STORAGE,19931111 0000,19931111 0000,2645941,,AF
ORO,D,15,STORAGE,19931112 0000,19931112 0000,2641052,,AF
ORO,D,15,STORAGE,19931113 0000,19931113 0000,2644653,,AF
ORO,D,15,STORAGE,19931114 0000,19931114 0000,2650965,,AF
ORO,D,15,STORAGE,19931115 0000,19931115 0000,2645039,,AF
ORO,D,15,STORAGE,19931116 0000,19931116 0000,2639637,,AF
ORO,D,15,STORAGE,19931117 0000,19931117 0000,2637068,,AF
ORO,D,15,STORAGE,19931118 0000,19931118 0000,2632703,,AF
ORO,D,15,STORAGE,19931119 0000,19931119 0000,2628472,,AF
ORO,D,15,STORAGE,19931120 0000,19931120 0000,2631420,,AF
ORO,D,15,STORAGE,19931121 0000,19931121 0000,2636681,,AF
ORO,D,15,STORAGE,19931122 0000,19931122 0000,2629754,,AF
ORO,D,15,STORAGE,19931123 0000,19931123 0000,2622582,,AF
ORO,D,15,STORAGE,19931124 0000,19931124 0000,2617339,,AF
ORO,D,15,STORAGE,19931125 0000,19931125 0000,2623221,,AF
ORO,D,15,STORAGE,19931126 0000,19931126 0000,2623349,,AF
ORO,D,15,STORAGE,19931127 0000,19931127 0000,2626678,,AF
ORO,D,15,STORAGE,19931128 0000,19931128 0000,2632960,,AF
ORO,D,15,STORAGE,19931129 0000,19931129 0000,2630779,,AF
ORO,D,15,STORAGE,19931130 0000,19931130 0000,2627062,,AF
ORO,D,15,STORAGE,19931201 0000,19931201 0000,2618617,,AF
ORO,D,15,STORAGE,19931202 0000,19931202 0000,2612870,,AF
ORO,D,15,STORAGE,19931203 0000,19931203 0000,2609043,,AF
ORO,D,15,STORAGE,19931204 0000,19931204 0000,2608661,,AF
ORO,D,15,STORAGE,19931205 0000,19931205 0000,2611849,,AF
ORO,D,15,STORAGE,19931206 0000,19931206 0000,2601529,,AF
ORO,D,15,STORAGE,19931207 0000,19931207 0000,2591618,,AF
ORO,D,15,STORAGE,19931208 0000,19931208 0000,2583886,,AF
ORO,D,15,STORAGE,19931209 0000,19931209 0000,2575917,,AF
ORO,D,15,STORAGE,19931210 0000,19931210 0000,2564814,,AF
ORO,D,15,STORAGE,19931211 0000,19931211 0000,2563051,,AF
ORO,D,15,STORAGE,19931212 0000,19931212 0000,2564184,,AF
ORO,D,15,STORAGE,19931213 0000,19931213 0000,2555001,,AF
ORO,D,15,STORAGE,19931214 0000,19931214 0000,2550481,,AF
ORO,D,15,STORAGE,19931215 0000,19931215 0000,2541708,,AF
ORO,D,15,STORAGE,19931216 0000,19931216 0000,2532331,,AF
ORO,D,15,STORAGE,19931217 0000,19931217 0000,2524848,,AF
ORO,D,15,STORAGE,19931218 0000,19931218 0000,2529461,,AF
ORO,D,15,STORAGE,19931219 0000,19931219 0000,2532082,,AF
ORO,D,15,STORAGE,19931220 0000,19931220 0000,2521610,,AF
ORO,D,15,STORAGE,19931221 0000,19931221 0000,2508190,,AF
ORO,D,15,STORAGE,19931222 0000,19931222 0000,2496551,,AF
ORO,D,15,STORAGE,19931223 0000,19931223 0000,2483472,,AF
ORO,D,15,STORAGE,19931224 0000,19931224 0000,2477812,,AF
ORO,D,15,STORAGE,19931225 0000,19931225 0000,2476704,,AF
ORO,D,15,STORAGE,19931226 0000,19931226 0000,2471177,,AF
ORO,D,15,STORAGE,19931227 0000,19931227 0000,2461372,,AF
ORO,D,15,STORAGE,19931228 0000,19931228 0000,2448301,,AF
ORO,D,15,STORAGE,19931229 0000,19931229 0000,2437831,,AF
ORO,D,15,STORAGE,19931230 0000,19931230 0000,2432850,,AF
ORO,D,15,STORAGE,19931231 0000,19931231 0000,2429900,,AF
ORO,D,15,STORAGE,19940101 0000,19940101 0000,2428119,,AF
ORO,D,15,STORAGE,19940102 0000,19940102 0000,2431636,,AF
ORO,D,15,STORAGE,19940103 0000,19940103 0000,2429493,,AF
ORO,D,15,STORAGE,19940104 0000,19940104 0000,2416385,,AF
ORO,D,15,STORAGE,19940105 0000,19940105 0000,2418680,,AF
ORO,D,15,STORAGE,19940106 0000,19940106 0000,2417834,,AF
ORO,D,15,STORAGE,19940107 0000,19940107 0000,2414575,,AF
ORO,D,15,STORAGE,19940108 0000,19940108 0000,2415100,,AF
ORO,D,15,STORAGE,19940109 0000,19940109 0000,2418317,,AF
ORO,D,15,STORAGE,19940110 0000,19940110 0000,2410715,,AF
ORO,D,15,STORAGE,19940111 0000,19940111 0000,2407101,,AF
ORO,D,15,STORAGE,19940112 0000,19940112 0000,2403490,,AF
ORO,D,15,STORAGE,19940113 0000,19940113 0000,2403248,,AF
ORO,D,15,STORAGE,19940114 0000,19940114 0000,2404453,,AF
ORO,D,15,STORAGE,19940115 0000,19940115 0000,2405777,,AF
ORO,D,15,STORAGE,19940116 0000,19940116 0000,2403971,,AF
ORO,D,15,STORAGE,19940117 0000,19940117 0000,2400725,,AF
ORO,D,15,STORAGE,19940118 0000,19940118 0000,2397241,,AF
ORO,D,15,STORAGE,19940119 0000,19940119 0000,2396640,,AF
ORO,D,15,STORAGE,19940120 0000,19940120 0000,2396520,,AF
ORO,D,15,STORAGE,19940121 0000,19940121 0000,2396040,,AF
ORO,D,15,STORAGE,19940122 0000,19940122 0000,2398562,,AF
ORO,D,15,STORAGE,19940123 0000,19940123 0000,2402408,,AF
ORO,D,15,STORAGE,19940124 0000,19940124 0000,2401085,,AF
ORO,D,15,STORAGE,19940125 0000,19940125 0000,2401326,,AF
ORO,D,15,STORAGE,19940126 0000,19940126 0000,2403489,,AF
ORO,D,15,STORAGE,19940127 0000,19940127 0000,2401566,,AF
ORO,D,15,STORAGE,19940128 0000,19940128 0000,2402528,,AF
ORO,D,15,STORAGE,19940129 0000,19940129 0000,2408787,,AF
ORO,D,15,STORAGE,19940130 0000,19940130 0000,2417593,,AF
ORO,D,15,STORAGE,19940131 0000,19940131 0000,2410233,,AF
ORO,D,15,STORAGE,19940201 0000,19940201 0000,2411077,,AF
ORO,D,15,STORAGE,19940202 0000,19940202 0000,2408908,,AF
ORO,D,15,STORAGE,19940203 0000,19940203 0000,2410233,,AF
ORO,D,15,STORAGE,19940204 0000,19940204 0000,2407101,,AF
ORO,D,15,STORAGE,19940205 0000,19940205 0000,2409267,,AF
ORO,D,15,STORAGE,19940206 0000,19940206 0000,2416505,,AF
ORO,D,15,STORAGE,19940207 0000,19940207 0000,2425451,,AF
ORO,D,15,STORAGE,19940208 0000,19940208 0000,2425696,,AF
ORO,D,15,STORAGE,19940209 0000,19940209 0000,2427513,,AF
ORO,D,15,STORAGE,19940210 0000,19940210 0000,2430544,,AF
ORO,D,15,STORAGE,19940211 0000,19940211 0000,2433821,,AF
ORO,D,15,STORAGE,19940212 0000,19940212 0000,2435522,,AF
ORO,D,15,STORAGE,19940213 0000,19940213 0000,2438439,,AF
ORO,D,15,STORAGE,19940214 0000,19940214 0000,2435886,,AF
ORO,D,15,STORAGE,19940215 0000,19940215 0000,2438682,,AF
ORO,D,15,STORAGE,19940216 0000,19940216 0000,2439655,,AF
ORO,D,15,STORAGE,19940217 0000,19940217 0000,2440871,,AF
ORO,D,15,STORAGE,19940218 0000,19940218 0000,2445496,,AF
ORO,D,15,STORAGE,19940219 0000,19940219 0000,2452449,,AF
ORO,D,15,STORAGE,19940220 0000,19940220 0000,2461739,,AF
ORO,D,15,STORAGE,19940221 0000,19940221 0000,2467251,,AF
ORO,D,15,STORAGE,19940222 0000,19940222 0000,2469460,,AF
ORO,D,15,STORAGE,19940223 0000,19940223 0000,2471055,,AF
ORO,D,15,STORAGE,19940224 0000,19940224 0000,2470441,,AF
ORO,D,15,STORAGE,19940225 0000,19940225 0000,2470932,,AF
ORO,D,15,STORAGE,19940226 0000,19940226 0000,2476582,,AF
ORO,D,15,STORAGE,19940227 0000,19940227 0000,2485690,,AF
ORO,D,15,STORAGE,19940228 0000,19940228 0000,2488895,,AF
ORO,D,15,STORAGE,19940301 0000,19940301 0000,2494080,,AF
ORO,D,15,STORAGE,19940302 0000,19940302 0000,2499891,,AF
ORO,D,15,STORAGE,19940303 0000,19940303 0000,2509679,,AF
ORO,D,15,STORAGE,19940304 0000,19940304 0000,2515267,,AF
ORO,D,15,STORAGE,19940305 0000,19940305 0000,2528837,,AF
ORO,D,15,STORAGE,19940306 0000,19940306 0000,2541332,,AF
ORO,D,15,STORAGE,19940307 0000,19940307 0000,2544087,,AF
ORO,D,15,STORAGE,19940308 0000,19940308 0000,2548348,,AF
ORO,D,15,STORAGE,19940309 0000,19940309 0000,2549728,,AF
ORO,D,15,STORAGE,19940310 0000,19940310 0000,2555504,,AF
ORO,D,15,STORAGE,19940311 0000,19940311 0000,2562799,,AF
ORO,D,15,STORAGE,19940312 0000,19940312 0000,2573263,,AF
ORO,D,15,STORAGE,19940313 0000,19940313 0000,2581987,,AF
ORO,D,15,STORAGE,19940314 0000,19940314 0000,2584646,,AF
ORO,D,15,STORAGE,19940315 0000,19940315 0000,2588447,,AF
ORO,D,15,STORAGE,19940316 0000,19940316 0000,2590984,,AF
ORO,D,15,STORAGE,19940317 0000,19940317 0000,2593778,,AF
ORO,D,15,STORAGE,19940318 0000,19940318 0000,2593522,,AF
ORO,D,15,STORAGE,19940319 0000,19940319 0000,2598731,,AF
ORO,D,15,STORAGE,19940320 0000,19940320 0000,2604966,,AF
ORO,D,15,STORAGE,19940321 0000,19940321 0000,2606240,,AF
ORO,D,15,STORAGE,19940322 0000,19940322 0000,2611083,,AF
ORO,D,15,STORAGE,19940323 0000,19940323 0000,2614785,,AF
ORO,D,15,STORAGE,19940324 0000,19940324 0000,2617594,,AF
ORO,D,15,STORAGE,19940325 0000,19940325 0000,2618873,,AF
ORO,D,15,STORAGE,19940326 0000,19940326 0000,2623221,,AF
ORO,D,15,STORAGE,19940327 0000,19940327 0000,2629497,,AF
ORO,D,15,STORAGE,19940328 0000,19940328 0000,2626295,,AF
ORO,D,15,STORAGE,19940329 0000,19940329 0000,2622965,,AF
ORO,D,15,STORAGE,19940330 0000,19940330 0000,2623349,,AF
ORO,D,15,STORAGE,19940331 0000,19940331 0000,2627446,,AF
ORO,D,15,STORAGE,19940401 0000,19940401 0000,2632703,,AF
ORO,D,15,STORAGE,19940402 0000,19940402 0000,2638224,,AF
ORO,D,15,STORAGE,19940403 0000,19940403 0000,2646456,,AF
ORO,D,15,STORAGE,19940404 0000,19940404 0000,2650062,,AF
ORO,D,15,STORAGE,19940405 0000,19940405 0000,2645683,,AF
ORO,D,15,STORAGE,19940406 0000,19940406 0000,2643800,,AF
ORO,D,15,STORAGE,19940407 0000,19940407 0000,2644010,,AF
ORO,D,15,STORAGE,19940408 0000,19940408 0000,2646327,,AF
ORO,D,15,STORAGE,19940409 0000,19940409 0000,2652770,,AF
ORO,D,15,STORAGE,19940410 0000,19940410 0000,2660129,,AF
ORO,D,15,STORAGE,19940411 0000,19940411 0000,2660775,,AF
ORO,D,15,STORAGE,19940412 0000,19940412 0000,2656125,,AF
ORO,D,15,STORAGE,19940413 0000,19940413 0000,2658449,,AF
ORO,D,15,STORAGE,19940414 0000,19940414 0000,2655738,,AF
ORO,D,15,STORAGE,19940415 0000,19940415 0000,2653673,,AF
ORO,D,15,STORAGE,19940416 0000,19940416 0000,2654963,,AF
ORO,D,15,STORAGE,19940417 0000,19940417 0000,2661421,,AF
ORO,D,15,STORAGE,19940418 0000,19940418 0000,2658062,,AF
ORO,D,15,STORAGE,19940419 0000,19940419 0000,2657416,,AF
ORO,D,15,STORAGE,19940420 0000,19940420 0000,2655480,,AF
ORO,D,15,STORAGE,19940421 0000,19940421 0000,2652770,,AF
ORO,D,15,STORAGE,19940422 0000,19940422 0000,2651996,,AF
ORO,D,15,STORAGE,19940423 0000,19940423 0000,2652383,,AF
ORO,D,15,STORAGE,19940424 0000,19940424 0000,2658837,,AF
ORO,D,15,STORAGE,19940425 0000,19940425 0000,2656512,,AF
ORO,D,15,STORAGE,19940426 0000,19940426 0000,2650191,,AF
ORO,D,15,STORAGE,19940427 0000,19940427 0000,2643623,,AF
ORO,D,15,STORAGE,19940428 0000,19940428 0000,2639123,,AF
ORO,D,15,STORAGE,19940429 0000,19940429 0000,2632705,,AF
ORO,D,15,STORAGE,19940430 0000,19940430 0000,2636169,,AF
ORO,D,15,STORAGE,19940501 0000,19940501 0000,2631292,,AF
ORO,D,15,STORAGE,19940502 0000,19940502 0000,2622454,,AF
ORO,D,15,STORAGE,19940503 0000,19940503 0000,2614019,,AF
ORO,D,15,STORAGE,19940504 0000,19940504 0000,2604584,,AF
ORO,D,15,STORAGE,19940505 0000,19940505 0000,2593649,,AF
ORO,D,15,STORAGE,19940506 0000,19940506 0000,2583379,,AF
ORO,D,15,STORAGE,19940507 0000,19940507 0000,2584266,,AF
ORO,D,15,STORAGE,19940508 0000,19940508 0000,2590096,,AF
ORO,D,15,STORAGE,19940509 0000,19940509 0000,2582999,,AF
ORO,D,15,STORAGE,19940510 0000,19940510 0000,2579836,,AF
ORO,D,15,STORAGE,19940511 0000,19940511 0000,2580974,,AF
ORO,D,15,STORAGE,19940512 0000,19940512 0000,2577180,,AF
ORO,D,15,STORAGE,19940513 0000,19940513 0000,2568848,,AF
ORO,D,15,STORAGE,19940514 0000,19940514 0000,2566830,,AF
ORO,D,15,STORAGE,19940515 0000,19940515 0000,2570614,,AF
ORO,D,15,STORAGE,19940516 0000,19940516 0000,2566074,,AF
ORO,D,15,STORAGE,19940517 0000,19940517 0000,2562295,,AF
ORO,D,15,STORAGE,19940518 0000,19940518 0000,2559904,,AF
ORO,D,15,STORAGE,19940519 0000,19940519 0000,2561792,,AF
ORO,D,15,STORAGE,19940520 0000,19940520 0000,2561414,,AF
ORO,D,15,STORAGE,19940521 0000,19940521 0000,2561163,,AF
ORO,D,15,STORAGE,19940522 0000,19940522 0000,2566452,,AF
ORO,D,15,STORAGE,19940523 0000,19940523 0000,2563429,,AF
ORO,D,15,STORAGE,19940524 0000,19940524 0000,2559024,,AF
ORO,D,15,STORAGE,19940525 0000,19940525 0000,2555001,,AF
ORO,D,15,STORAGE,19940526 0000,19940526 0000,2546844,,AF
ORO,D,15,STORAGE,19940527 0000,19940527 0000,2537704,,AF
ORO,D,15,STORAGE,19940528 0000,19940528 0000,2536454,,AF
ORO,D,15,STORAGE,19940529 0000,19940529 0000,2540707,,AF
ORO,D,15,STORAGE,19940530 0000,19940530 0000,2540331,,AF
ORO,D,15,STORAGE,19940531 0000,19940531 0000,2532082,,AF
ORO,D,15,STORAGE,19940601 0000,19940601 0000,2521485,,AF
ORO,D,15,STORAGE,19940602 0000,19940602 0000,2506207,,AF
ORO,D,15,STORAGE,19940603 0000,19940603 0000,2504100,,AF
ORO,D,15,STORAGE,19940604 0000,19940604 0000,2508066,,AF
ORO,D,15,STORAGE,19940605 0000,19940605 0000,2511541,,AF
ORO,D,15,STORAGE,19940606 0000,19940606 0000,2506207,,AF
ORO,D,15,STORAGE,19940607 0000,19940607 0000,2501871,,AF
ORO,D,15,STORAGE,19940608 0000,19940608 0000,2491857,,AF
ORO,D,15,STORAGE,19940609 0000,19940609 0000,2481871,,AF
ORO,D,15,STORAGE,19940610 0000,19940610 0000,2470686,,AF
ORO,D,15,STORAGE,19940611 0000,19940611 0000,2471177,,AF
ORO,D,15,STORAGE,19940612 0000,19940612 0000,2474984,,AF
ORO,D,15,STORAGE,19940613 0000,19940613 0000,2465291,,AF
ORO,D,15,STORAGE,19940614 0000,19940614 0000,2456480,,AF
ORO,D,15,STORAGE,19940615 0000,19940615 0000,2450009,,AF
ORO,D,15,STORAGE,19940616 0000,19940616 0000,2441966,,AF
ORO,D,15,STORAGE,19940617 0000,19940617 0000,2432971,,AF
ORO,D,15,STORAGE,19940618 0000,19940618 0000,2425574,,AF
ORO,D,15,STORAGE,19940619 0000,19940619 0000,2425089,,AF
ORO,D,15,STORAGE,19940620 0000,19940620 0000,2411559,,AF
ORO,D,15,STORAGE,19940621 0000,19940621 0000,2395440,,AF
ORO,D,15,STORAGE,19940622 0000,19940622 0000,2380710,,AF
ORO,D,15,STORAGE,19940623 0000,19940623 0000,2366519,,AF
ORO,D,15,STORAGE,19940624 0000,19940624 0000,2354876,,AF
ORO,D,15,STORAGE,19940625 0000,19940625 0000,2347294,,AF
ORO,D,15,STORAGE,19940626 0000,19940626 0000,2344691,,AF
ORO,D,15,STORAGE,19940627 0000,19940627 0000,2339847,,AF
ORO,D,15,STORAGE,19940628 0000,19940628 0000,2335481,,AF
ORO,D,15,STORAGE,19940629 0000,19940629 0000,2326883,,AF
ORO,D,15,STORAGE,19940630 0000,19940630 0000,2316200,,AF
ORO,D,15,STORAGE,19940701 0000,19940701 0000,2302500,,AF
ORO,D,15,STORAGE,19940702 0000,19940702 0000,2296400,,AF
ORO,D,15,STORAGE,19940703 0000,19940703 0000,2297700,,AF
ORO,D,15,STORAGE,19940704 0000,19940704 0000,2299588,r,AF
ORO,D,15,STORAGE,19940705 0000,19940705 0000,2286316,,AF
ORO,D,15,STORAGE,19940706 0000,19940706 0000,2271593,,AF
ORO,D,15,STORAGE,19940707 0000,19940707 0000,2257512,,AF
ORO,D,15,STORAGE,19940708 0000,19940708 0000,2243721,,AF
ORO,D,15,STORAGE,19940709 0000,19940709 0000,2230218,,AF
ORO,D,15,STORAGE,19940710 0000,19940710 0000,2221779,,AF
ORO,D,15,STORAGE,19940711 0000,19940711 0000,2205535,,AF
ORO,D,15,STORAGE,19940712 0000,19940712 0000,2189374,,AF
ORO,D,15,STORAGE,19940713 0000,19940713 0000,2171503,,AF
ORO,D,15,STORAGE,19940714 0000,19940714 0000,2152509,,AF
ORO,D,15,STORAGE,19940715 0000,19940715 0000,2136956,,AF
ORO,D,15,STORAGE,19940716 0000,19940716 0000,2120821,,AF
ORO,D,15,STORAGE,19940717 0000,19940717 0000,2113995,,AF
ORO,D,15,STORAGE,19940718 0000,19940718 0000,2097109,,AF
ORO,D,15,STORAGE,19940719 0000,19940719 0000,2088701,,AF
ORO,D,15,STORAGE,19940720 0000,19940720 0000,2081296,,AF
ORO,D,15,STORAGE,19940721 0000,19940721 0000,2075538,,AF
ORO,D,15,STORAGE,19940722 0000,19940722 0000,2066002,,AF
ORO,D,15,STORAGE,19940723 0000,19940723 0000,2064704,,AF
ORO,D,15,STORAGE,19940724 0000,19940724 0000,2068058,,AF
ORO,D,15,STORAGE,19940725 0000,19940725 0000,2060058,,AF
ORO,D,15,STORAGE,19940726 0000,19940726 0000,2049174,,AF
ORO,D,15,STORAGE,19940727 0000,19940727 0000,2040904,,AF
ORO,D,15,STORAGE,19940728 0000,19940728 0000,2032017,,AF
ORO,D,15,STORAGE,19940729 0000,19940729 0000,2024862,,AF
ORO,D,15,STORAGE,19940730 0000,19940730 0000,2021772,,AF
ORO,D,15,STORAGE,19940731 0000,19940731 0000,2024329,,AF
ORO,D,15,STORAGE,19940801 0000,19940801 0000,2021452,,AF
ORO,D,15,STORAGE,19940802 0000,19940802 0000,2008805,,AF
ORO,D,15,STORAGE,19940803 0000,19940803 0000,1995265,,AF
ORO,D,15,STORAGE,19940804 0000,19940804 0000,1985785,,AF
ORO,D,15,STORAGE,19940805 0000,19940805 0000,1972671,,AF
ORO,D,15,STORAGE,19940806 0000,19940806 0000,1968488,,AF
ORO,D,15,STORAGE,19940807 0000,19940807 0000,1973718,,AF
ORO,D,15,STORAGE,19940808 0000,19940808 0000,1967338,,AF
ORO,D,15,STORAGE,19940809 0000,19940809 0000,1958162,,AF
ORO,D,15,STORAGE,19940810 0000,19940810 0000,1949950,,AF
ORO,D,15,STORAGE,19940811 0000,19940811 0000,1935459,,AF
ORO,D,15,STORAGE,19940812 0000,19940812 0000,1923409,,AF
ORO,D,15,STORAGE,19940813 0000,19940813 0000,1919402,,AF
ORO,D,15,STORAGE,19940814 0000,19940814 0000,1928758,,AF
ORO,D,15,STORAGE,19940815 0000,19940815 0000,1918481,,AF
ORO,D,15,STORAGE,19940816 0000,19940816 0000,1910389,,AF
ORO,D,15,STORAGE,19940817 0000,19940817 0000,1896620,,AF
ORO,D,15,STORAGE,19940818 0000,19940818 0000,1888291,,AF
ORO,D,15,STORAGE,19940819 0000,19940819 0000,1881507,,AF
ORO,D,15,STORAGE,19940820 0000,19940820 0000,1879182,,AF
ORO,D,15,STORAGE,19940821 0000,19940821 0000,1876153,,AF
ORO,D,15,STORAGE,19940822 0000,19940822 0000,1868489,,AF
ORO,D,15,STORAGE,19940823 0000,19940823 0000,1864669,,AF
ORO,D,15,STORAGE,19940824 0000,19940824 0000,1851237,,AF
ORO,D,15,STORAGE,19940825 0000,19940825 0000,1843750,,AF
ORO,D,15,STORAGE,19940826 0000,19940826 0000,1835588,,AF
ORO,D,15,STORAGE,19940827 0000,19940827 0000,1829138,,AF
ORO,D,15,STORAGE,19940828 0000,19940828 0000,1828246,,AF
ORO,D,15,STORAGE,19940829 0000,19940829 0000,1820727,,AF
ORO,D,15,STORAGE,19940830 0000,19940830 0000,1812740,,AF
ORO,D,15,STORAGE,19940831 0000,19940831 0000,1806248,,AF
ORO,D,15,STORAGE,19940901 0000,19940901 0000,1801146,,AF
ORO,D,15,STORAGE,19940902 0000,19940902 0000,1790681,,AF
ORO,D,15,STORAGE,19940903 0000,19940903 0000,1788925,,AF
ORO,D,15,STORAGE,19940904 0000,19940904 0000,1786682,,AF
ORO,D,15,STORAGE,19940905 0000,19940905 0000,1783663,,AF
ORO,D,15,STORAGE,19940906 0000,19940906 0000,1772207,,AF
ORO,D,15,STORAGE,19940907 0000,19940907 0000,1765233,,AF
ORO,D,15,STORAGE,19940908 0000,19940908 0000,1756737,,AF
ORO,D,15,STORAGE,19940909 0000,19940909 0000,1752499,,AF
ORO,D,15,STORAGE,19940910 0000,19940910 0000,1752116,,AF
ORO,D,15,STORAGE,19940911 0000,19940911 0000,1757121,,AF
ORO,D,15,STORAGE,19940912 0000,19940912 0000,1750190,,AF
ORO,D,15,STORAGE,19940913 0000,19940913 0000,1752402,,AF
ORO,D,15,STORAGE,19940914 0000,19940914 0000,1743375,,AF
ORO,D,15,STORAGE,19940915 0000,19940915 0000,1734763,,AF
ORO,D,15,STORAGE,19940916 0000,19940916 0000,1727990,,AF
ORO,D,15,STORAGE,19940917 0000,19940917 0000,1730182,,AF
ORO,D,15,STORAGE,19940918 0000,19940918 0000,1734858,,AF
ORO,D,15,STORAGE,19940919 0000,19940919 0000,1725894,,AF
ORO,D,15,STORAGE,19940920 0000,19940920 0000,1715162,,AF
ORO,D,15,STORAGE,19940921 0000,19940921 0000,1707593,,AF
ORO,D,15,STORAGE,19940922 0000,19940922 0000,1702121,,AF
ORO,D,15,STORAGE,19940923 0000,19940923 0000,1702969,,AF
ORO,D,15,STORAGE,19940924 0000,19940924 0000,1705799,,AF
ORO,D,15,STORAGE,19940925 0000,19940925 0000,1706555,,AF
ORO,D,15,STORAGE,19940926 0000,19940926 0000,1699859,,AF
ORO,D,15,STORAGE,19940927 0000,19940927 0000,1692527,,AF
ORO,D,15,STORAGE,19940928 0000,19940928 0000,1689899,,AF
ORO,D,15,STORAGE,19940929 0000,19940929 0000,1686245,,AF
ORO,D,15,STORAGE,19940930 0000,19940930 0000,1683158,,AF
ORO,D,15,STORAGE,19941001 0000,19941001 0000,1686994,,AF
ORO,D,15,STORAGE,19941002 0000,19941002 0000,1691963,,AF
ORO,D,15,STORAGE,19941003 0000,19941003 0000,1685403,,AF
ORO,D,15,STORAGE,19941004 0000,19941004 0000,1682878,,AF
ORO,D,15,STORAGE,19941005 0000,19941004 0000,1682878,,AF
ORO,D,15,STORAGE,19941006 0000,19941006 0000,1673732,,AF
ORO,D,15,STORAGE,19941007 0000,19941007 0000,1672150,,AF
ORO,D,15,STORAGE,19941008 0000,19941008 0000,1671963,,AF
ORO,D,15,STORAGE,19941009 0000,19941009 0000,1675223,,AF
ORO,D,15,STORAGE,19941010 0000,19941010 0000,1673267,,AF
ORO,D,15,STORAGE,19941011 0000,19941011 0000,1667408,,AF
ORO,D,15,STORAGE,19941012 0000,19941012 0000,1663788,,AF
ORO,D,15,STORAGE,19941013 0000,19941013 0000,1661100,,AF
ORO,D,15,STORAGE,19941014 0000,19941014 0000,1658230,,AF
ORO,D,15,STORAGE,19941015 0000,19941015 0000,1656935,,AF
ORO,D,15,STORAGE,19941016 0000,19941016 0000,1660266,,AF
ORO,D,15,STORAGE,19941017 0000,19941017 0000,1654347,,AF
ORO,D,15,STORAGE,19941018 0000,19941018 0000,1648167,,AF
ORO,D,15,STORAGE,19941019 0000,19941019 0000,1641635,,AF
ORO,D,15,STORAGE,19941020 0000,19941020 0000,1635396,,AF
ORO,D,15,STORAGE,19941021 0000,19941021 0000,1630180,,AF
ORO,D,15,STORAGE,19941022 0000,19941022 0000,1629357,,AF
ORO,D,15,STORAGE,19941023 0000,19941023 0000,1633015,,AF
ORO,D,15,STORAGE,19941024 0000,19941024 0000,1623698,,AF
ORO,D,15,STORAGE,19941025 0000,19941025 0000,1614964,,AF
ORO,D,15,STORAGE,19941026 0000,19941026 0000,1608978,,AF
ORO,D,15,STORAGE,19941027 0000,19941027 0000,1598225,,AF
ORO,D,15,STORAGE,19941028 0000,19941028 0000,1592462,,AF
ORO,D,15,STORAGE,19941029 0000,19941029 0000,1590665,,AF
ORO,D,15,STORAGE,19941030 0000,19941030 0000,1591832,,AF
ORO,D,15,STORAGE,19941031 0000,19941031 0000,1585818,,AF
ORO,D,15,STORAGE,19941101 0000,19941101 0000,1579730,,AF
ORO,D,15,STORAGE,19941102 0000,19941102 0000,1573836,,AF
ORO,D,15,STORAGE,19941103 0000,19941103 0000,1564136,,AF
ORO,D,15,STORAGE,19941104 0000,19941104 0000,1555097,,AF
ORO,D,15,STORAGE,19941105 0000,19941105 0000,1557486,,AF
ORO,D,15,STORAGE,19941106 0000,19941106 0000,1559169,,AF
ORO,D,15,STORAGE,19941107 0000,19941107 0000,1552976,,AF
ORO,D,15,STORAGE,19941108 0000,19941108 0000,1548034,,AF
ORO,D,15,STORAGE,19941109 0000,19941109 0000,1545303,,AF
ORO,D,15,STORAGE,19941110 0000,19941110 0000,1549180,,AF
ORO,D,15,STORAGE,19941111 0000,19941111 0000,1549445,,AF
ORO,D,15,STORAGE,19941112 0000,19941112 0000,1553683,,AF
ORO,D,15,STORAGE,19941113 0000,19941113 0000,1563248,,AF
ORO,D,15,STORAGE,19941114 0000,19941114 0000,1561829,,AF
ORO,D,15,STORAGE,19941115 0000,19941115 0000,1558992,,AF
ORO,D,15,STORAGE,19941116 0000,19941116 0000,1559346,,AF
ORO,D,15,STORAGE,19941117 0000,19941117 0000,1559258,,AF
ORO,D,15,STORAGE,19941118 0000,19941118 0000,1556955,,AF
ORO,D,15,STORAGE,19941119 0000,19941119 0000,1561385,,AF
ORO,D,15,STORAGE,19941120 0000,19941120 0000,1565202,,AF
ORO,D,15,STORAGE,19941121 0000,19941121 0000,1563248,,AF
ORO,D,15,STORAGE,19941122 0000,19941122 0000,1562184,,AF
ORO,D,15,STORAGE,19941123 0000,19941123 0000,1560676,,AF
ORO,D,15,STORAGE,19941124 0000,19941124 0000,1564047,,AF
ORO,D,15,STORAGE,19941125 0000,19941125 0000,1567602,,AF
ORO,D,15,STORAGE,19941126 0000,19941126 0000,1570093,,AF
ORO,D,15,STORAGE,19941127 0000,19941127 0000,1572409,,AF
ORO,D,15,STORAGE,19941128 0000,19941128 0000,1571340,,AF
ORO,D,15,STORAGE,19941129 0000,19941129 0000,1571340,,AF
ORO,D,15,STORAGE,19941130 0000,19941130 0000,1567602,,AF
ORO,D,15,STORAGE,19941201 0000,19941130 0000,1567602,,AF
ORO,D,15,STORAGE,19941202 0000,19941201 0000,1565023,,AF
ORO,D,15,STORAGE,19941203 0000,19941203 0000,1577495,,AF
ORO,D,15,STORAGE,19941204 0000,19941204 0000,1606805,,AF
ORO,D,15,STORAGE,19941205 0000,19941205 0000,1615872,,AF
ORO,D,15,STORAGE,19941206 0000,19941206 0000,1618235,,AF
ORO,D,15,STORAGE,19941207 0000,19941207 0000,1618599,,AF
ORO,D,15,STORAGE,19941208 0000,19941208 0000,1619418,,AF
ORO,D,15,STORAGE,19941209 0000,19941209 0000,1614419,,AF
ORO,D,15,STORAGE,19941210 0000,19941210 0000,1621876,,AF
ORO,D,15,STORAGE,19941211 0000,19941211 0000,1627256,,AF
ORO,D,15,STORAGE,19941212 0000,19941212 0000,1631368,,AF
ORO,D,15,STORAGE,19941213 0000,19941213 0000,1635030,,AF
ORO,D,15,STORAGE,19941214 0000,19941214 0000,1627804,,AF
ORO,D,15,STORAGE,19941215 0000,19941215 0000,1628900,,AF
ORO,D,15,STORAGE,19941216 0000,19941216 0000,1633107,,AF
ORO,D,15,STORAGE,19941217 0000,19941217 0000,1641819,,AF
ORO,D,15,STORAGE,19941218 0000,19941218 0000,1650471,,AF
ORO,D,15,STORAGE,19941219 0000,19941219 0000,1654994,,AF
ORO,D,15,STORAGE,19941220 0000,19941220 0000,1657305,,AF
ORO,D,15,STORAGE,19941221 0000,19941221 0000,1658600,,AF
ORO,D,15,STORAGE,19941222 0000,19941222 0000,1655641,,AF
ORO,D,15,STORAGE,19941223 0000,19941223 0000,1652224,,AF
ORO,D,15,STORAGE,19941224 0000,19941224 0000,1653238,,AF
ORO,D,15,STORAGE,19941225 0000,19941225 0000,1661656,,AF
ORO,D,15,STORAGE,19941226 0000,19941226 0000,1662397,,AF
ORO,D,15,STORAGE,19941227 0000,19941227 0000,1663232,,AF
ORO,D,15,STORAGE,19941228 0000,19941228 0000,1661841,,AF
ORO,D,15,STORAGE,19941229 0000,19941229 0000,1660915,,AF
ORO,D,15,STORAGE,19941230 0000,19941230 0000,1659803,,AF
ORO,D,15,STORAGE,19941231 0000,19941231 0000,1668200,,AF
ORO,D,15,STORAGE,19950101 0000,19950101 0000,1683812,,AF
ORO,D,15,STORAGE,19950102 0000,19950102 0000,1683158,,AF
ORO,D,15,STORAGE,19950103 0000,19950103 0000,1676435,,AF
ORO,D,15,STORAGE,19950104 0000,19950104 0000,1671126,,AF
ORO,D,15,STORAGE,19950105 0000,19950105 0000,1668430,,AF
ORO,D,15,STORAGE,19950106 0000,19950106 0000,1667593,,AF
ORO,D,15,STORAGE,19950107 0000,19950107 0000,1686619,,AF
ORO,D,15,STORAGE,19950108 0000,19950108 0000,1735527,,AF
ORO,D,15,STORAGE,19950109 0000,19950109 0000,1838273,,AF
ORO,D,15,STORAGE,19950110 0000,19950110 0000,1980427,,AF
ORO,D,15,STORAGE,19950111 0000,19950111 0000,2062758,,AF
ORO,D,15,STORAGE,19950112 0000,19950112 0000,2114765,,AF
ORO,D,15,STORAGE,19950113 0000,19950113 0000,2245442,,AF
ORO,D,15,STORAGE,19950114 0000,19950114 0000,2424847,,AF
ORO,D,15,STORAGE,19950115 0000,19950115 0000,2516012,,AF
ORO,D,15,STORAGE,19950116 0000,19950116 0000,2562799,,AF
ORO,D,15,STORAGE,19950117 0000,19950117 0000,2590096,,AF
ORO,D,15,STORAGE,19950118 0000,19950118 0000,2607386,,AF
ORO,D,15,STORAGE,19950119 0000,19950119 0000,2620663,,AF
ORO,D,15,STORAGE,19950120 0000,19950120 0000,2629627,,AF
ORO,D,15,STORAGE,19950121 0000,19950121 0000,2638353,,AF
ORO,D,15,STORAGE,19950122 0000,19950122 0000,2655867,,AF
ORO,D,15,STORAGE,19950123 0000,19950124 0000,2666847,,AF
ORO,D,15,STORAGE,19950124 0000,19950125 0000,2677747,,AF
ORO,D,15,STORAGE,19950125 0000,19950126 0000,2687750,,AF
ORO,D,15,STORAGE,19950126 0000,19950127 0000,2699213,,AF
ORO,D,15,STORAGE,19950127 0000,19950127 0000,2707830,,AF
ORO,D,15,STORAGE,19950128 0000,19950128 0000,2706653,,AF
ORO,D,15,STORAGE,19950129 0000,19950129 0000,2703387,,AF
ORO,D,15,STORAGE,19950130 0000,19950131 0000,2701300,,AF
ORO,D,15,STORAGE,19950131 0000,19950131 0000,2708222,,AF
ORO,D,15,STORAGE,19950201 0000,19950201 0000,2725521,,AF
ORO,D,15,STORAGE,19950202 0000,19950202 0000,2743293,,AF
ORO,D,15,STORAGE,19950203 0000,19950203 0000,2744480,,AF
ORO,D,15,STORAGE,19950204 0000,19950204 0000,2740258,,AF
ORO,D,15,STORAGE,19950205 0000,19950205 0000,2732489,,AF
ORO,D,15,STORAGE,19950206 0000,19950206 0000,2726572,,AF
ORO,D,15,STORAGE,19950207 0000,19950207 0000,2721319,,AF
ORO,D,15,STORAGE,19950208 0000,19950208 0000,2717779,,AF
ORO,D,15,STORAGE,19950209 0000,19950209 0000,2709269,,AF
ORO,D,15,STORAGE,19950210 0000,19950210 0000,2699471,,AF
ORO,D,15,STORAGE,19950211 0000,19950211 0000,2688656,,AF
ORO,D,15,STORAGE,19950212 0000,19950212 0000,2677096,,AF
ORO,D,15,STORAGE,19950213 0000,19950213 0000,2667631,,AF
ORO,D,15,STORAGE,19950214 0000,19950214 0000,2655738,,AF
ORO,D,15,STORAGE,19950215 0000,19950215 0000,2641180,,AF
ORO,D,15,STORAGE,19950216 0000,19950216 0000,2627959,,AF
ORO,D,15,STORAGE,19950217 0000,19950217 0000,2618617,,AF
ORO,D,15,STORAGE,19950218 0000,19950218 0000,2611210,,AF
ORO,D,15,STORAGE,19950219 0000,19950219 0000,2609299,,AF
ORO,D,15,STORAGE,19950220 0000,19950220 0000,2605093,,AF
ORO,D,15,STORAGE,19950221 0000,19950221 0000,2603183,,AF
ORO,D,15,STORAGE,19950222 0000,19950222 0000,2605985,,AF
ORO,D,15,STORAGE,19950223 0000,19950223 0000,2607386,,AF
ORO,D,15,STORAGE,19950224 0000,19950224 0000,2611466,,AF
ORO,D,15,STORAGE,19950225 0000,19950225 0000,2620918,,AF
ORO,D,15,STORAGE,19950226 0000,19950226 0000,2631934,,AF
ORO,D,15,STORAGE,19950227 0000,19950227 0000,2635013,,AF
ORO,D,15,STORAGE,19950228 0000,19950301 0000,2641045,,AF
ORO,D,15,STORAGE,19950301 0000,19950302 0000,2650314,,AF
ORO,D,15,STORAGE,19950302 0000,19950303 0000,2663094,,AF
ORO,D,15,STORAGE,19950303 0000,19950304 0000,2686580,,AF
ORO,D,15,STORAGE,19950304 0000,19950305 0000,2716864,,AF
ORO,D,15,STORAGE,19950305 0000,19950306 0000,2742768,,AF
ORO,D,15,STORAGE,19950306 0000,19950307 0000,2751882,,AF
ORO,D,15,STORAGE,19950307 0000,19950308 0000,2746068,,AF
ORO,D,15,STORAGE,19950308 0000,19950309 0000,2737100,,AF
ORO,D,15,STORAGE,19950309 0000,19950310 0000,2852182,,AF
ORO,D,15,STORAGE,19950310 0000,19950311 0000,2967416,,AF
ORO,D,15,STORAGE,19950311 0000,19950312 0000,3008469,,AF
ORO,D,15,STORAGE,19950312 0000,19950313 0000,2966022,,AF
ORO,D,15,STORAGE,19950313 0000,19950314 0000,2909259,,AF
ORO,D,15,STORAGE,19950314 0000,19950315 0000,2852589,,AF
ORO,D,15,STORAGE,19950315 0000,19950316 0000,2814660,,AF
ORO,D,15,STORAGE,19950316 0000,19950317 0000,2773761,,AF
ORO,D,15,STORAGE,19950317 0000,19950318 0000,2738417,,AF
ORO,D,15,STORAGE,19950318 0000,19950319 0000,2718831,,AF
ORO,D,15,STORAGE,19950319 0000,19950320 0000,2695432,,AF
ORO,D,15,STORAGE,19950320 0000,19950321 0000,2699996,,AF
ORO,D,15,STORAGE,19950321 0000,19950322 0000,2716472,,AF
ORO,D,15,STORAGE,19950322 0000,19950323 0000,2738681,,AF
ORO,D,15,STORAGE,19950323 0000,19950324 0000,2743296,,AF
ORO,D,15,STORAGE,19950324 0000,19950325 0000,2738549,,AF
ORO,D,15,STORAGE,19950325 0000,19950326 0000,2733676,,AF
ORO,D,15,STORAGE,19950326 0000,19950327 0000,2723686,,AF
ORO,D,15,STORAGE,19950327 0000,19950328 0000,2731965,,AF
ORO,D,15,STORAGE,19950328 0000,19950329 0000,2737890,,AF
ORO,D,15,STORAGE,19950329 0000,19950330 0000,2751352,,AF
ORO,D,15,STORAGE,19950330 0000,19950331 0000,2761945,,AF
ORO,D,15,STORAGE,19950331 0000,19950401 0000,2773628,,AF
ORO,D,15,STORAGE,19950401 0000,19950401 0000,2787211,,AF
ORO,D,15,STORAGE,19950402 0000,19950402 0000,2803120,,AF
ORO,D,15,STORAGE,19950403 0000,19950404 0000,2815198,,AF
ORO,D,15,STORAGE,19950404 0000,19950404 0000,2822725,,AF
ORO,D,15,STORAGE,19950405 0000,19950405 0000,2828518,,AF
ORO,D,15,STORAGE,19950406 0000,19950407 0000,2842024,,AF
ORO,D,15,STORAGE,19950407 0000,19950408 0000,2886086,,AF
ORO,D,15,STORAGE,19950408 0000,19950409 0000,2907198,,AF
ORO,D,15,STORAGE,19950409 0000,19950410 0000,2908847,,AF
ORO,D,15,STORAGE,19950410 0000,19950411 0000,2903076,,AF
ORO,D,15,STORAGE,19950411 0000,19950412 0000,2892518,,AF
ORO,D,15,STORAGE,19950412 0000,19950413 0000,2881167,,AF
ORO,D,15,STORAGE,19950413 0000,19950413 0000,2885946,,AF
ORO,D,15,STORAGE,19950414 0000,19950415 0000,2899920,,AF
ORO,D,15,STORAGE,19950415 0000,19950416 0000,2912698,,AF
ORO,D,15,STORAGE,19950416 0000,19950417 0000,2926069,,AF
ORO,D,15,STORAGE,19950417 0000,19950418 0000,2935606,,AF
ORO,D,15,STORAGE,19950418 0000,19950419 0000,2941422,,AF
ORO,D,15,STORAGE,19950419 0000,19950420 0000,2942392,,AF
ORO,D,15,STORAGE,19950420 0000,19950421 0000,2944056,,AF
ORO,D,15,STORAGE,19950421 0000,19950422 0000,2943778,,AF
ORO,D,15,STORAGE,19950422 0000,19950423 0000,2948495,,AF
ORO,D,15,STORAGE,19950423 0000,19950424 0000,2958222,,AF
ORO,D,15,STORAGE,19950424 0000,19950425 0000,2964767,,AF
ORO,D,15,STORAGE,19950425 0000,19950426 0000,2977886,,AF
ORO,D,15,STORAGE,19950426 0000,19950427 0000,2994834,,AF
ORO,D,15,STORAGE,19950427 0000,19950428 0000,3016784,,AF
ORO,D,15,STORAGE,19950428 0000,19950429 0000,3037146,,AF
ORO,D,15,STORAGE,19950429 0000,19950430 0000,3103851,,AF
ORO,D,15,STORAGE,19950430 0000,19950501 0000,3158598,,AF
ORO,D,15,STORAGE,19950501 0000,19950502 0000,3243762,,AF
ORO,D,15,STORAGE,19950502 0000,19950503 0000,3254767,,AF
ORO,D,15,STORAGE,19950503 0000,19950504 0000,3227916,,AF
ORO,D,15,STORAGE,19950504 0000,19950505 0000,3184320,,AF
ORO,D,15,STORAGE,19950505 0000,19950506 0000,3141289,,AF
ORO,D,15,STORAGE,19950506 0000,19950507 0000,3137662,,AF
ORO,D,15,STORAGE,19950507 0000,19950508 0000,3132443,,AF
ORO,D,15,STORAGE,19950508 0000,19950509 0000,3132009,,AF
ORO,D,15,STORAGE,19950509 0000,19950510 0000,3142887,,AF
ORO,D,15,STORAGE,19950510 0000,19950511 0000,3158889,,AF
ORO,D,15,STORAGE,19950511 0000,19950512 0000,3173780,,AF
ORO,D,15,STORAGE,19950512 0000,19950513 0000,3190921,,AF
ORO,D,15,STORAGE,19950513 0000,19950514 0000,3212550,,AF
ORO,D,15,STORAGE,19950514 0000,19950515 0000,3236490,,AF
ORO,D,15,STORAGE,19950515 0000,19950516 0000,3250897,,AF
ORO,D,15,STORAGE,19950516 0000,19950517 0000,3256107,,AF
ORO,D,15,STORAGE,19950517 0000,19950518 0000,3274165,,AF
ORO,D,15,STORAGE,19950518 0000,19950519 0000,3286294,,AF
ORO,D,15,STORAGE,19950519 0000,19950520 0000,3309291,,AF
ORO,D,15,STORAGE,19950520 0000,19950521 0000,3333918,,AF
ORO,D,15,STORAGE,19950521 0000,19950521 0000,3369352,,AF
ORO,D,15,STORAGE,19950522 0000,19950523 0000,3390305,,AF
ORO,D,15,STORAGE,19950523 0000,19950523 0000,3407204,,AF
ORO,D,15,STORAGE,19950524 0000,19950524 0000,3416907,,AF
ORO,D,15,STORAGE,19950525 0000,19950525 0000,3424005,,AF
ORO,D,15,STORAGE,19950526 0000,19950527 0000,3429098,,AF
ORO,D,15,STORAGE,19950527 0000,19950527 0000,3435599,,AF
ORO,D,15,STORAGE,19950528 0000,19950529 0000,3440704,,AF
ORO,D,15,STORAGE,19950529 0000,19950530 0000,3445510,,AF
ORO,D,15,STORAGE,19950530 0000,19950530 0000,3449083,,AF
ORO,D,15,STORAGE,19950531 0000,19950601 0000,3453115,,AF
ORO,D,15,STORAGE,19950601 0000,19950602 0000,3456844,,AF
ORO,D,15,STORAGE,19950602 0000,19950603 0000,3459644,,AF
ORO,D,15,STORAGE,19950603 0000,19950604 0000,3463223,,AF
ORO,D,15,STORAGE,19950604 0000,19950605 0000,3465714,,AF
ORO,D,15,STORAGE,19950605 0000,19950605 0000,3473045,,AF
ORO,D,15,STORAGE,19950606 0000,19950607 0000,3471636,,AF
ORO,D,15,STORAGE,19950607 0000,19950608 0000,3465870,,AF
ORO,D,15,STORAGE,19950608 0000,19950609 0000,3462445,,AF
ORO,D,15,STORAGE,19950609 0000,19950610 0000,3464935,,AF
ORO,D,15,STORAGE,19950610 0000,19950611 0000,3467583,,AF
ORO,D,15,STORAGE,19950611 0000,19950612 0000,3465247,,AF
ORO,D,15,STORAGE,19950612 0000,19950613 0000,3462600,,AF
ORO,D,15,STORAGE,19950613 0000,19950614 0000,3460422,,AF
ORO,D,15,STORAGE,19950614 0000,19950615 0000,3465558,,AF
ORO,D,15,STORAGE,19950615 0000,19950616 0000,3486002,,AF
ORO,D,15,STORAGE,19950616 0000,19950617 0000,3500569,,AF
ORO,D,15,STORAGE,19950617 0000,19950618 0000,3507162,,AF
ORO,D,15,STORAGE,19950618 0000,19950619 0000,3509675,,AF
ORO,D,15,STORAGE,19950619 0000,19950620 0000,3513605,,AF
ORO,D,15,STORAGE,19950620 0000,19950621 0000,3516123,,AF
ORO,D,15,STORAGE,19950621 0000,19950622 0000,3522106,,AF
ORO,D,15,STORAGE,19950622 0000,19950623 0000,3527938,,AF
ORO,D,15,STORAGE,19950623 0000,19950624 0000,3532672,,AF
ORO,D,15,STORAGE,19950624 0000,19950625 0000,3534726,,AF
ORO,D,15,STORAGE,19950625 0000,19950626 0000,3529516,,AF
ORO,D,15,STORAGE,19950626 0000,19950627 0000,3525100,,AF
ORO,D,15,STORAGE,19950627 0000,19950627 0000,3525580,,AF
ORO,D,15,STORAGE,19950628 0000,19950629 0000,3522894,,AF
ORO,D,15,STORAGE,19950629 0000,19950630 0000,3518326,,AF
ORO,D,15,STORAGE,19950630 0000,19950701 0000,3512819,,AF
ORO,D,15,STORAGE,19950701 0000,19950702 0000,3507004,,AF
ORO,D,15,STORAGE,19950702 0000,19950703 0000,3502922,,AF
ORO,D,15,STORAGE,19950703 0000,19950704 0000,3498844,,AF
ORO,D,15,STORAGE,19950704 0000,19950705 0000,3506534,,AF
ORO,D,15,STORAGE,19950705 0000,19950705 0000,3499791,,AF
ORO,D,15,STORAGE,19950706 0000,19950707 0000,3490070,,AF
ORO,D,15,STORAGE,19950707 0000,19950708 0000,3481470,,AF
ORO,D,15,STORAGE,19950708 0000,19950709 0000,3478345,,AF
ORO,D,15,STORAGE,19950709 0000,19950710 0000,3481939,,AF
ORO,D,15,STORAGE,19950710 0000,19950711 0000,3473820,,AF
ORO,D,15,STORAGE,19950711 0000,19950711 0000,3465097,,AF
ORO,D,15,STORAGE,19950712 0000,19950713 0000,3457000,,AF
ORO,D,15,STORAGE,19950713 0000,19950714 0000,3448458,,AF
ORO,D,15,STORAGE,19950714 0000,19950715 0000,3440394,,AF
ORO,D,15,STORAGE,19950715 0000,19950716 0000,3442408,,AF
ORO,D,15,STORAGE,19950716 0000,19950717 0000,3450320,,AF
ORO,D,15,STORAGE,19950717 0000,19950718 0000,3442719,,AF
ORO,D,15,STORAGE,19950718 0000,19950719 0000,3436987,,AF
ORO,D,15,STORAGE,19950719 0000,19950720 0000,3434046,,AF
ORO,D,15,STORAGE,19950720 0000,19950721 0000,3430490,,AF
ORO,D,15,STORAGE,19950721 0000,19950722 0000,3426316,,AF
ORO,D,15,STORAGE,19950722 0000,19950723 0000,3437142,,AF
ORO,D,15,STORAGE,19950723 0000,19950724 0000,3446440,,AF
ORO,D,15,STORAGE,19950724 0000,19950725 0000,3443964,,AF
ORO,D,15,STORAGE,19950725 0000,19950726 0000,3438229,,AF
ORO,D,15,STORAGE,19950726 0000,19950727 0000,3431112,,AF
ORO,D,15,STORAGE,19950727 0000,19950728 0000,3425396,,AF
ORO,D,15,STORAGE,19950728 0000,19950728 0000,3419800,,AF
ORO,D,15,STORAGE,19950729 0000,19950729 0000,3425900,,AF
ORO,D,15,STORAGE,19950730 0000,19950730 0000,3434980,,AF
ORO,D,15,STORAGE,19950731 0000,19950801 0000,3429104,,AF
ORO,D,15,STORAGE,19950801 0000,19950802 0000,3424004,,AF
ORO,D,15,STORAGE,19950802 0000,19950802 0000,3417678,,AF
ORO,D,15,STORAGE,19950803 0000,19950804 0000,3409513,,AF
ORO,D,15,STORAGE,19950804 0000,19950805 0000,3402746,,AF
ORO,D,15,STORAGE,19950805 0000,19950805 0000,3406435,,AF
ORO,D,15,STORAGE,19950806 0000,19950806 0000,3409359,,AF
ORO,D,15,STORAGE,19950807 0000,19950808 0000,3402284,,AF
ORO,D,15,STORAGE,19950808 0000,19950809 0000,3391077,,AF
ORO,D,15,STORAGE,19950809 0000,19950810 0000,3384332,,AF
ORO,D,15,STORAGE,19950810 0000,19950811 0000,3372709,,AF
ORO,D,15,STORAGE,19950811 0000,19950812 0000,3360204,,AF
ORO,D,15,STORAGE,19950812 0000,19950813 0000,3357917,,AF
ORO,D,15,STORAGE,19950813 0000,19950813 0000,3355482,,AF
ORO,D,15,STORAGE,19950814 0000,19950814 0000,3346816,,AF
ORO,D,15,STORAGE,19950815 0000,19950816 0000,3340137,,AF
ORO,D,15,STORAGE,19950816 0000,19950817 0000,3331346,,AF
ORO,D,15,STORAGE,19950817 0000,19950818 0000,3323177,,AF
ORO,D,15,STORAGE,19950818 0000,19950819 0000,3310346,,AF
ORO,D,15,STORAGE,19950819 0000,19950820 0000,3302966,,AF
ORO,D,15,STORAGE,19950820 0000,19950821 0000,3305826,,AF
ORO,D,15,STORAGE,19950821 0000,19950822 0000,3293196,,AF
ORO,D,15,STORAGE,19950822 0000,19950823 0000,3280151,,AF
ORO,D,15,STORAGE,19950823 0000,19950824 0000,3265053,,AF
ORO,D,15,STORAGE,19950824 0000,19950825 0000,3250897,,AF
ORO,D,15,STORAGE,19950825 0000,19950826 0000,3238566,,AF
ORO,D,15,STORAGE,19950826 0000,19950827 0000,3236786,,AF
ORO,D,15,STORAGE,19950827 0000,19950828 0000,3232190,,AF
ORO,D,15,STORAGE,19950828 0000,19950829 0000,3223330,,AF
ORO,D,15,STORAGE,19950829 0000,19950830 0000,3209602,,AF
ORO,D,15,STORAGE,19950830 0000,19950831 0000,3196355,,AF
ORO,D,15,STORAGE,19950831 0000,19950901 0000,3181683,,AF
ORO,D,15,STORAGE,19950901 0000,19950902 0000,3171294,,AF
ORO,D,15,STORAGE,19950902 0000,19950903 0000,3163848,,AF
ORO,D,15,STORAGE,19950903 0000,19950904 0000,3165306,,AF
ORO,D,15,STORAGE,19950904 0000,19950905 0000,3169980,,AF
ORO,D,15,STORAGE,19950905 0000,19950905 0000,3156840,,AF
ORO,D,15,STORAGE,19950906 0000,19950907 0000,3139838,,AF
ORO,D,15,STORAGE,19950907 0000,19950908 0000,3125205,,AF
ORO,D,15,STORAGE,19950908 0000,19950909 0000,3112928,,AF
ORO,D,15,STORAGE,19950909 0000,19950910 0000,3111919,,AF
ORO,D,15,STORAGE,19950910 0000,19950911 0000,3118413,,AF
ORO,D,15,STORAGE,19950911 0000,19950912 0000,3107883,,AF
ORO,D,15,STORAGE,19950912 0000,19950913 0000,3092638,,AF
ORO,D,15,STORAGE,19950913 0000,19950914 0000,3074157,,AF
ORO,D,15,STORAGE,19950914 0000,19950915 0000,3057747,,AF
ORO,D,15,STORAGE,19950915 0000,19950916 0000,3041684,,AF
ORO,D,15,STORAGE,19950916 0000,19950917 0000,3035587,,AF
ORO,D,15,STORAGE,19950917 0000,19950918 0000,3033745,,AF
ORO,D,15,STORAGE,19950918 0000,19950919 0000,3020312,,AF
ORO,D,15,STORAGE,19950919 0000,19950920 0000,3005091,,AF
ORO,D,15,STORAGE,19950920 0000,19950921 0000,2988803,,AF
ORO,D,15,STORAGE,19950921 0000,19950922 0000,2976628,,AF
ORO,D,15,STORAGE,19950922 0000,19950923 0000,2963931,,AF
ORO,D,15,STORAGE,19950923 0000,19950924 0000,2959475,,AF
ORO,D,15,STORAGE,19950924 0000,19950925 0000,2961146,,AF
ORO,D,15,STORAGE,19950925 0000,19950926 0000,2950161,,AF
ORO,D,15,STORAGE,19950926 0000,19950926 0000,2935740,,AF
ORO,D,15,STORAGE,19950927 0000,19950928 0000,2923722,,AF
ORO,D,15,STORAGE,19950928 0000,19950929 0000,2911597,,AF
ORO,D,15,STORAGE,19950929 0000,19950930 0000,2901841,,AF
ORO,D,15,STORAGE,19950930 0000,19951001 0000,2897176,,AF
ORO,D,15,STORAGE,19951001 0000,19951002 0000,2897176,,AF
ORO,D,15,STORAGE,19951002 0000,19951003 0000,2887454,,AF
ORO,D,15,STORAGE,19951003 0000,19951004 0000,2874618,,AF
ORO,D,15,STORAGE,19951004 0000,19951005 0000,2863588,,AF
ORO,D,15,STORAGE,19951005 0000,19951006 0000,2851774,,AF
ORO,D,15,STORAGE,19951006 0000,19951007 0000,2843242,,AF
ORO,D,15,STORAGE,19951007 0000,19951008 0000,2842024,,AF
ORO,D,15,STORAGE,19951008 0000,19951009 0000,2844730,,AF
ORO,D,15,STORAGE,19951009 0000,19951010 0000,2841348,,AF
ORO,D,15,STORAGE,19951010 0000,19951011 0000,2837563,,AF
ORO,D,15,STORAGE,19951011 0000,19951012 0000,2835538,,AF
ORO,D,15,STORAGE,19951012 0000,19951013 0000,2831893,,AF
ORO,D,15,STORAGE,19951013 0000,19951014 0000,2827847,,AF
ORO,D,15,STORAGE,19951014 0000,19951015 0000,2822190,,AF
ORO,D,15,STORAGE,19951015 0000,19951016 0000,2820710,,AF
ORO,D,15,STORAGE,19951016 0000,19951017 0000,2816810,,AF
ORO,D,15,STORAGE,19951017 0000,19951018 0000,2818961,,AF
ORO,D,15,STORAGE,19951018 0000,19951019 0000,2818020,,AF
ORO,D,15,STORAGE,19951019 0000,19951020 0000,2818692,,AF
ORO,D,15,STORAGE,19951020 0000,19951021 0000,2818423,,AF
ORO,D,15,STORAGE,19951021 0000,19951022 0000,2818827,,AF
ORO,D,15,STORAGE,19951022 0000,19951023 0000,2820306,,AF
ORO,D,15,STORAGE,19951023 0000,19951024 0000,2820710,,AF
ORO,D,15,STORAGE,19951024 0000,19951025 0000,2819768,,AF
ORO,D,15,STORAGE,19951025 0000,19951026 0000,2816138,,AF
ORO,D,15,STORAGE,19951026 0000,19951027 0000,2813451,,AF
ORO,D,15,STORAGE,19951027 0000,19951028 0000,2812108,,AF
ORO,D,15,STORAGE,19951028 0000,19951029 0000,2813854,,AF
ORO,D,15,STORAGE,19951029 0000,19951030 0000,2816406,,AF
ORO,D,15,STORAGE,19951030 0000,19951031 0000,2808216,,AF
ORO,D,15,STORAGE,19951031 0000,19951101 0000,2800444,,AF
ORO,D,15,STORAGE,19951101 0000,19951102 0000,2799240,,AF
ORO,D,15,STORAGE,19951102 0000,19951103 0000,2795494,,AF
ORO,D,15,STORAGE,19951103 0000,19951103 0000,2793620,,AF
ORO,D,15,STORAGE,19951104 0000,19951105 0000,2796564,,AF
ORO,D,15,STORAGE,19951105 0000,19951106 0000,2802052,,AF
ORO,D,15,STORAGE,19951106 0000,19951107 0000,2797233,,AF
ORO,D,15,STORAGE,19951107 0000,19951108 0000,2795362,,AF
ORO,D,15,STORAGE,19951108 0000,19951109 0000,2792020,,AF
ORO,D,15,STORAGE,19951109 0000,19951110 0000,2788815,,AF
ORO,D,15,STORAGE,19951110 0000,19951111 0000,2789483,,AF
ORO,D,15,STORAGE,19951111 0000,19951112 0000,2792554,,AF
ORO,D,15,STORAGE,19951112 0000,19951113 0000,2799106,,AF
ORO,D,15,STORAGE,19951113 0000,19951114 0000,2796430,,AF
ORO,D,15,STORAGE,19951114 0000,19951115 0000,2793890,,AF
ORO,D,15,STORAGE,19951115 0000,19951116 0000,2787748,,AF
ORO,D,15,STORAGE,19951116 0000,19951117 0000,2783480,,AF
ORO,D,15,STORAGE,19951117 0000,19951118 0000,2779217,,AF
ORO,D,15,STORAGE,19951118 0000,19951119 0000,2778152,,AF
ORO,D,15,STORAGE,19951119 0000,19951120 0000,2782280,,AF
ORO,D,15,STORAGE,19951120 0000,19951120 0000,2776019,,AF
ORO,D,15,STORAGE,19951121 0000,19951122 0000,2774958,,AF
ORO,D,15,STORAGE,19951122 0000,19951123 0000,2771368,,AF
ORO,D,15,STORAGE,19951123 0000,19951124 0000,2776554,,AF
ORO,D,15,STORAGE,19951124 0000,19951125 0000,2780149,,AF
ORO,D,15,STORAGE,19951125 0000,19951126 0000,2782414,,AF
ORO,D,15,STORAGE,19951126 0000,19951127 0000,2782814,,AF
ORO,D,15,STORAGE,19951127 0000,19951128 0000,2783213,,AF
ORO,D,15,STORAGE,19951128 0000,19951129 0000,2780282,,AF
ORO,D,15,STORAGE,19951129 0000,19951130 0000,2778285,,AF
ORO,D,15,STORAGE,19951130 0000,19951201 0000,2775490,,AF
ORO,D,15,STORAGE,19951201 0000,19951202 0000,2775890,,AF
ORO,D,15,STORAGE,19951202 0000,19951203 0000,2777885,,AF
ORO,D,15,STORAGE,19951203 0000,19951204 0000,2778817,,AF
ORO,D,15,STORAGE,19951204 0000,19951205 0000,2781481,,AF
ORO,D,15,STORAGE,19951205 0000,19951206 0000,2779084,,AF
ORO,D,15,STORAGE,19951206 0000,19951207 0000,2776156,,AF
ORO,D,15,STORAGE,19951207 0000,19951208 0000,2773761,,AF
ORO,D,15,STORAGE,19951208 0000,19951209 0000,2771634,,AF
ORO,D,15,STORAGE,19951209 0000,19951210 0000,2768712,,AF
ORO,D,15,STORAGE,19951210 0000,19951211 0000,2764729,,AF
ORO,D,15,STORAGE,19951211 0000,19951212 0000,2765128,,AF
ORO,D,15,STORAGE,19951212 0000,19951213 0000,2814391,,AF
ORO,D,15,STORAGE,19951213 0000,19951214 0000,2813451,,AF
ORO,D,15,STORAGE,19951214 0000,19951215 0000,2805937,,AF
ORO,D,15,STORAGE,19951215 0000,19951216 0000,2805803,,AF
ORO,D,15,STORAGE,19951216 0000,19951217 0000,2806473,,AF
ORO,D,15,STORAGE,19951217 0000,19951218 0000,2802052,,AF
ORO,D,15,STORAGE,19951218 0000,19951219 0000,2788949,,AF
ORO,D,15,STORAGE,19951219 0000,19951220 0000,2772963,,AF
ORO,D,15,STORAGE,19951220 0000,19951221 0000,2756116,,AF
ORO,D,15,STORAGE,19951221 0000,19951222 0000,2742636,,AF
ORO,D,15,STORAGE,19951222 0000,19951223 0000,2728152,,AF
ORO,D,15,STORAGE,19951223 0000,19951224 0000,2722242,,AF
ORO,D,15,STORAGE,19951224 0000,19951225 0000,2721323,,AF
ORO,D,15,STORAGE,19951225 0000,19951226 0000,2721586,,AF
ORO,D,15,STORAGE,19951226 0000,19951227 0000,2710841,,AF
ORO,D,15,STORAGE,19951227 0000,19951228 0000,2701300,,AF
ORO,D,15,STORAGE,19951228 0000,19951229 0000,2693086,,AF
ORO,D,15,STORAGE,19951229 0000,19951230 0000,2687880,,AF
ORO,D,15,STORAGE,19951230 0000,19951231 0000,2694258,,AF
ORO,D,15,STORAGE,19951231 0000,19960101 0000,2702084,,AF
ORO,D,15,STORAGE,19960101 0000,19960102 0000,2708225,,AF
ORO,D,15,STORAGE,19960102 0000,19960103 0000,2707179,,AF
ORO,D,15,STORAGE,19960103 0000,19960104 0000,2707832,,AF
ORO,D,15,STORAGE,19960104 0000,19960105 0000,2707963,,AF
ORO,D,15,STORAGE,19960105 0000,19960106 0000,2707571,,AF
ORO,D,15,STORAGE,19960106 0000,19960107 0000,2714245,,AF
ORO,D,15,STORAGE,19960107 0000,19960108 0000,2722504,,AF
ORO,D,15,STORAGE,19960108 0000,19960109 0000,2721979,,AF
ORO,D,15,STORAGE,19960109 0000,19960110 0000,2719355,,AF
ORO,D,15,STORAGE,19960110 0000,19960111 0000,2717389,,AF
ORO,D,15,STORAGE,19960111 0000,19960112 0000,2715161,,AF
ORO,D,15,STORAGE,19960112 0000,19960113 0000,2710710,,AF
ORO,D,15,STORAGE,19960113 0000,19960114 0000,2714768,,AF
ORO,D,15,STORAGE,19960114 0000,19960115 0000,2716734,,AF
ORO,D,15,STORAGE,19960115 0000,19960116 0000,2715554,,AF
ORO,D,15,STORAGE,19960116 0000,19960117 0000,2731702,,AF
ORO,D,15,STORAGE,19960117 0000,19960118 0000,2743824,,AF
ORO,D,15,STORAGE,19960118 0000,19960119 0000,2750428,,AF
ORO,D,15,STORAGE,19960119 0000,19960120 0000,2755322,,AF
ORO,D,15,STORAGE,19960120 0000,19960121 0000,2763934,,AF
ORO,D,15,STORAGE,19960121 0000,19960122 0000,2777885,,AF
ORO,D,15,STORAGE,19960122 0000,19960123 0000,2776288,,AF
ORO,D,15,STORAGE,19960123 0000,19960124 0000,2770704,,AF
ORO,D,15,STORAGE,19960124 0000,19960125 0000,2774825,,AF
ORO,D,15,STORAGE,19960125 0000,19960126 0000,2783080,,AF
ORO,D,15,STORAGE,19960126 0000,19960127 0000,2777885,,AF
ORO,D,15,STORAGE,19960127 0000,19960128 0000,2778684,,AF
ORO,D,15,STORAGE,19960128 0000,19960129 0000,2779749,,AF
ORO,D,15,STORAGE,19960129 0000,19960130 0000,2774293,,AF
ORO,D,15,STORAGE,19960130 0000,19960131 0000,2761945,,AF
ORO,D,15,STORAGE,19960131 0000,19960201 0000,2749899,,AF
ORO,D,15,STORAGE,19960201 0000,19960202 0100,2736310,,AF
ORO,D,15,STORAGE,19960202 0000,19960203 0100,2726706,,AF
ORO,D,15,STORAGE,19960203 0000,19960204 0100,2726181,,AF
ORO,D,15,STORAGE,19960204 0000,19960205 0100,2783614,,AF
ORO,D,15,STORAGE,19960205 0000,19960206 0100,2850013,,AF
ORO,D,15,STORAGE,19960206 0000,19960207 0100,2860054,,AF
ORO,D,15,STORAGE,19960207 0000,19960208 0100,2854080,,AF
ORO,D,15,STORAGE,19960208 0000,19960209 0100,2837023,,AF
ORO,D,15,STORAGE,19960209 0000,19960210 0100,2822056,,AF
ORO,D,15,STORAGE,19960210 0000,19960211 0100,2817079,,AF
ORO,D,15,STORAGE,19960211 0000,19960212 0100,2812376,,AF
ORO,D,15,STORAGE,19960212 0000,19960213 0100,2806339,,AF
ORO,D,15,STORAGE,19960213 0000,19960214 0100,2797099,,AF
ORO,D,15,STORAGE,19960214 0000,19960215 0100,2788682,,AF
ORO,D,15,STORAGE,19960215 0000,19960216 0100,2779484,,AF
ORO,D,15,STORAGE,19960216 0000,19960217 0100,2770571,,AF
ORO,D,15,STORAGE,19960217 0000,19960218 0100,2771501,,AF
ORO,D,15,STORAGE,19960218 0000,19960219 0100,2778551,,AF
ORO,D,15,STORAGE,19960219 0000,19960220 0100,2804061,,AF
ORO,D,15,STORAGE,19960220 0000,19960221 0100,2836348,,AF
ORO,D,15,STORAGE,19960221 0000,19960222 0100,2871618,,AF
ORO,D,15,STORAGE,19960222 0000,19960223 0100,2850690,,AF
ORO,D,15,STORAGE,19960223 0000,19960224 0100,2810229,,AF
ORO,D,15,STORAGE,19960224 0000,19960225 0100,2782680,,AF
ORO,D,15,STORAGE,19960225 0000,19960226 0100,2755984,,AF
ORO,D,15,STORAGE,19960226 0000,19960227 0100,2739076,,AF
ORO,D,15,STORAGE,19960227 0000,19960228 0100,2738022,,AF
ORO,D,15,STORAGE,19960228 0000,19960229 0100,2737100,,AF
ORO,D,15,STORAGE,19960229 0000,19960301 0100,2729466,,AF
ORO,D,15,STORAGE,19960301 0000,19960302 0100,2721586,,AF
ORO,D,15,STORAGE,19960302 0000,19960303 0100,2709794,,AF
ORO,D,15,STORAGE,19960303 0000,19960304 0100,2700126,,AF
ORO,D,15,STORAGE,19960304 0000,19960305 0100,2701300,,AF
ORO,D,15,STORAGE,19960305 0000,19960306 0100,2708356,,AF
ORO,D,15,STORAGE,19960306 0000,19960307 0100,2710187,,AF
ORO,D,15,STORAGE,19960307 0000,19960308 0100,2715817,,AF
ORO,D,15,STORAGE,19960308 0000,19960309 0100,2719094,,AF
ORO,D,15,STORAGE,19960309 0000,19960310 0100,2730518,,AF
ORO,D,15,STORAGE,19960310 0000,19960311 0100,2744747,,AF
ORO,D,15,STORAGE,19960311 0000,19960312 0100,2758896,,AF
ORO,D,15,STORAGE,19960312 0000,19960313 0100,2776688,,AF
ORO,D,15,STORAGE,19960313 0000,19960314 0100,2790417,,AF
ORO,D,15,STORAGE,19960314 0000,19960315 0100,2798170,,AF
ORO,D,15,STORAGE,19960315 0000,19960316 0100,2801650,,AF
ORO,D,15,STORAGE,19960316 0000,19960317 0100,2819768,,AF
ORO,D,15,STORAGE,19960317 0000,19960318 0100,2837563,,AF
ORO,D,15,STORAGE,19960318 0000,19960319 0100,2849335,,AF
ORO,D,15,STORAGE,19960319 0000,19960320 0100,2861413,,AF
ORO,D,15,STORAGE,19960320 0000,19960321 0100,2872572,,AF
ORO,D,15,STORAGE,19960321 0000,19960322 0100,2873935,,AF
ORO,D,15,STORAGE,19960322 0000,19960323 0100,2876526,,AF
ORO,D,15,STORAGE,19960323 0000,19960324 0100,2886223,,AF
ORO,D,15,STORAGE,19960324 0000,19960325 0100,2903763,,AF
ORO,D,15,STORAGE,19960325 0000,19960326 0100,2908022,,AF
ORO,D,15,STORAGE,19960326 0000,19960327 0100,2914625,,AF
ORO,D,15,STORAGE,19960327 0000,19960327 0100,2923442,,AF
ORO,D,15,STORAGE,19960328 0000,19960329 0100,2936160,,AF
ORO,D,15,STORAGE,19960329 0000,19960330 0100,2945859,,AF
ORO,D,15,STORAGE,19960330 0000,19960331 0100,2964767,,AF
ORO,D,15,STORAGE,19960331 0000,19960401 0100,2984600,,AF
ORO,D,15,STORAGE,19960401 0000,19960402 0000,3005654,,AF
ORO,D,15,STORAGE,19960402 0000,19960403 0000,3023560,,AF
ORO,D,15,STORAGE,19960403 0000,19960404 0000,3035728,,AF
ORO,D,15,STORAGE,19960404 0000,19960405 0000,3049068,,AF
ORO,D,15,STORAGE,19960405 0000,19960406 0000,3060597,,AF
ORO,D,15,STORAGE,19960406 0000,19960407 0000,3072299,,AF
ORO,D,15,STORAGE,19960407 0000,19960408 0000,3090772,,AF
ORO,D,15,STORAGE,19960408 0000,19960409 0000,3098385,,AF
ORO,D,15,STORAGE,19960409 0000,19960410 0000,3104859,,AF
ORO,D,15,STORAGE,19960410 0000,19960411 0000,3110476,,AF
ORO,D,15,STORAGE,19960411 0000,19960412 0000,3113938,,AF
ORO,D,15,STORAGE,19960412 0000,19960413 0000,3114371,,AF
ORO,D,15,STORAGE,19960413 0000,19960414 0000,3117835,,AF
ORO,D,15,STORAGE,19960414 0000,19960415 0000,3123615,,AF
ORO,D,15,STORAGE,19960415 0000,19960416 0000,3123904,,AF
ORO,D,15,STORAGE,19960416 0000,19960417 0000,3125640,,AF
ORO,D,15,STORAGE,19960417 0000,19960418 0000,3129981,,AF
ORO,D,15,STORAGE,19960418 0000,19960419 0000,3133023,,AF
ORO,D,15,STORAGE,19960419 0000,19960420 0000,3136357,,AF
ORO,D,15,STORAGE,19960420 0000,19960421 0000,3147536,,AF
ORO,D,15,STORAGE,19960421 0000,19960422 0000,3156703,,AF
ORO,D,15,STORAGE,19960422 0000,19960423 0000,3161805,,AF
ORO,D,15,STORAGE,19960423 0000,19960424 0000,3166036,,AF
ORO,D,15,STORAGE,19960424 0000,19960425 0000,3178754,,AF
ORO,D,15,STORAGE,19960425 0000,19960426 0000,3186666,,AF
ORO,D,15,STORAGE,19960426 0000,19960427 0000,3191068,,AF
ORO,D,15,STORAGE,19960427 0000,19960428 0000,3209160,,AF
ORO,D,15,STORAGE,19960428 0000,19960429 0000,3228212,,AF
ORO,D,15,STORAGE,19960429 0000,19960430 0000,3238566,,AF
ORO,D,15,STORAGE,19960430 0000,19960501 0000,3243168,,AF
ORO,D,15,STORAGE,19960501 0000,19960502 0000,3248072,,AF
ORO,D,15,STORAGE,19960502 0000,19960503 0000,3255660,,AF
ORO,D,15,STORAGE,19960503 0000,19960504 0000,3256852,,AF
ORO,D,15,STORAGE,19960504 0000,19960505 0000,3258938,,AF
ORO,D,15,STORAGE,19960505 0000,19960506 0000,3273418,,AF
ORO,D,15,STORAGE,19960506 0000,19960507 0000,3277606,,AF
ORO,D,15,STORAGE,19960507 0000,19960508 0000,3278803,,AF
ORO,D,15,STORAGE,19960508 0000,19960509 0000,3278055,,AF
ORO,D,15,STORAGE,19960509 0000,19960510 0000,3278653,,AF
ORO,D,15,STORAGE,19960510 0000,19960511 0000,3277905,,AF
ORO,D,15,STORAGE,19960511 0000,19960512 0000,3288544,,AF
ORO,D,15,STORAGE,19960512 0000,19960513 0000,3302063,,AF
ORO,D,15,STORAGE,19960513 0000,19960514 0000,3305826,,AF
ORO,D,15,STORAGE,19960514 0000,19960515 0000,3309592,,AF
ORO,D,15,STORAGE,19960515 0000,19960516 0000,3320152,,AF
ORO,D,15,STORAGE,19960516 0000,19960517 0000,3356544,,AF
ORO,D,15,STORAGE,19960517 0000,19960518 0000,3419833,,AF
ORO,D,15,STORAGE,19960518 0000,19960519 0000,3470388,,AF
ORO,D,15,STORAGE,19960519 0000,19960520 0000,3484439,,AF
ORO,D,15,STORAGE,19960520 0000,19960521 0000,3483814,,AF
ORO,D,15,STORAGE,19960521 0000,19960522 0000,3502922,,AF
ORO,D,15,STORAGE,19960522 0000,19960523 0000,3529674,,AF
ORO,D,15,STORAGE,19960523 0000,19960524 0000,3522420,,AF
ORO,D,15,STORAGE,19960524 0000,19960525 0000,3511090,,AF
ORO,D,15,STORAGE,19960525 0000,19960526 0000,3512504,,AF
ORO,D,15,STORAGE,19960526 0000,19960527 0000,3514235,,AF
ORO,D,15,STORAGE,19960527 0000,19960528 0000,3520216,,AF
ORO,D,15,STORAGE,19960528 0000,19960529 0000,3515021,,AF
ORO,D,15,STORAGE,19960529 0000,19960530 0000,3514078,,AF
ORO,D,15,STORAGE,19960530 0000,19960530 0000,3512040,,AF
ORO,D,15,STORAGE,19960531 0000,19960531 0000,3504300,,AF
ORO,D,15,STORAGE,19960601 0000,19960602 0000,3505120,,AF
ORO,D,15,STORAGE,19960602 0000,19960603 0000,3504963,,AF
ORO,D,15,STORAGE,19960603 0000,19960604 0000,3501040,,AF
ORO,D,15,STORAGE,19960604 0000,19960605 0000,3494612,,AF
ORO,D,15,STORAGE,19960605 0000,19960606 0000,3492576,,AF
ORO,D,15,STORAGE,19960606 0000,19960607 0000,3485690,,AF
ORO,D,15,STORAGE,19960607 0000,19960608 0000,3483970,,AF
ORO,D,15,STORAGE,19960608 0000,19960609 0000,3489288,,AF
ORO,D,15,STORAGE,19960609 0000,19960610 0000,3499471,,AF
ORO,D,15,STORAGE,19960610 0000,19960611 0000,3493202,,AF
ORO,D,15,STORAGE,19960611 0000,19960612 0000,3489758,,AF
ORO,D,15,STORAGE,19960612 0000,19960613 0000,3485690,,AF
ORO,D,15,STORAGE,19960613 0000,19960614 0000,3482564,,AF
ORO,D,15,STORAGE,19960614 0000,19960615 0000,3478034,,AF
ORO,D,15,STORAGE,19960615 0000,19960616 0000,3486316,,AF
ORO,D,15,STORAGE,19960616 0000,19960617 0000,3497433,,AF
ORO,D,15,STORAGE,19960617 0000,19960618 0000,3492733,,AF
ORO,D,15,STORAGE,19960618 0000,19960619 0000,3487097,,AF
ORO,D,15,STORAGE,19960619 0000,19960619 0000,3478195,,AF
ORO,D,15,STORAGE,19960620 0000,19960621 0000,3470700,,AF
ORO,D,15,STORAGE,19960621 0000,19960622 0000,3461200,,AF
ORO,D,15,STORAGE,19960622 0000,19960623 0000,3465714,,AF
ORO,D,15,STORAGE,19960623 0000,19960624 0000,3479127,,AF
ORO,D,15,STORAGE,19960624 0000,19960625 0000,3469921,,AF
ORO,D,15,STORAGE,19960625 0000,19960626 0000,3460110,,AF
ORO,D,15,STORAGE,19960626 0000,19960627 0000,3453270,,AF
ORO,D,15,STORAGE,19960627 0000,19960628 0000,3451096,,AF
ORO,D,15,STORAGE,19960628 0000,19960629 0000,3441789,,AF
ORO,D,15,STORAGE,19960629 0000,19960630 0000,3439000,,AF
ORO,D,15,STORAGE,19960630 0000,19960701 0000,3441014,,AF
ORO,D,15,STORAGE,19960701 0000,19960702 0000,3428634,,AF
ORO,D,15,STORAGE,19960702 0000,19960703 0000,3411509,,AF
ORO,D,15,STORAGE,19960703 0000,19960704 0000,3397516,,AF
ORO,D,15,STORAGE,19960704 0000,19960705 0000,3393065,,AF
ORO,D,15,STORAGE,19960705 0000,19960706 0000,3375763,,AF
ORO,D,15,STORAGE,19960706 0000,19960707 0000,3362636,,AF
ORO,D,15,STORAGE,19960707 0000,19960708 0000,3363399,,AF
ORO,D,15,STORAGE,19960708 0000,19960709 0000,3353196,,AF
ORO,D,15,STORAGE,19960709 0000,19960710 0000,3342105,,AF
ORO,D,15,STORAGE,19960710 0000,19960711 0000,3325442,,AF
ORO,D,15,STORAGE,19960711 0000,19960712 0000,3307182,,AF
ORO,D,15,STORAGE,19960712 0000,19960713 0000,3286594,,AF
ORO,D,15,STORAGE,19960713 0000,19960714 0000,3273418,,AF
ORO,D,15,STORAGE,19960714 0000,19960715 0000,3270728,,AF
ORO,D,15,STORAGE,19960715 0000,19960716 0000,3255213,,AF
ORO,D,15,STORAGE,19960716 0000,19960717 0000,3237527,,AF
ORO,D,15,STORAGE,19960717 0000,19960718 0000,3221852,,AF
ORO,D,15,STORAGE,19960718 0000,19960719 0000,3206655,,AF
ORO,D,15,STORAGE,19960719 0000,19960720 0000,3189894,,AF
ORO,D,15,STORAGE,19960720 0000,19960721 0000,3181536,,AF
ORO,D,15,STORAGE,19960721 0000,19960722 0000,3181536,,AF
ORO,D,15,STORAGE,19960722 0000,19960723 0000,3165306,,AF
ORO,D,15,STORAGE,19960723 0000,19960724 0000,3150154,,AF
ORO,D,15,STORAGE,19960724 0000,19960725 0000,3130560,r,AF
ORO,D,15,STORAGE,19960725 0000,19960726 0000,3114226,,AF
ORO,D,15,STORAGE,19960726 0000,19960727 0000,3094074,,AF
ORO,D,15,STORAGE,19960727 0000,19960728 0000,3087329,,AF
ORO,D,15,STORAGE,19960728 0000,19960729 0000,3089194,,AF
ORO,D,15,STORAGE,19960729 0000,19960730 0000,3076159,,AF
ORO,D,15,STORAGE,19960730 0000,19960731 0000,3064018,,AF
ORO,D,15,STORAGE,19960731 0000,19960801 0000,3052197,,AF
ORO,D,15,STORAGE,19960801 0000,19960802 0000,3040123,,AF
ORO,D,15,STORAGE,19960802 0000,19960803 0000,3031480,,AF
ORO,D,15,STORAGE,19960803 0000,19960804 0000,3021724,,AF
ORO,D,15,STORAGE,19960804 0000,19960805 0000,3028791,,AF
ORO,D,15,STORAGE,19960805 0000,19960806 0000,3013118,,AF
ORO,D,15,STORAGE,19960806 0000,19960807 0000,2993711,,AF
ORO,D,15,STORAGE,19960807 0000,19960808 0000,2977187,,AF
ORO,D,15,STORAGE,19960808 0000,19960809 0000,2959475,,AF
ORO,D,15,STORAGE,19960809 0000,19960810 0000,2941283,,AF
ORO,D,15,STORAGE,19960810 0000,19960811 0000,2940729,,AF
ORO,D,15,STORAGE,19960811 0000,19960812 0000,2933254,,AF
ORO,D,15,STORAGE,19960812 0000,19960813 0000,2922339,,AF
ORO,D,15,STORAGE,19960813 0000,19960814 0000,2906510,,AF
ORO,D,15,STORAGE,19960814 0000,19960815 0000,2892244,,AF
ORO,D,15,STORAGE,19960815 0000,19960816 0000,2878163,,AF
ORO,D,15,STORAGE,19960816 0000,19960817 0000,2863724,,AF
ORO,D,15,STORAGE,19960817 0000,19960818 0000,2858559,,AF
ORO,D,15,STORAGE,19960818 0000,19960819 0000,2864401,,AF
ORO,D,15,STORAGE,19960819 0000,19960820 0000,2848928,,AF
ORO,D,15,STORAGE,19960820 0000,19960821 0000,2834322,,AF
ORO,D,15,STORAGE,19960821 0000,19960822 0000,2823536,,AF
ORO,D,15,STORAGE,19960822 0000,19960823 0000,2810229,,AF
ORO,D,15,STORAGE,19960823 0000,19960824 0000,2796030,,AF
ORO,D,15,STORAGE,19960824 0000,19960825 0000,2793624,,AF
ORO,D,15,STORAGE,19960825 0000,19960826 0000,2799641,,AF
ORO,D,15,STORAGE,19960826 0000,19960827 0000,2786147,,AF
ORO,D,15,STORAGE,19960827 0000,19960828 0000,2780948,,AF
ORO,D,15,STORAGE,19960828 0000,19960829 0000,2773096,,AF
ORO,D,15,STORAGE,19960829 0000,19960830 0000,2759427,,AF
ORO,D,15,STORAGE,19960830 0000,19960831 0000,2746728,,AF
ORO,D,15,STORAGE,19960831 0000,19960901 0000,2744088,,AF
ORO,D,15,STORAGE,19960901 0000,19960902 0000,2749106,,AF
ORO,D,15,STORAGE,19960902 0000,19960903 0000,2756248,,AF
ORO,D,15,STORAGE,19960903 0000,19960904 0000,2748578,,AF
ORO,D,15,STORAGE,19960904 0000,19960905 0000,2736572,,AF
ORO,D,15,STORAGE,19960905 0000,19960906 0000,2732228,,AF
ORO,D,15,STORAGE,19960906 0000,19960907 0000,2725130,,AF
ORO,D,15,STORAGE,19960907 0000,19960908 0000,2723686,,AF
ORO,D,15,STORAGE,19960908 0000,19960909 0000,2732228,,AF
ORO,D,15,STORAGE,19960909 0000,19960910 0000,2723161,,AF
ORO,D,15,STORAGE,19960910 0000,19960911 0000,2715292,,AF
ORO,D,15,STORAGE,19960911 0000,19960912 0000,2712150,,AF
ORO,D,15,STORAGE,19960912 0000,19960913 0000,2708878,,AF
ORO,D,15,STORAGE,19960913 0000,19960914 0000,2706787,,AF
ORO,D,15,STORAGE,19960914 0000,19960915 0000,2713983,,AF
ORO,D,15,STORAGE,19960915 0000,19960916 0000,2724210,,AF
ORO,D,15,STORAGE,19960916 0000,19960917 0000,2724210,,AF
ORO,D,15,STORAGE,19960917 0000,19960918 0000,2724736,,AF
ORO,D,15,STORAGE,19960918 0000,19960919 0000,2723817,,AF
ORO,D,15,STORAGE,19960919 0000,19960920 0000,2721454,,AF
ORO,D,15,STORAGE,19960920 0000,19960921 0000,2718962,,AF
ORO,D,15,STORAGE,19960921 0000,19960922 0000,2721848,,AF
ORO,D,15,STORAGE,19960922 0000,19960923 0000,2725787,,AF
ORO,D,15,STORAGE,19960923 0000,19960924 0000,2722898,,AF
ORO,D,15,STORAGE,19960924 0000,19960925 0000,2722504,,AF
ORO,D,15,STORAGE,19960925 0000,19960926 0000,2720667,,AF
ORO,D,15,STORAGE,19960926 0000,19960927 0000,2719749,,AF
ORO,D,15,STORAGE,19960927 0000,19960928 0000,2723029,,AF
ORO,D,15,STORAGE,19960928 0000,19960929 0000,2728941,,AF
ORO,D,15,STORAGE,19960929 0000,19960930 0000,2735388,,AF
ORO,D,15,STORAGE,19960930 0000,19961001 0000,2734729,,AF
ORO,D,15,STORAGE,19961001 0000,19961002 0000,2735519,,AF
ORO,D,15,STORAGE,19961002 0000,19961003 0000,2734466,,AF
ORO,D,15,STORAGE,19961003 0000,19961004 0000,2734334,,AF
ORO,D,15,STORAGE,19961004 0000,19961005 0000,2733281,,AF
ORO,D,15,STORAGE,19961005 0000,19961006 0000,2731965,,AF
ORO,D,15,STORAGE,19961006 0000,19961007 0000,2731702,,AF
ORO,D,15,STORAGE,19961007 0000,19961008 0000,2728283,,AF
ORO,D,15,STORAGE,19961008 0000,19961009 0000,2727626,,AF
ORO,D,15,STORAGE,19961009 0000,19961010 0000,2725918,,AF
ORO,D,15,STORAGE,19961010 0000,19961011 0000,2725392,,AF
ORO,D,15,STORAGE,19961011 0000,19961012 0000,2723686,,AF
ORO,D,15,STORAGE,19961012 0000,19961013 0000,2721848,,AF
ORO,D,15,STORAGE,19961013 0000,19961014 0000,2718176,,AF
ORO,D,15,STORAGE,19961014 0000,19961015 0000,2714375,,AF
ORO,D,15,STORAGE,19961015 0000,19961016 0000,2711495,,AF
ORO,D,15,STORAGE,19961016 0000,19961017 0000,2707048,,AF
ORO,D,15,STORAGE,19961017 0000,19961018 0000,2703912,,AF
ORO,D,15,STORAGE,19961018 0000,19961019 0000,2700648,,AF
ORO,D,15,STORAGE,19961019 0000,19961020 0000,2699734,,AF
ORO,D,15,STORAGE,19961020 0000,19961021 0000,2696735,,AF
ORO,D,15,STORAGE,19961021 0000,19961022 0000,2695298,,AF
ORO,D,15,STORAGE,19961022 0000,19961023 0000,2692823,,AF
ORO,D,15,STORAGE,19961023 0000,19961024 0000,2691133,,AF
ORO,D,15,STORAGE,19961024 0000,19961025 0000,2690222,,AF
ORO,D,15,STORAGE,19961025 0000,19961026 0000,2689050,,AF
ORO,D,15,STORAGE,19961026 0000,19961027 0000,2686580,,AF
ORO,D,15,STORAGE,19961027 0000,19961028 0000,2684759,,AF
ORO,D,15,STORAGE,19961028 0000,19961029 0000,2683070,,AF
ORO,D,15,STORAGE,19961029 0000,19961030 0000,2685669,,AF
ORO,D,15,STORAGE,19961030 0000,19961031 0000,2685669,,AF
ORO,D,15,STORAGE,19961031 0000,19961101 0000,2683589,,AF
ORO,D,15,STORAGE,19961101 0000,19961102 0000,2678785,,AF
ORO,D,15,STORAGE,19961102 0000,19961103 0000,2675919,,AF
ORO,D,15,STORAGE,19961103 0000,19961104 0000,2675530,,AF
ORO,D,15,STORAGE,19961104 0000,19961105 0000,2670473,,AF
ORO,D,15,STORAGE,19961105 0000,19961106 0000,2665035,,AF
ORO,D,15,STORAGE,19961106 0000,19961107 0000,2658442,,AF
ORO,D,15,STORAGE,19961107 0000,19961108 0000,2651990,,AF
ORO,D,15,STORAGE,19961108 0000,19961109 0000,2651087,,AF
ORO,D,15,STORAGE,19961109 0000,19961110 0000,2657926,,AF
ORO,D,15,STORAGE,19961110 0000,19961111 0000,2662836,,AF
ORO,D,15,STORAGE,19961111 0000,19961112 0000,2658572,,AF
ORO,D,15,STORAGE,19961112 0000,19961113 0000,2654440,,AF
ORO,D,15,STORAGE,19961113 0000,19961114 0000,2649927,,AF
ORO,D,15,STORAGE,19961114 0000,19961115 0000,2646707,,AF
ORO,D,15,STORAGE,19961115 0000,19961116 0000,2643360,,AF
ORO,D,15,STORAGE,19961116 0000,19961117 0000,2650314,,AF
ORO,D,15,STORAGE,19961117 0000,19961118 0000,2660122,,AF
ORO,D,15,STORAGE,19961118 0000,19961119 0000,2667235,,AF
ORO,D,15,STORAGE,19961119 0000,19961120 0000,2677098,,AF
ORO,D,15,STORAGE,19961120 0000,19961121 0000,2685409,,AF
ORO,D,15,STORAGE,19961121 0000,19961122 0000,2686709,,AF
ORO,D,15,STORAGE,19961122 0000,19961123 0000,2690091,,AF
ORO,D,15,STORAGE,19961123 0000,19961124 0000,2703128,,AF
ORO,D,15,STORAGE,19961124 0000,19961125 0000,2711364,,AF
ORO,D,15,STORAGE,19961125 0000,19961126 0000,2710056,,AF
ORO,D,15,STORAGE,19961126 0000,19961127 0000,2707440,,AF
ORO,D,15,STORAGE,19961127 0000,19961128 0000,2701170,,AF
ORO,D,15,STORAGE,19961128 0000,19961129 0000,2708094,,AF
ORO,D,15,STORAGE,19961129 0000,19961130 0000,2709402,,AF
ORO,D,15,STORAGE,19961130 0000,19961201 0000,2714900,,AF
ORO,D,15,STORAGE,19961201 0000,19961202 0100,2723161,,AF
ORO,D,15,STORAGE,19961202 0000,19961203 0100,2718437,,AF
ORO,D,15,STORAGE,19961203 0000,19961204 0100,2711626,,AF
ORO,D,15,STORAGE,19961204 0000,19961205 0100,2706394,,AF
ORO,D,15,STORAGE,19961205 0000,19961206 0100,2730781,,AF
ORO,D,15,STORAGE,19961206 0000,19961207 0100,2738022,,AF
ORO,D,15,STORAGE,19961207 0000,19961208 0100,2750692,,AF
ORO,D,15,STORAGE,19961208 0000,19961209 0100,2765128,,AF
ORO,D,15,STORAGE,19961209 0000,19961210 0100,2783614,,AF
ORO,D,15,STORAGE,19961210 0000,19961211 0100,2851232,,AF
ORO,D,15,STORAGE,19961211 0000,19961212 0100,2875026,,AF
ORO,D,15,STORAGE,19961212 0000,19961213 0100,2881576,,AF
ORO,D,15,STORAGE,19961213 0000,19961214 0100,2877072,,AF
ORO,D,15,STORAGE,19961214 0000,19961215 0100,2854623,,AF
ORO,D,15,STORAGE,19961215 0000,19961216 0100,2824075,,AF
ORO,D,15,STORAGE,19961216 0000,19961217 0100,2799909,,AF
ORO,D,15,STORAGE,19961217 0000,19961218 0100,2787214,,AF
ORO,D,15,STORAGE,19961218 0000,19961219 0100,2770970,,AF
ORO,D,15,STORAGE,19961219 0000,19961220 0100,2755851,r,AF
ORO,D,15,STORAGE,19961220 0000,19961221 0100,2738945,,AF
ORO,D,15,STORAGE,19961221 0000,19961222 0100,2725130,,AF
ORO,D,15,STORAGE,19961222 0000,19961223 0100,2711495,,AF
ORO,D,15,STORAGE,19961223 0000,19961224 0100,2699213,,AF
ORO,D,15,STORAGE,19961224 0000,19961225 0100,2686709,,AF
ORO,D,15,STORAGE,19961225 0000,19961226 0100,2679824,,AF
ORO,D,15,STORAGE,19961226 0000,19961227 0100,2687750,,AF
ORO,D,15,STORAGE,19961227 0000,19961228 0100,2707440,,AF
ORO,D,15,STORAGE,19961228 0000,19961229 0100,2685798,,AF
ORO,D,15,STORAGE,19961229 0000,19961230 0100,2672417,,AF
ORO,D,15,STORAGE,19961230 0000,19961231 0100,2742109,,AF
ORO,D,15,STORAGE,19961231 0000,19970101 0100,2929245,,AF
ORO,D,15,STORAGE,19970101 0000,19970102 0100,3226289,,AF
ORO,D,15,STORAGE,19970102 0000,19970103 0100,3332554,,AF
ORO,D,15,STORAGE,19970103 0000,19970104 0100,3314870,,AF
ORO,D,15,STORAGE,19970104 0000,19970105 0100,3235896,,AF
ORO,D,15,STORAGE,19970105 0000,19970106 0100,3138097,,AF
ORO,D,15,STORAGE,19970106 0000,19970107 0100,3038848,,AF
ORO,D,15,STORAGE,19970107 0000,19970108 0100,2956276,,AF
ORO,D,15,STORAGE,19970108 0000,19970109 0100,2897314,,AF
ORO,D,15,STORAGE,19970109 0000,19970110 0100,2846355,,AF
ORO,D,15,STORAGE,19970110 0000,19970111 0100,2804061,,AF
ORO,D,15,STORAGE,19970111 0000,19970112 0100,2775756,,AF
ORO,D,15,STORAGE,19970112 0000,19970113 0100,2759029,,AF
ORO,D,15,STORAGE,19970113 0000,19970114 0100,2743692,,AF
ORO,D,15,STORAGE,19970114 0000,19970115 0100,2726969,,AF
ORO,D,15,STORAGE,19970115 0000,19970116 0100,2714114,,AF
ORO,D,15,STORAGE,19970116 0000,19970117 0100,2704304,,AF
ORO,D,15,STORAGE,19970117 0000,19970118 0100,2699082,,AF
ORO,D,15,STORAGE,19970118 0000,19970119 0100,2693607,,AF
ORO,D,15,STORAGE,19970119 0000,19970120 0100,2689050,,AF
ORO,D,15,STORAGE,19970120 0000,19970121 0100,2689310,,AF
ORO,D,15,STORAGE,19970121 0000,19970122 0100,2689571,,AF
ORO,D,15,STORAGE,19970122 0000,19970123 0100,2716603,,AF
ORO,D,15,STORAGE,19970123 0000,19970124 0100,2724998,,AF
ORO,D,15,STORAGE,19970124 0000,19970125 0100,2704435,,AF
ORO,D,15,STORAGE,19970125 0000,19970126 0100,2740526,,AF
ORO,D,15,STORAGE,19970126 0000,19970127 0100,2832432,,AF
ORO,D,15,STORAGE,19970127 0000,19970128 0100,2872436,,AF
ORO,D,15,STORAGE,19970128 0000,19970129 0100,2883352,,AF
ORO,D,15,STORAGE,19970129 0000,19970130 0100,2882533,,AF
ORO,D,15,STORAGE,19970130 0000,19970131 0100,2874890,,AF
ORO,D,15,STORAGE,19970131 0000,19970201 0100,2859918,,AF
ORO,D,15,STORAGE,19970201 0000,19970202 0100,2841348,,AF
ORO,D,15,STORAGE,19970202 0000,19970203 0100,2821652,,AF
ORO,D,15,STORAGE,19970203 0000,19970204 0100,2797635,,AF
ORO,D,15,STORAGE,19970204 0000,19970205 0100,2770571,,AF
ORO,D,15,STORAGE,19970205 0000,19970206 0100,2743560,,AF
ORO,D,15,STORAGE,19970206 0000,19970207 0100,2717651,,AF
ORO,D,15,STORAGE,19970207 0000,19970208 0100,2697909,,AF
ORO,D,15,STORAGE,19970208 0000,19970209 0100,2676178,,AF
ORO,D,15,STORAGE,19970209 0000,19970210 0100,2658055,,AF
ORO,D,15,STORAGE,19970210 0000,19970211 0100,2643746,,AF
ORO,D,15,STORAGE,19970211 0000,19970212 0100,2632312,,AF
ORO,D,15,STORAGE,19970212 0000,19970213 0100,2624751,,AF
ORO,D,15,STORAGE,19970213 0000,19970214 0100,2620785,,AF
ORO,D,15,STORAGE,19970214 0000,19970215 0100,2619250,,AF
ORO,D,15,STORAGE,19970215 0000,19970216 0100,2621936,,AF
ORO,D,15,STORAGE,19970216 0000,19970217 0100,2632825,,AF
ORO,D,15,STORAGE,19970217 0000,19970218 0100,2638474,,AF
ORO,D,15,STORAGE,19970218 0000,19970219 0100,2645419,,AF
ORO,D,15,STORAGE,19970219 0000,19970220 0100,2656506,,AF
ORO,D,15,STORAGE,19970220 0000,19970221 0100,2665424,,AF
ORO,D,15,STORAGE,19970221 0000,19970222 0100,2674362,,AF
ORO,D,15,STORAGE,19970222 0000,19970223 0100,2683720,,AF
ORO,D,15,STORAGE,19970223 0000,19970224 0100,2694389,,AF
ORO,D,15,STORAGE,19970224 0000,19970225 0100,2694389,,AF
ORO,D,15,STORAGE,19970225 0000,19970226 0100,2692956,,AF
ORO,D,15,STORAGE,19970226 0000,19970227 0100,2689961,,AF
ORO,D,15,STORAGE,19970227 0000,19970228 0100,2684759,,AF
ORO,D,15,STORAGE,19970228 0000,19970301 0100,2675660,,AF
ORO,D,15,STORAGE,19970301 0000,19970302 0100,2672806,,AF
ORO,D,15,STORAGE,19970302 0000,19970302 0000,2675270,,AF
ORO,D,15,STORAGE,19970303 0000,19970304 0100,2670344,,AF
ORO,D,15,STORAGE,19970304 0000,19970305 0100,2664259,,AF
ORO,D,15,STORAGE,19970305 0000,19970306 0100,2657022,,AF
ORO,D,15,STORAGE,19970306 0000,19970307 0100,2660251,,AF
ORO,D,15,STORAGE,19970307 0000,19970308 0100,2666200,,AF
ORO,D,15,STORAGE,19970308 0000,19970309 0100,2676968,,AF
ORO,D,15,STORAGE,19970309 0000,19970310 0100,2686969,,AF
ORO,D,15,STORAGE,19970310 0000,19970311 0100,2688920,,AF
ORO,D,15,STORAGE,19970311 0000,19970312 0100,2697517,,AF
ORO,D,15,STORAGE,19970312 0000,19970313 0100,2703520,,AF
ORO,D,15,STORAGE,19970313 0000,19970314 0100,2712280,,AF
ORO,D,15,STORAGE,19970314 0000,19970315 0100,2722373,,AF
ORO,D,15,STORAGE,19970315 0000,19970316 0100,2733018,,AF
ORO,D,15,STORAGE,19970316 0000,19970317 0100,2749635,,AF
ORO,D,15,STORAGE,19970317 0000,19970318 0100,2764995,,AF
ORO,D,15,STORAGE,19970318 0000,19970319 0100,2779084,,AF
ORO,D,15,STORAGE,19970319 0000,19970319 0100,2790281,,AF
ORO,D,15,STORAGE,19970320 0000,19970321 0100,2800980,,AF
ORO,D,15,STORAGE,19970321 0000,19970322 0100,2815466,,AF
ORO,D,15,STORAGE,19970322 0000,19970323 0100,2836077,,AF
ORO,D,15,STORAGE,19970323 0000,19970324 0100,2856252,,AF
ORO,D,15,STORAGE,19970324 0000,19970325 0100,2871210,,AF
ORO,D,15,STORAGE,19970325 0000,19970326 0100,2885950,,AF
ORO,D,15,STORAGE,19970326 0000,19970327 0100,2899371,,AF
ORO,D,15,STORAGE,19970327 0000,19970328 0100,2909946,,AF
ORO,D,15,STORAGE,19970328 0000,19970329 0100,2923584,,AF
ORO,D,15,STORAGE,19970329 0000,19970330 0100,2939621,,AF
ORO,D,15,STORAGE,19970330 0000,19970331 0100,2956971,,AF
ORO,D,15,STORAGE,19970331 0000,19970401 0100,2961702,,AF
ORO,D,15,STORAGE,19970401 0000,19970401 0000,2969508,,AF
ORO,D,15,STORAGE,19970402 0000,19970403 0100,2972857,,AF
ORO,D,15,STORAGE,19970403 0000,19970404 0100,2977048,,AF
ORO,D,15,STORAGE,19970404 0000,19970405 0100,2989924,,AF
ORO,D,15,STORAGE,19970405 0000,19970406 0000,3006217,,AF
ORO,D,15,STORAGE,19970406 0000,19970407 0000,3020171,,AF
ORO,D,15,STORAGE,19970407 0000,19970408 0000,3024691,,AF
ORO,D,15,STORAGE,19970408 0000,19970409 0000,3030772,,AF
ORO,D,15,STORAGE,19970409 0000,19970410 0000,3036012,,AF
ORO,D,15,STORAGE,19970410 0000,19970411 0000,3036862,,AF
ORO,D,15,STORAGE,19970411 0000,19970412 0000,3039698,,AF
ORO,D,15,STORAGE,19970412 0000,19970413 0000,3054616,,AF
ORO,D,15,STORAGE,19970413 0000,19970414 0000,3068728,,AF
ORO,D,15,STORAGE,19970414 0000,19970415 0000,3071012,,AF
ORO,D,15,STORAGE,19970415 0000,19970416 0000,3076016,,AF
ORO,D,15,STORAGE,19970416 0000,19970417 0000,3080595,,AF
ORO,D,15,STORAGE,19970417 0000,19970418 0000,3086039,,AF
ORO,D,15,STORAGE,19970418 0000,19970419 0000,3094074,,AF
ORO,D,15,STORAGE,19970419 0000,19970420 0000,3120291,,AF
ORO,D,15,STORAGE,19970420 0000,19970421 0000,3140418,,AF
ORO,D,15,STORAGE,19970421 0000,19970422 0000,3147972,,AF
ORO,D,15,STORAGE,19970422 0000,19970423 0000,3157286,,AF
ORO,D,15,STORAGE,19970423 0000,19970424 0000,3167058,,AF
ORO,D,15,STORAGE,19970424 0000,19970425 0000,3176120,,AF
ORO,D,15,STORAGE,19970425 0000,19970426 0000,3185932,,AF
ORO,D,15,STORAGE,19970426 0000,19970426 0000,3197972,,AF
ORO,D,15,STORAGE,19970427 0000,19970427 0000,3207539,,AF
ORO,D,15,STORAGE,19970428 0000,19970429 0000,3207834,,AF
ORO,D,15,STORAGE,19970429 0000,19970430 0000,3216239,,AF
ORO,D,15,STORAGE,19970430 0000,19970430 0000,3222296,,AF
ORO,D,15,STORAGE,19970501 0000,19970502 0000,3225401,,AF
ORO,D,15,STORAGE,19970502 0000,19970503 0000,3224957,,AF
ORO,D,15,STORAGE,19970503 0000,19970504 0000,3233080,,AF
ORO,D,15,STORAGE,19970504 0000,19970505 0000,3241237,,AF
ORO,D,15,STORAGE,19970505 0000,19970506 0000,3235303,,AF
ORO,D,15,STORAGE,19970506 0000,19970507 0000,3231746,,AF
ORO,D,15,STORAGE,19970507 0000,19970508 0000,3229840,,AF
ORO,D,15,STORAGE,19970508 0000,19970509 0000,3230432,,AF
ORO,D,15,STORAGE,19970509 0000,19970510 0000,3233969,,AF
ORO,D,15,STORAGE,19970510 0000,19970511 0000,3241089,,AF
ORO,D,15,STORAGE,19970511 0000,19970512 0000,3250600,,AF
ORO,D,15,STORAGE,19970512 0000,19970513 0000,3244653,,AF
ORO,D,15,STORAGE,19970513 0000,19970514 0000,3241980,,AF
ORO,D,15,STORAGE,19970514 0000,19970515 0000,3237972,,AF
ORO,D,15,STORAGE,19970515 0000,19970516 0000,3231598,,AF
ORO,D,15,STORAGE,19970516 0000,19970516 0000,3226732,,AF
ORO,D,15,STORAGE,19970517 0000,19970517 0000,3225401,,AF
ORO,D,15,STORAGE,19970518 0000,19970518 0000,3235303,,AF
ORO,D,15,STORAGE,19970519 0000,19970520 0000,3233080,,AF
ORO,D,15,STORAGE,19970520 0000,19970521 0000,3234117,,AF
ORO,D,15,STORAGE,19970521 0000,19970522 0000,3226584,,AF
ORO,D,15,STORAGE,19970522 0000,19970523 0000,3218750,,AF
ORO,D,15,STORAGE,19970523 0000,19970524 0000,3213288,,AF
ORO,D,15,STORAGE,19970524 0000,19970525 0000,3217126,,AF
ORO,D,15,STORAGE,19970525 0000,19970526 0000,3223330,,AF
ORO,D,15,STORAGE,19970526 0000,19970527 0000,3229396,,AF
ORO,D,15,STORAGE,19970527 0000,19970528 0000,3218012,,AF
ORO,D,15,STORAGE,19970528 0000,19970529 0000,3206212,,AF
ORO,D,15,STORAGE,19970529 0000,19970530 0000,3194886,,AF
ORO,D,15,STORAGE,19970530 0000,19970531 0000,3185200,,AF
ORO,D,15,STORAGE,19970531 0000,19970601 0000,3187253,,AF
ORO,D,15,STORAGE,19970601 0000,19970602 0000,3194592,,AF
ORO,D,15,STORAGE,19970602 0000,19970603 0000,3191068,,AF
ORO,D,15,STORAGE,19970603 0000,19970604 0000,3185493,,AF
ORO,D,15,STORAGE,19970604 0000,19970605 0000,3177876,,AF
ORO,D,15,STORAGE,19970605 0000,19970606 0000,3174657,,AF
ORO,D,15,STORAGE,19970606 0000,19970607 0000,3166182,,AF
ORO,D,15,STORAGE,19970607 0000,19970608 0000,3167204,,AF
ORO,D,15,STORAGE,19970608 0000,19970609 0000,3175973,,AF
ORO,D,15,STORAGE,19970609 0000,19970610 0000,3165306,,AF
ORO,D,15,STORAGE,19970610 0000,19970611 0000,3161076,,AF
ORO,D,15,STORAGE,19970611 0000,19970612 0000,3153792,,AF
ORO,D,15,STORAGE,19970612 0000,19970613 0000,3148118,,AF
ORO,D,15,STORAGE,19970613 0000,19970614 0000,3142451,,AF
ORO,D,15,STORAGE,19970614 0000,19970615 0000,3138677,,AF
ORO,D,15,STORAGE,19970615 0000,19970616 0000,3138242,,AF
ORO,D,15,STORAGE,19970616 0000,19970617 0000,3128678,,AF
ORO,D,15,STORAGE,19970617 0000,19970618 0000,3118846,,AF
ORO,D,15,STORAGE,19970618 0000,19970618 0100,3107299,,AF
ORO,D,15,STORAGE,19970619 0000,19970620 0000,3093356,,AF
ORO,D,15,STORAGE,19970620 0000,19970621 0000,3083316,,AF
ORO,D,15,STORAGE,19970621 0000,19970622 0000,3075301,,AF
ORO,D,15,STORAGE,19970622 0000,19970623 0000,3082314,,AF
ORO,D,15,STORAGE,19970623 0000,19970624 0000,3070298,,AF
ORO,D,15,STORAGE,19970624 0000,19970625 0000,3055042,,AF
ORO,D,15,STORAGE,19970625 0000,19970626 0000,3039556,,AF
ORO,D,15,STORAGE,19970626 0000,19970627 0000,3022854,,AF
ORO,D,15,STORAGE,19970627 0000,19970628 0000,3006076,,AF
ORO,D,15,STORAGE,19970628 0000,19970629 0000,2996518,,AF
ORO,D,15,STORAGE,19970629 0000,19970630 0000,2987402,,AF
ORO,D,15,STORAGE,19970630 0000,19970701 0000,2969646,,AF
ORO,D,15,STORAGE,19970701 0000,19970702 0000,2950577,,AF
ORO,D,15,STORAGE,19970702 0000,19970703 0000,2928278,,AF
ORO,D,15,STORAGE,19970703 0000,19970704 0000,2906372,,AF
ORO,D,15,STORAGE,19970704 0000,19970705 0000,2891833,,AF
ORO,D,15,STORAGE,19970705 0000,19970706 0000,2878300,,AF
ORO,D,15,STORAGE,19970706 0000,19970707 0000,2866717,,AF
ORO,D,15,STORAGE,19970707 0000,19970708 0000,2851368,,AF
ORO,D,15,STORAGE,19970708 0000,19970709 0000,2830678,,AF
ORO,D,15,STORAGE,19970709 0000,19970710 0000,2811840,,AF
ORO,D,15,STORAGE,19970710 0000,19970711 0000,2793089,,AF
ORO,D,15,STORAGE,19970711 0000,19970712 0000,2774160,,AF
ORO,D,15,STORAGE,19970712 0000,19970713 0000,2762200,,AF
ORO,D,15,STORAGE,19970713 0000,19970714 0000,2737626,r,AF
ORO,D,15,STORAGE,19970714 0000,19970715 0000,2729730,,AF
ORO,D,15,STORAGE,19970715 0000,19970716 0000,2710187,,AF
ORO,D,15,STORAGE,19970716 0000,19970717 0000,2689180,,AF
ORO,D,15,STORAGE,19970717 0000,19970718 0000,2669400,,AF
ORO,D,15,STORAGE,19970718 0000,19970719 0000,2648381,,AF
ORO,D,15,STORAGE,19970719 0000,19970720 0000,2637575,,AF
ORO,D,15,STORAGE,19970720 0000,19970721 0000,2636548,,AF
ORO,D,15,STORAGE,19970721 0000,19970722 0000,2619122,,AF
ORO,D,15,STORAGE,19970722 0000,19970723 0000,2597836,,AF
ORO,D,15,STORAGE,19970723 0000,19970724 0000,2576038,,AF
ORO,D,15,STORAGE,19970724 0000,19970725 0000,2552484,,AF
ORO,D,15,STORAGE,19970725 0000,19970726 0000,2531953,,AF
ORO,D,15,STORAGE,19970726 0000,19970727 0000,2514268,,AF
ORO,D,15,STORAGE,19970727 0000,19970728 0000,2515138,,AF
ORO,D,15,STORAGE,19970728 0000,19970729 0000,2497784,,AF
ORO,D,15,STORAGE,19970729 0000,19970730 0000,2479898,,AF
ORO,D,15,STORAGE,19970730 0000,19970731 0000,2460389,,AF
ORO,D,15,STORAGE,19970731 0000,19970801 0000,2441597,,AF
ORO,D,15,STORAGE,19970801 0000,19970802 0000,2421133,,AF
ORO,D,15,STORAGE,19970802 0000,19970803 0000,2405208,,AF
ORO,D,15,STORAGE,19970803 0000,19970804 0000,2408098,,AF
ORO,D,15,STORAGE,19970804 0000,19970805 0000,2390554,,AF
ORO,D,15,STORAGE,19970805 0000,19970806 0000,2372739,,AF
ORO,D,15,STORAGE,19970806 0000,19970807 0000,2355018,,AF
ORO,D,15,STORAGE,19970807 0000,19970808 0000,2337035,,AF
ORO,D,15,STORAGE,19970808 0000,19970809 0000,2319147,,AF
ORO,D,15,STORAGE,19970809 0000,19970810 0000,2320086,,AF
ORO,D,15,STORAGE,19970810 0000,19970811 0000,2332907,,AF
ORO,D,15,STORAGE,19970811 0000,19970812 0000,2320791,,AF
ORO,D,15,STORAGE,19970812 0000,19970813 0000,2305677,,AF
ORO,D,15,STORAGE,19970813 0000,19970814 0000,2291447,,AF
ORO,D,15,STORAGE,19970814 0000,19970815 0000,2279713,,AF
ORO,D,15,STORAGE,19970815 0000,19970816 0000,2267558,,AF
ORO,D,15,STORAGE,19970816 0000,19970817 0000,2264787,,AF
ORO,D,15,STORAGE,19970817 0000,19970818 0000,2279481,,AF
ORO,D,15,STORAGE,19970818 0000,19970819 0000,2269639,,AF
ORO,D,15,STORAGE,19970819 0000,19970820 0000,2254759,,AF
ORO,D,15,STORAGE,19970820 0000,19970821 0000,2241322,,AF
ORO,D,15,STORAGE,19970821 0000,19970822 0000,2229654,,AF
ORO,D,15,STORAGE,19970822 0000,19970823 0000,2218940,,AF
ORO,D,15,STORAGE,19970823 0000,19970824 0000,2217915,,AF
ORO,D,15,STORAGE,19970824 0000,19970825 0000,2228627,,AF
ORO,D,15,STORAGE,19970825 0000,19970826 0000,2219622,,AF
ORO,D,15,STORAGE,19970826 0000,19970827 0000,2206106,,AF
ORO,D,15,STORAGE,19970827 0000,19970828 0000,2191400,,AF
ORO,D,15,STORAGE,19970828 0000,19970829 0000,2184200,,AF
ORO,D,15,STORAGE,19970829 0000,19970830 0000,2187700,,AF
ORO,D,15,STORAGE,19970830 0000,19970831 0000,2194800,,AF
ORO,D,15,STORAGE,19970831 0000,19970901 0000,2201800,,AF
ORO,D,15,STORAGE,19970901 0000,19970902 0000,2204628,,AF
ORO,D,15,STORAGE,19970902 0000,19970903 0000,2195245,,AF
ORO,D,15,STORAGE,19970903 0000,19970904 0000,2190843,,AF
ORO,D,15,STORAGE,19970904 0000,19970905 0000,2185772,,AF
ORO,D,15,STORAGE,19970905 0000,19970906 0000,2181496,,AF
ORO,D,15,STORAGE,19970906 0000,19970907 0000,2188476,,AF
ORO,D,15,STORAGE,19970907 0000,19970908 0000,2192600,,AF
ORO,D,15,STORAGE,19970908 0000,19970909 0000,2183183,,AF
ORO,D,15,STORAGE,19970909 0000,19970910 0000,2179136,,AF
ORO,D,15,STORAGE,19970910 0000,19970911 0000,2173075,,AF
ORO,D,15,STORAGE,19970911 0000,19970912 0000,2169152,,AF
ORO,D,15,STORAGE,19970912 0000,19970913 0000,2163781,,AF
ORO,D,15,STORAGE,19970913 0000,19970914 0000,2170608,,AF
ORO,D,15,STORAGE,19970914 0000,19970915 0000,2173299,,AF
ORO,D,15,STORAGE,19970915 0000,19970916 0000,2173299,,AF
ORO,D,15,STORAGE,19970916 0000,19970917 0000,2169712,,AF
ORO,D,15,STORAGE,19970917 0000,19970918 0000,2167025,,AF
ORO,D,15,STORAGE,19970918 0000,19970919 0000,2162775,,AF
ORO,D,15,STORAGE,19970919 0000,19970920 0000,2156746,,AF
ORO,D,15,STORAGE,19970920 0000,19970921 0000,2164228,,AF
ORO,D,15,STORAGE,19970921 0000,19970922 0000,2171393,,AF
ORO,D,15,STORAGE,19970922 0000,19970923 0000,2162663,,AF
ORO,D,15,STORAGE,19970923 0000,19970924 0000,2158754,,AF
ORO,D,15,STORAGE,19970924 0000,19970925 0000,2151731,,AF
ORO,D,15,STORAGE,19970925 0000,19970926 0000,2147836,,AF
ORO,D,15,STORAGE,19970926 0000,19970927 0000,2148280,,AF
ORO,D,15,STORAGE,19970927 0000,19970928 0000,2155408,,AF
ORO,D,15,STORAGE,19970928 0000,19970929 0000,2159648,,AF
ORO,D,15,STORAGE,19970929 0000,19970930 0000,2152510,,AF
ORO,D,15,STORAGE,19970930 0000,19971001 0000,2139617,,AF
ORO,D,15,STORAGE,19971001 0000,19971002 0000,2131199,,AF
ORO,D,15,STORAGE,19971002 0000,19971003 0000,2124129,,AF
ORO,D,15,STORAGE,19971003 0000,19971004 0000,2115864,,AF
ORO,D,15,STORAGE,19971004 0000,19971005 0000,2113444,,AF
ORO,D,15,STORAGE,19971005 0000,19971006 0000,2109818,,AF
ORO,D,15,STORAGE,19971006 0000,19971007 0000,2103784,,AF
ORO,D,15,STORAGE,19971007 0000,19971008 0000,2098528,,AF
ORO,D,15,STORAGE,19971008 0000,19971009 0000,2095139,,AF
ORO,D,15,STORAGE,19971009 0000,19971010 0000,2093828,,AF
ORO,D,15,STORAGE,19971010 0000,19971011 0000,2089244,,AF
ORO,D,15,STORAGE,19971011 0000,19971012 0000,2089462,,AF
ORO,D,15,STORAGE,19971012 0000,19971013 0000,2091208,,AF
ORO,D,15,STORAGE,19971013 0000,19971014 0000,2090226,,AF
ORO,D,15,STORAGE,19971014 0000,19971015 0000,2085974,,AF
ORO,D,15,STORAGE,19971015 0000,19971016 0000,2080424,,AF
ORO,D,15,STORAGE,19971016 0000,19971017 0000,2076624,,AF
ORO,D,15,STORAGE,19971017 0000,19971018 0000,2070655,,AF
ORO,D,15,STORAGE,19971018 0000,19971019 0000,2073040,,AF
ORO,D,15,STORAGE,19971019 0000,19971020 0000,2080750,,AF
ORO,D,15,STORAGE,19971020 0000,19971021 0000,2076513,,AF
ORO,D,15,STORAGE,19971021 0000,19971022 0000,2069572,,AF
ORO,D,15,STORAGE,19971022 0000,19971023 0000,2062972,,AF
ORO,D,15,STORAGE,19971023 0000,19971024 0000,2056710,,AF
ORO,D,15,STORAGE,19971024 0000,19971025 0000,2051107,,AF
ORO,D,15,STORAGE,19971025 0000,19971026 0100,2050677,,AF
ORO,D,15,STORAGE,19971026 0000,19971027 0100,2056710,,AF
ORO,D,15,STORAGE,19971027 0000,19971028 0100,2052614,,AF
ORO,D,15,STORAGE,19971028 0000,19971029 0100,2045194,,AF
ORO,D,15,STORAGE,19971029 0000,19971030 0100,2042402,,AF
ORO,D,15,STORAGE,19971030 0000,19971031 0100,2037256,,AF
ORO,D,15,STORAGE,19971031 0000,19971101 0100,2032013,,AF
ORO,D,15,STORAGE,19971101 0000,19971102 0100,2035864,,AF
ORO,D,15,STORAGE,19971102 0000,19971103 0100,2041651,,AF
ORO,D,15,STORAGE,19971103 0000,19971104 0100,2038435,,AF
ORO,D,15,STORAGE,19971104 0000,19971105 0100,2036721,,AF
ORO,D,15,STORAGE,19971105 0000,19971106 0100,2031371,,AF
ORO,D,15,STORAGE,19971106 0000,19971107 0100,2026885,,AF
ORO,D,15,STORAGE,19971107 0000,19971108 0100,2023726,,AF
ORO,D,15,STORAGE,19971108 0000,19971109 0100,2027846,,AF
ORO,D,15,STORAGE,19971109 0000,19971110 0100,2033082,,AF
ORO,D,15,STORAGE,19971110 0000,19971111 0100,2030409,,AF
ORO,D,15,STORAGE,19971111 0000,19971112 0100,2026885,,AF
ORO,D,15,STORAGE,19971112 0000,19971113 0100,2024858,,AF
ORO,D,15,STORAGE,19971113 0000,19971114 0100,2019957,,AF
ORO,D,15,STORAGE,19971114 0000,19971115 0100,2014958,,AF
ORO,D,15,STORAGE,19971115 0000,19971116 0100,2014746,,AF
ORO,D,15,STORAGE,19971116 0000,19971117 0100,2023046,,AF
ORO,D,15,STORAGE,19971117 0000,19971118 0100,2016340,,AF
ORO,D,15,STORAGE,19971118 0000,19971119 0100,2010498,,AF
ORO,D,15,STORAGE,19971119 0000,19971120 0100,2006469,,AF
ORO,D,15,STORAGE,19971120 0000,19971121 0100,2005727,,AF
ORO,D,15,STORAGE,19971121 0000,19971122 0100,2002129,,AF
ORO,D,15,STORAGE,19971122 0000,19971123 0100,2007317,,AF
ORO,D,15,STORAGE,19971123 0000,19971124 0100,2018042,,AF
ORO,D,15,STORAGE,19971124 0000,19971125 0100,2014958,,AF
ORO,D,15,STORAGE,19971125 0000,19971126 0100,2014746,,AF
ORO,D,15,STORAGE,19971126 0000,19971127 0100,2024858,,AF
ORO,D,15,STORAGE,19971127 0000,19971128 0100,2035329,,AF
ORO,D,15,STORAGE,19971128 0000,19971129 0100,2043798,,AF
ORO,D,15,STORAGE,19971129 0000,19971130 0100,2052830,,AF
ORO,D,15,STORAGE,19971130 0000,19971201 0100,2061890,,AF
ORO,D,15,STORAGE,19971201 0000,19971202 0100,2057573,,AF
ORO,D,15,STORAGE,19971202 0000,19971203 0100,2056710,,AF
ORO,D,15,STORAGE,19971203 0000,19971204 0100,2059191,,AF
ORO,D,15,STORAGE,19971204 0000,19971205 0100,2060271,,AF
ORO,D,15,STORAGE,19971205 0000,19971206 0100,2058543,,AF
ORO,D,15,STORAGE,19971206 0000,19971207 0100,2065133,,AF
ORO,D,15,STORAGE,19971207 0000,19971208 0100,2088481,,AF
ORO,D,15,STORAGE,19971208 0000,19971209 0100,2094702,,AF
ORO,D,15,STORAGE,19971209 0000,19971210 0100,2100170,,AF
ORO,D,15,STORAGE,19971210 0000,19971211 0100,2104223,,AF
ORO,D,15,STORAGE,19971211 0000,19971212 0100,2109270,,AF
ORO,D,15,STORAGE,19971212 0000,19971213 0100,2114984,,AF
ORO,D,15,STORAGE,19971213 0000,19971214 0100,2125894,,AF
ORO,D,15,STORAGE,19971214 0000,19971215 0100,2138619,,AF
ORO,D,15,STORAGE,19971215 0000,19971216 0100,2145390,,AF
ORO,D,15,STORAGE,19971216 0000,19971217 0100,2150729,,AF
ORO,D,15,STORAGE,19971217 0000,19971218 0100,2155631,,AF
ORO,D,15,STORAGE,19971218 0000,19971219 0100,2162440,,AF
ORO,D,15,STORAGE,19971219 0000,19971220 0100,2168368,,AF
ORO,D,15,STORAGE,19971220 0000,19971221 0100,2179136,,AF
ORO,D,15,STORAGE,19971221 0000,19971222 0100,2189828,,AF
ORO,D,15,STORAGE,19971222 0000,19971223 0100,2192310,,AF
ORO,D,15,STORAGE,19971223 0000,19971224 0100,2196149,,AF
ORO,D,15,STORAGE,19971224 0000,19971225 0100,2199653,,AF
ORO,D,15,STORAGE,19971225 0000,19971226 0100,2210870,,AF
ORO,D,15,STORAGE,19971226 0000,19971227 0100,2210870,,AF
ORO,D,15,STORAGE,19971227 0000,19971228 0100,2222469,,AF
ORO,D,15,STORAGE,19971228 0000,19971229 0100,2233196,,AF
ORO,D,15,STORAGE,19971229 0000,19971230 0100,2232510,,AF
ORO,D,15,STORAGE,19971230 0000,19971231 0100,2228970,,AF
ORO,D,15,STORAGE,19971231 0000,19980101 0100,2225660,,AF
ORO,D,15,STORAGE,19980101 0000,19980102 0100,2232624,,AF
ORO,D,15,STORAGE,19980102 0000,19980103 0100,2233882,,AF
ORO,D,15,STORAGE,19980103 0000,19980104 0100,2252574,,AF
ORO,D,15,STORAGE,19980104 0000,19980105 0100,2272183,,AF
ORO,D,15,STORAGE,19980105 0000,19980106 0100,2272530,,AF
ORO,D,15,STORAGE,19980106 0000,19980107 0100,2276467,,AF
ORO,D,15,STORAGE,19980107 0000,19980108 0100,2280292,,AF
ORO,D,15,STORAGE,19980108 0000,19980109 0100,2281568,,AF
ORO,D,15,STORAGE,19980109 0000,19980110 0100,2278554,,AF
ORO,D,15,STORAGE,19980110 0000,19980111 0100,2295406,,AF
ORO,D,15,STORAGE,19980111 0000,19980112 0100,2335029,,AF
ORO,D,15,STORAGE,19980112 0000,19980113 0100,2399523,,AF
ORO,D,15,STORAGE,19980113 0000,19980114 0100,2436003,,AF
ORO,D,15,STORAGE,19980114 0000,19980115 0100,2462470,,AF
ORO,D,15,STORAGE,19980115 0000,19980116 0100,2503848,,AF
ORO,D,15,STORAGE,19980116 0000,19980117 0100,2526464,,AF
ORO,D,15,STORAGE,19980117 0000,19980118 0100,2575028,,AF
ORO,D,15,STORAGE,19980118 0000,19980119 0100,2612864,,AF
ORO,D,15,STORAGE,19980119 0000,19980120 0100,2644647,,AF
ORO,D,15,STORAGE,19980120 0000,19980121 0100,2657280,,AF
ORO,D,15,STORAGE,19980121 0000,19980122 0100,2653408,,AF
ORO,D,15,STORAGE,19980122 0000,19980123 0100,2647350,,AF
ORO,D,15,STORAGE,19980123 0000,19980124 0100,2640800,,AF
ORO,D,15,STORAGE,19980124 0000,19980125 0100,2631927,,AF
ORO,D,15,STORAGE,19980125 0000,19980126 0100,2621680,,AF
ORO,D,15,STORAGE,19980126 0000,19980127 0100,2619000,,AF
ORO,D,15,STORAGE,19980127 0000,19980128 0100,2616600,,AF
ORO,D,15,STORAGE,19980128 0000,19980129 0100,2621800,,AF
ORO,D,15,STORAGE,19980129 0000,19980130 0100,2635100,,AF
ORO,D,15,STORAGE,19980130 0000,19980131 0100,2646449,,AF
ORO,D,15,STORAGE,19980131 0000,19980201 0100,2654963,,AF
ORO,D,15,STORAGE,19980201 0000,19980202 0100,2678136,,AF
ORO,D,15,STORAGE,19980202 0000,19980203 0100,2694779,,AF
ORO,D,15,STORAGE,19980203 0000,19980204 0100,2762608,,AF
ORO,D,15,STORAGE,19980204 0000,19980205 0100,2772299,,AF
ORO,D,15,STORAGE,19980205 0000,19980206 0100,2768180,,AF
ORO,D,15,STORAGE,19980206 0000,19980207 0100,2778018,,AF
ORO,D,15,STORAGE,19980207 0000,19980208 0100,2792154,,AF
ORO,D,15,STORAGE,19980208 0000,19980209 0100,2793222,,AF
ORO,D,15,STORAGE,19980209 0000,19980210 0100,2780815,,AF
ORO,D,15,STORAGE,19980210 0000,19980211 0100,2763005,,AF
ORO,D,15,STORAGE,19980211 0000,19980212 0100,2744616,,AF
ORO,D,15,STORAGE,19980212 0000,19980213 0100,2725261,,AF
ORO,D,15,STORAGE,19980213 0000,19980214 0100,2707048,,AF
ORO,D,15,STORAGE,19980214 0000,19980215 0100,2710448,,AF
ORO,D,15,STORAGE,19980215 0000,19980216 0100,2716864,,AF
ORO,D,15,STORAGE,19980216 0000,19980217 0100,2717651,,AF
ORO,D,15,STORAGE,19980217 0000,19980218 0100,2716209,,AF
ORO,D,15,STORAGE,19980218 0000,19980219 0100,2710841,,AF
ORO,D,15,STORAGE,19980219 0000,19980220 0100,2713459,,AF
ORO,D,15,STORAGE,19980220 0000,19980221 0100,2714375,,AF
ORO,D,15,STORAGE,19980221 0000,19980222 0100,2721716,,AF
ORO,D,15,STORAGE,19980222 0000,19980223 0100,2727364,,AF
ORO,D,15,STORAGE,19980223 0000,19980224 0100,2729730,,AF
ORO,D,15,STORAGE,19980224 0000,19980225 0100,2731570,,AF
ORO,D,15,STORAGE,19980225 0000,19980226 0100,2729466,,AF
ORO,D,15,STORAGE,19980226 0000,19980227 0100,2725261,,AF
ORO,D,15,STORAGE,19980227 0000,19980228 0100,2721979,,AF
ORO,D,15,STORAGE,19980228 0000,19980301 0100,2713852,,AF
ORO,D,15,STORAGE,19980301 0000,19980302 0100,2706134,,AF
ORO,D,15,STORAGE,19980302 0000,19980303 0100,2698691,,AF
ORO,D,15,STORAGE,19980303 0000,19980304 0100,2691394,,AF
ORO,D,15,STORAGE,19980304 0000,19980305 0100,2689310,,AF
ORO,D,15,STORAGE,19980305 0000,19980306 0100,2686059,,AF
ORO,D,15,STORAGE,19980306 0000,19980307 0100,2682810,,AF
ORO,D,15,STORAGE,19980307 0000,19980308 0100,2686319,,AF
ORO,D,15,STORAGE,19980308 0000,19980309 0100,2687619,,AF
ORO,D,15,STORAGE,19980309 0000,19980310 0100,2688920,,AF
ORO,D,15,STORAGE,19980310 0000,19980311 0100,2688010,,AF
ORO,D,15,STORAGE,19980311 0000,19980312 0100,2687360,,AF
ORO,D,15,STORAGE,19980312 0000,19980313 0100,2684759,,AF
ORO,D,15,STORAGE,19980313 0000,19980314 0100,2685018,,AF
ORO,D,15,STORAGE,19980314 0000,19980315 0100,2684239,,AF
ORO,D,15,STORAGE,19980315 0000,19980316 0100,2702868,,AF
ORO,D,15,STORAGE,19980316 0000,19980317 0100,2704696,,AF
ORO,D,15,STORAGE,19980317 0000,19980318 0100,2709663,,AF
ORO,D,15,STORAGE,19980318 0000,19980319 0100,2710710,,AF
ORO,D,15,STORAGE,19980319 0000,19980320 0100,2708878,,AF
ORO,D,15,STORAGE,19980320 0000,19980321 0100,2713852,,AF
ORO,D,15,STORAGE,19980321 0000,19980322 0100,2708356,,AF
ORO,D,15,STORAGE,19980322 0000,19980323 0100,2737232,,AF
ORO,D,15,STORAGE,19980323 0000,19980324 0100,2771235,,AF
ORO,D,15,STORAGE,19980324 0000,19980325 0100,2834187,,AF
ORO,D,15,STORAGE,19980325 0000,19980326 0100,2864948,,AF
ORO,D,15,STORAGE,19980326 0000,19980327 0100,2870393,,AF
ORO,D,15,STORAGE,19980327 0000,19980328 0100,2865492,,AF
ORO,D,15,STORAGE,19980328 0000,19980329 0100,2853267,,AF
ORO,D,15,STORAGE,19980329 0000,19980330 0100,2838374,,AF
ORO,D,15,STORAGE,19980330 0000,19980331 0100,2819096,,AF
ORO,D,15,STORAGE,19980331 0000,19980401 0100,2812376,,AF
ORO,D,15,STORAGE,19980401 0000,19980402 0100,2812242,,AF
ORO,D,15,STORAGE,19980402 0000,19980403 0100,2808216,,AF
ORO,D,15,STORAGE,19980403 0000,19980404 0100,2811302,,AF
ORO,D,15,STORAGE,19980404 0000,19980405 0000,2825422,,AF
ORO,D,15,STORAGE,19980405 0000,19980406 0000,2834592,,AF
ORO,D,15,STORAGE,19980406 0000,19980407 0000,2839726,,AF
ORO,D,15,STORAGE,19980407 0000,19980408 0000,2844595,,AF
ORO,D,15,STORAGE,19980408 0000,19980409 0000,2847168,,AF
ORO,D,15,STORAGE,19980409 0000,19980410 0000,2849335,,AF
ORO,D,15,STORAGE,19980410 0000,19980411 0000,2847303,,AF
ORO,D,15,STORAGE,19980411 0000,19980412 0000,2845407,,AF
ORO,D,15,STORAGE,19980412 0000,19980413 0000,2845272,,AF
ORO,D,15,STORAGE,19980413 0000,19980414 0000,2845404,,AF
ORO,D,15,STORAGE,19980414 0000,19980415 0000,2844730,,AF
ORO,D,15,STORAGE,19980415 0000,19980416 0000,2845272,,AF
ORO,D,15,STORAGE,19980416 0000,19980417 0000,2844321,,AF
ORO,D,15,STORAGE,19980417 0000,19980418 0000,2848116,,AF
ORO,D,15,STORAGE,19980418 0000,19980419 0000,2855166,,AF
ORO,D,15,STORAGE,19980419 0000,19980420 0000,2863585,,AF
ORO,D,15,STORAGE,19980420 0000,19980421 0000,2869711,,AF
ORO,D,15,STORAGE,19980421 0000,19980422 0000,2877754,,AF
ORO,D,15,STORAGE,19980422 0000,19980423 0000,2889229,,AF
ORO,D,15,STORAGE,19980423 0000,19980424 0000,2904724,,AF
ORO,D,15,STORAGE,19980424 0000,19980425 0000,2929384,,AF
ORO,D,15,STORAGE,19980425 0000,19980426 0000,2955024,,AF
ORO,D,15,STORAGE,19980426 0000,19980427 0000,2979424,,AF
ORO,D,15,STORAGE,19980427 0000,19980428 0000,2990345,,AF
ORO,D,15,STORAGE,19980428 0000,19980429 0000,2999046,,AF
ORO,D,15,STORAGE,19980429 0000,19980430 0000,3008750,,AF
ORO,D,15,STORAGE,19980430 0000,19980501 0000,3025398,,AF
ORO,D,15,STORAGE,19980501 0000,19980502 0000,3045801,,AF
ORO,D,15,STORAGE,19980502 0000,19980503 0000,3078019,,AF
ORO,D,15,STORAGE,19980503 0000,19980504 0000,3113073,,AF
ORO,D,15,STORAGE,19980504 0000,19980505 0000,3131284,,AF
ORO,D,15,STORAGE,19980505 0000,19980506 0000,3144920,,AF
ORO,D,15,STORAGE,19980506 0000,19980507 0000,3158889,,AF
ORO,D,15,STORAGE,19980507 0000,19980508 0000,3166328,,AF
ORO,D,15,STORAGE,19980508 0000,19980509 0000,3183002,,AF
ORO,D,15,STORAGE,19980509 0000,19980510 0000,3218898,,AF
ORO,D,15,STORAGE,19980510 0000,19980511 0000,3250005,,AF
ORO,D,15,STORAGE,19980511 0000,19980512 0000,3264158,,AF
ORO,D,15,STORAGE,19980512 0000,19980513 0000,3265650,,AF
ORO,D,15,STORAGE,19980513 0000,19980514 0000,3262517,,AF
ORO,D,15,STORAGE,19980514 0000,19980515 0000,3265053,,AF
ORO,D,15,STORAGE,19980515 0000,19980516 0000,3263412,,AF
ORO,D,15,STORAGE,19980516 0000,19980517 0000,3269980,,AF
ORO,D,15,STORAGE,19980517 0000,19980518 0000,3277905,,AF
ORO,D,15,STORAGE,19980518 0000,19980519 0000,3275810,,AF
ORO,D,15,STORAGE,19980519 0000,19980520 0000,3268337,,AF
ORO,D,15,STORAGE,19980520 0000,19980521 0000,3260280,,AF
ORO,D,15,STORAGE,19980521 0000,19980522 0000,3251492,,AF
ORO,D,15,STORAGE,19980522 0000,19980522 0000,3242722,,AF
ORO,D,15,STORAGE,19980523 0000,19980523 0000,3241237,,AF
ORO,D,15,STORAGE,19980524 0000,19980524 0000,3239604,,AF
ORO,D,15,STORAGE,19980525 0000,19980525 0000,3246585,,AF
ORO,D,15,STORAGE,19980526 0000,19980526 0000,3249707,,AF
ORO,D,15,STORAGE,19980527 0000,19980527 0000,3249856,,AF
ORO,D,15,STORAGE,19980528 0000,19980528 0000,3257150,,AF
ORO,D,15,STORAGE,19980529 0000,19980529 0000,3268337,,AF
ORO,D,15,STORAGE,19980530 0000,19980530 0000,3284795,,AF
ORO,D,15,STORAGE,19980531 0000,19980531 0000,3301913,,AF
ORO,D,15,STORAGE,19980601 0000,19980601 0000,3312155,,AF
ORO,D,15,STORAGE,19980602 0000,19980602 0000,3323628,,AF
ORO,D,15,STORAGE,19980603 0000,19980604 0000,3331949,,AF
ORO,D,15,STORAGE,19980604 0000,19980604 0000,3339829,,AF
ORO,D,15,STORAGE,19980605 0000,19980605 0000,3345444,,AF
ORO,D,15,STORAGE,19980606 0000,19980607 0000,3361722,,AF
ORO,D,15,STORAGE,19980607 0000,19980608 0000,3380350,,AF
ORO,D,15,STORAGE,19980608 0000,19980609 0000,3392452,,AF
ORO,D,15,STORAGE,19980609 0000,19980610 0000,3400281,,AF
ORO,D,15,STORAGE,19980610 0000,19980611 0000,3408584,,AF
ORO,D,15,STORAGE,19980611 0000,19980612 0000,3418753,,AF
ORO,D,15,STORAGE,19980612 0000,19980613 0000,3430643,,AF
ORO,D,15,STORAGE,19980613 0000,19980614 0000,3445354,,AF
ORO,D,15,STORAGE,19980614 0000,19980615 0000,3455757,,AF
ORO,D,15,STORAGE,19980615 0000,19980616 0000,3460888,,AF
ORO,D,15,STORAGE,19980616 0000,19980617 0000,3466648,,AF
ORO,D,15,STORAGE,19980617 0000,19980618 0000,3475848,,AF
ORO,D,15,STORAGE,19980618 0000,19980619 0000,3483345,,AF
ORO,D,15,STORAGE,19980619 0000,19980620 0000,3491010,,AF
ORO,D,15,STORAGE,19980620 0000,19980621 0000,3504021,,AF
ORO,D,15,STORAGE,19980621 0000,19980622 0000,3517224,,AF
ORO,D,15,STORAGE,19980622 0000,19980623 0000,3519900,,AF
ORO,D,15,STORAGE,19980623 0000,19980624 0000,3518483,,AF
ORO,D,15,STORAGE,19980624 0000,19980625 0000,3516280,,AF
ORO,D,15,STORAGE,19980625 0000,19980626 0000,3515021,,AF
ORO,D,15,STORAGE,19980626 0000,19980627 0000,3512819,,AF
ORO,D,15,STORAGE,19980627 0000,19980628 0000,3520846,,AF
ORO,D,15,STORAGE,19980628 0000,19980629 0000,3525888,,AF
ORO,D,15,STORAGE,19980629 0000,19980630 0000,3523997,,AF
ORO,D,15,STORAGE,19980630 0000,19980630 0000,3515336, ,AF
ORO,D,15,STORAGE,19980701 0000,19980701 0000,3509675, ,AF
ORO,D,15,STORAGE,19980702 0000,19980702 0000,3502765, ,AF
ORO,D,15,STORAGE,19980703 0000,19980703 0000,3496492, ,AF
ORO,D,15,STORAGE,19980704 0000,19980704 0000,3490540, ,AF
ORO,D,15,STORAGE,19980705 0000,19980705 0000,3489288, ,AF
ORO,D,15,STORAGE,19980706 0000,19980706 0000,3484439, ,AF
ORO,D,15,STORAGE,19980707 0000,19980707 0000,3477408, ,AF
ORO,D,15,STORAGE,19980708 0000,19980708 0000,3474599, ,AF
ORO,D,15,STORAGE,19980709 0000,19980709 0000,3472571, ,AF
ORO,D,15,STORAGE,19980710 0000,19980710 0000,3467116, ,AF
ORO,D,15,STORAGE,19980711 0000,19980711 0000,3469921, ,AF
ORO,D,15,STORAGE,19980712 0000,19980712 0000,3466648, ,AF
ORO,D,15,STORAGE,19980713 0000,19980713 0000,3464624, ,AF
ORO,D,15,STORAGE,19980714 0000,19980714 0000,3459644, ,AF
ORO,D,15,STORAGE,19980715 0000,19980715 0000,3450475, ,AF
ORO,D,15,STORAGE,19980716 0000,19980716 0000,3441014, ,AF
ORO,D,15,STORAGE,19980717 0000,19980717 0000,3432500, ,AF
ORO,D,15,STORAGE,19980718 0000,19980718 0000,3431262, ,AF
ORO,D,15,STORAGE,19980719 0000,19980719 0000,3430798, ,AF
ORO,D,15,STORAGE,19980720 0000,19980720 0000,3425390, ,AF
ORO,D,15,STORAGE,19980721 0000,19980721 0000,3417674, ,AF
ORO,D,15,STORAGE,19980722 0000,19980722 0000,3409200, ,AF
ORO,D,15,STORAGE,19980723 0000,19980723 0000,3403816, ,AF
ORO,D,15,STORAGE,19980724 0000,19980724 0000,3394139, ,AF
ORO,D,15,STORAGE,19980725 0000,19980725 0000,3390152, ,AF
ORO,D,15,STORAGE,19980726 0000,19980726 0000,3384482, ,AF
ORO,D,15,STORAGE,19980727 0000,19980727 0000,3373624, ,AF
ORO,D,15,STORAGE,19980728 0000,19980728 0000,3364465, ,AF
ORO,D,15,STORAGE,19980729 0000,19980729 0000,3355783, ,AF
ORO,D,15,STORAGE,19980730 0000,19980730 0000,3345293, ,AF
ORO,D,15,STORAGE,19980731 0000,19980731 0000,3340284, ,AF
ORO,D,15,STORAGE,19980801 0000,19980801 0000,3341649, ,AF
ORO,D,15,STORAGE,19980802 0000,19980802 0000,3344533, ,AF
ORO,D,15,STORAGE,19980803 0000,19980803 0000,3333311, ,AF
ORO,D,15,STORAGE,19980804 0000,19980804 0000,3320304, ,AF
ORO,D,15,STORAGE,19980805 0000,19980805 0000,3308688, ,AF
ORO,D,15,STORAGE,19980806 0000,19980806 0000,3296952, ,AF
ORO,D,15,STORAGE,19980807 0000,19980807 0000,3287943, ,AF
ORO,D,15,STORAGE,19980808 0000,19980808 0000,3281798, ,AF
ORO,D,15,STORAGE,19980809 0000,19980809 0000,3283896, ,AF
ORO,D,15,STORAGE,19980810 0000,19980810 0000,3274614, ,AF
ORO,D,15,STORAGE,19980811 0000,19980811 0000,3259934, ,AF
ORO,D,15,STORAGE,19980812 0000,19980812 0000,3245252, ,AF
ORO,D,15,STORAGE,19980813 0000,19980813 0000,3234710, ,AF
ORO,D,15,STORAGE,19980814 0000,19980814 0000,3223182, ,AF
ORO,D,15,STORAGE,19980815 0000,19980815 0000,3211518, ,AF
ORO,D,15,STORAGE,19980816 0000,19980816 0000,3208718, ,AF
ORO,D,15,STORAGE,19980817 0000,19980817 0000,3198266, ,AF
ORO,D,15,STORAGE,19980818 0000,19980818 0000,3188720, ,AF
ORO,D,15,STORAGE,19980819 0000,19980819 0000,3175535, ,AF
ORO,D,15,STORAGE,19980820 0000,19980820 0000,3164431, ,AF
ORO,D,15,STORAGE,19980821 0000,19980821 0000,3152190, ,AF
ORO,D,15,STORAGE,19980822 0000,19980822 0000,3148263, ,AF
ORO,D,15,STORAGE,19980823 0000,19980823 0000,3144912, ,AF
ORO,D,15,STORAGE,19980824 0000,19980824 0000,3131864, ,AF
ORO,D,15,STORAGE,19980825 0000,19980825 0000,3120291, ,AF
ORO,D,15,STORAGE,19980826 0000,19980826 0000,3105578, ,AF
ORO,D,15,STORAGE,19980827 0000,19980827 0000,3092064, ,AF
ORO,D,15,STORAGE,19980828 0000,19980828 0000,3079163, ,AF
ORO,D,15,STORAGE,19980829 0000,19980829 0000,3073586, ,AF
ORO,D,15,STORAGE,19980830 0000,19980830 0000,3068300, ,AF
ORO,D,15,STORAGE,19980831 0000,19980831 0000,3059172, ,AF
ORO,D,15,STORAGE,19980901 0000,19980901 0000,3046369, ,AF
ORO,D,15,STORAGE,19980902 0000,19980902 0000,3032613, ,AF
ORO,D,15,STORAGE,19980903 0000,19980903 0000,3021159, ,AF
ORO,D,15,STORAGE,19980904 0000,19980904 0000,3008187, ,AF
ORO,D,15,STORAGE,19980905 0000,19980905 0000,3009876, ,AF
ORO,D,15,STORAGE,19980906 0000,19980906 0000,3005935, ,AF
ORO,D,15,STORAGE,19980907 0000,19980907 0000,2992308, ,AF
ORO,D,15,STORAGE,19980908 0000,19980908 0000,2981662, ,AF
ORO,D,15,STORAGE,19980909 0000,19980909 0000,2975231, ,AF
ORO,D,15,STORAGE,19980910 0000,19980910 0000,2963512, ,AF
ORO,D,15,STORAGE,19980911 0000,19980911 0000,2957527, ,AF
ORO,D,15,STORAGE,19980912 0000,19980912 0000,2954051, ,AF
ORO,D,15,STORAGE,19980913 0000,19980913 0000,2953078, ,AF
ORO,D,15,STORAGE,19980914 0000,19980914 0000,2943085, ,AF
ORO,D,15,STORAGE,19980915 0000,19980915 0000,2940036, ,AF
ORO,D,15,STORAGE,19980916 0000,19980916 0000,2931733, ,AF
ORO,D,15,STORAGE,19980917 0000,19980917 0000,2920412, ,AF
ORO,D,15,STORAGE,19980918 0000,19980918 0000,2914350, ,AF
ORO,D,15,STORAGE,19980919 0000,19980919 0000,2913662, ,AF
ORO,D,15,STORAGE,19980920 0000,19980920 0000,2916416, ,AF
ORO,D,15,STORAGE,19980921 0000,19980921 0000,2905823, ,AF
ORO,D,15,STORAGE,19980922 0000,19980922 0000,2891286, ,AF
ORO,D,15,STORAGE,19980923 0000,19980923 0000,2877345, ,AF
ORO,D,15,STORAGE,19980924 0000,19980924 0000,2872163, ,AF
ORO,D,15,STORAGE,19980925 0000,19980925 0000,2863316, ,AF
ORO,D,15,STORAGE,19980926 0000,19980926 0000,2861140, ,AF
ORO,D,15,STORAGE,19980927 0000,19980927 0000,2859375, ,AF
ORO,D,15,STORAGE,19980928 0000,19980928 0000,2851910, ,AF
ORO,D,15,STORAGE,19980929 0000,19980929 0000,2839726, ,AF
ORO,D,15,STORAGE,19980930 0000,19980930 0000,2831488, ,AF
ORO,D,15,STORAGE,19981001 0000,19981001 0000,2819230, ,AF
ORO,D,15,STORAGE,19981002 0000,19981002 0000,2809424, ,AF
ORO,D,15,STORAGE,19981003 0000,19981003 0000,2811974, ,AF
ORO,D,15,STORAGE,19981004 0000,19981004 0000,2816541, ,AF
ORO,D,15,STORAGE,19981005 0000,19981005 0000,2804865, ,AF
ORO,D,15,STORAGE,19981006 0000,19981006 0000,2796698, ,AF
ORO,D,15,STORAGE,19981007 0000,19981007 0000,2787347, ,AF
ORO,D,15,STORAGE,19981008 0000,19981008 0000,2779882, ,AF
ORO,D,15,STORAGE,19981009 0000,19981009 0000,2772831, ,AF
ORO,D,15,STORAGE,19981010 0000,19981010 0000,2776288, ,AF
ORO,D,15,STORAGE,19981011 0000,19981012 0000,2779882, ,AF
ORO,D,15,STORAGE,19981012 0000,19981012 0000,2775890, ,AF
ORO,D,15,STORAGE,19981013 0000,19981013 0000,2772033, ,AF
ORO,D,15,STORAGE,19981014 0000,19981014 0000,2765525, ,AF
ORO,D,15,STORAGE,19981015 0000,19981015 0000,2762475, ,AF
ORO,D,15,STORAGE,19981016 0000,19981016 0000,2760486, ,AF
ORO,D,15,STORAGE,19981017 0000,19981017 0000,2764995, ,AF
ORO,D,15,STORAGE,19981018 0000,19981018 0000,2767384, ,AF
ORO,D,15,STORAGE,19981019 0000,19981019 0000,2765791, ,AF
ORO,D,15,STORAGE,19981020 0000,19981020 0000,2762475, ,AF
ORO,D,15,STORAGE,19981021 0000,19981021 0000,2761150, ,AF
ORO,D,15,STORAGE,19981022 0000,19981022 0000,2759556, ,AF
ORO,D,15,STORAGE,19981023 0000,19981023 0000,2753469, ,AF
ORO,D,15,STORAGE,19981024 0000,19981024 0000,2748181, ,AF
ORO,D,15,STORAGE,19981025 0000,19981025 0000,2737232, ,AF
ORO,D,15,STORAGE,19981026 0000,19981026 0000,2735782, ,AF
ORO,D,15,STORAGE,19981027 0000,19981027 0000,2730912, ,AF
ORO,D,15,STORAGE,19981028 0000,19981028 0000,2723817, ,AF
ORO,D,15,STORAGE,19981029 0000,19981029 0000,2717651, ,AF
ORO,D,15,STORAGE,19981030 0000,19981030 0000,2717389, ,AF
ORO,D,15,STORAGE,19981031 0000,19981031 0000,2722110, ,AF
ORO,D,15,STORAGE,19981101 0000,19981101 0000,2724342, ,AF
ORO,D,15,STORAGE,19981102 0000,19981102 0000,2726838, ,AF
ORO,D,15,STORAGE,19981103 0000,19981103 0000,2727364, ,AF
ORO,D,15,STORAGE,19981104 0000,19981104 0000,2727889, ,AF
ORO,D,15,STORAGE,19981105 0000,19981105 0000,2727232, ,AF
ORO,D,15,STORAGE,19981106 0000,19981106 0000,2727494, ,AF
ORO,D,15,STORAGE,19981107 0000,19981107 0000,2731308, ,AF
ORO,D,15,STORAGE,19981108 0000,19981108 0000,2735519, ,AF
ORO,D,15,STORAGE,19981109 0000,19981109 0000,2734992, ,AF
ORO,D,15,STORAGE,19981110 0000,19981111 0000,2733150, ,AF
ORO,D,15,STORAGE,19981111 0000,19981111 0000,2737360, ,AF
ORO,D,15,STORAGE,19981112 0000,19981113 0000,2738285, ,AF
ORO,D,15,STORAGE,19981113 0000,19981114 0000,2739340, ,AF
ORO,D,15,STORAGE,19981114 0000,19981115 0000,2743692, ,AF
ORO,D,15,STORAGE,19981115 0000,19981116 0000,2746860, ,AF
ORO,D,15,STORAGE,19981116 0000,19981117 0000,2745540, ,AF
ORO,D,15,STORAGE,19981117 0000,19981118 0000,2746068, ,AF
ORO,D,15,STORAGE,19981118 0000,19981119 0000,2747785, ,AF
ORO,D,15,STORAGE,19981119 0000,19981120 0000,2746596, ,AF
ORO,D,15,STORAGE,19981120 0000,19981121 0000,2748048, ,AF
ORO,D,15,STORAGE,19981121 0000,19981122 0000,2753337, ,AF
ORO,D,15,STORAGE,19981122 0000,19981123 0000,2762078, ,AF
ORO,D,15,STORAGE,19981123 0000,19981124 0000,2787614, ,AF
ORO,D,15,STORAGE,19981124 0000,19981125 0000,2802319, ,AF
ORO,D,15,STORAGE,19981125 0000,19981126 0000,2811571, ,AF
ORO,D,15,STORAGE,19981126 0000,19981127 0000,2822190, ,AF
ORO,D,15,STORAGE,19981127 0000,19981128 0000,2834457, ,AF
ORO,D,15,STORAGE,19981128 0000,19981129 0000,2845814, ,AF
ORO,D,15,STORAGE,19981129 0000,19981130 0000,2858559, ,AF
ORO,D,15,STORAGE,19981130 0000,19981201 0000,2889643, ,AF
ORO,D,15,STORAGE,19981201 0000,19981202 0000,2904037, ,AF
ORO,D,15,STORAGE,19981202 0000,19981203 0000,2900332, ,AF
ORO,D,15,STORAGE,19981203 0000,19981204 0000,2928278, ,AF
ORO,D,15,STORAGE,19981204 0000,19981205 0000,2930488, ,AF
ORO,D,15,STORAGE,19981205 0000,19981206 0000,2919172, ,AF
ORO,D,15,STORAGE,19981206 0000,19981207 0000,2904174, ,AF
ORO,D,15,STORAGE,19981207 0000,19981208 0000,2885540, ,AF
ORO,D,15,STORAGE,19981208 0000,19981209 0000,2871210, ,AF
ORO,D,15,STORAGE,19981209 0000,19981209 0000,2855163, ,AF
ORO,D,15,STORAGE,19981210 0000,19981211 0000,2841889, ,AF
ORO,D,15,STORAGE,19981211 0000,19981212 0000,2825826, ,AF
ORO,D,15,STORAGE,19981212 0000,19981213 0000,2811571, ,AF
ORO,D,15,STORAGE,19981213 0000,19981214 0000,2793757, ,AF
ORO,D,15,STORAGE,19981214 0000,19981215 0000,2778950, ,AF
ORO,D,15,STORAGE,19981215 0000,19981216 0000,2761680, ,AF
ORO,D,15,STORAGE,19981216 0000,19981217 0000,2751882, ,AF
ORO,D,15,STORAGE,19981217 0000,19981218 0000,2740130, ,AF
ORO,D,15,STORAGE,19981218 0000,19981219 0000,2734202, ,AF
ORO,D,15,STORAGE,19981219 0000,19981220 0000,2730387, ,AF
ORO,D,15,STORAGE,19981220 0000,19981221 0000,2722898, ,AF
ORO,D,15,STORAGE,19981221 0000,19981222 0000,2709010, ,AF
ORO,D,15,STORAGE,19981222 0000,19981223 0000,2696865, ,AF
ORO,D,15,STORAGE,19981223 0000,19981224 0000,2688010, ,AF
ORO,D,15,STORAGE,19981224 0000,19981225 0000,2686449, ,AF
ORO,D,15,STORAGE,19981225 0000,19981226 0000,2690872, ,AF
ORO,D,15,STORAGE,19981226 0000,19981227 0000,2692434, ,AF
ORO,D,15,STORAGE,19981227 0000,19981228 0000,2693998, ,AF
ORO,D,15,STORAGE,19981228 0000,19981229 0000,2691002, ,AF
ORO,D,15,STORAGE,19981229 0000,19981230 0000,2690091, ,AF
ORO,D,15,STORAGE,19981230 0000,19981231 0000,2690482, ,AF
ORO,D,15,STORAGE,19981231 0000,19990101 0000,2687880, ,AF
ORO,D,15,STORAGE,19990101 0000,19990102 0000,2692044, ,AF
ORO,D,15,STORAGE,19990102 0000,19990103 0000,2694519, ,AF
ORO,D,15,STORAGE,19990103 0000,19990104 0000,2697126, ,AF
ORO,D,15,STORAGE,19990104 0000,19990105 0000,2695301, ,AF
ORO,D,15,STORAGE,19990105 0000,19990106 0000,2692434, ,AF
ORO,D,15,STORAGE,19990106 0000,19990107 0000,2690612, ,AF
ORO,D,15,STORAGE,19990107 0000,19990108 0000,2689961, ,AF
ORO,D,15,STORAGE,19990108 0000,19990109 0000,2690612, ,AF
ORO,D,15,STORAGE,19990109 0000,19990110 0000,2689961, ,AF
ORO,D,15,STORAGE,19990110 0000,19990111 0000,2690742, ,AF
ORO,D,15,STORAGE,19990111 0000,19990112 0000,2692175, ,AF
ORO,D,15,STORAGE,19990112 0000,19990113 0000,2693868, ,AF
ORO,D,15,STORAGE,19990113 0000,19990114 0000,2696604, ,AF
ORO,D,15,STORAGE,19990114 0000,19990115 0000,2696865, ,AF
ORO,D,15,STORAGE,19990115 0000,19990116 0000,2702345, ,AF
ORO,D,15,STORAGE,19990116 0000,19990117 0000,2711102, ,AF
ORO,D,15,STORAGE,19990117 0000,19990118 0000,2722766, ,AF
ORO,D,15,STORAGE,19990118 0000,19990119 0000,2743692, ,AF
ORO,D,15,STORAGE,19990119 0000,19990120 0000,2759559, ,AF
ORO,D,15,STORAGE,19990120 0000,19990121 0000,2786547, ,AF
ORO,D,15,STORAGE,19990121 0000,19990122 0000,2800177, ,AF
ORO,D,15,STORAGE,19990122 0000,19990123 0000,2799909, ,AF
ORO,D,15,STORAGE,19990123 0000,19990124 0000,2827578, ,AF
ORO,D,15,STORAGE,19990124 0000,19990125 0000,2832028, ,AF
ORO,D,15,STORAGE,19990125 0000,19990126 0000,2830139, ,AF
ORO,D,15,STORAGE,19990126 0000,19990127 0000,2823402, ,AF
ORO,D,15,STORAGE,19990127 0000,19990128 0000,2815332, ,AF
ORO,D,15,STORAGE,19990128 0000,19990129 0000,2802856, ,AF
ORO,D,15,STORAGE,19990129 0000,19990130 0000,2787748, ,AF
ORO,D,15,STORAGE,19990130 0000,19990131 0000,2774426, ,AF
ORO,D,15,STORAGE,19990131 0000,19990201 0000,2767782, ,AF
ORO,D,15,STORAGE,19990201 0000,19990202 0000,2762475, ,AF
ORO,D,15,STORAGE,19990202 0000,19990203 0000,2759824, ,AF
ORO,D,15,STORAGE,19990203 0000,19990204 0000,2758764, ,AF
ORO,D,15,STORAGE,19990204 0000,19990205 0000,2753866, ,AF
ORO,D,15,STORAGE,19990205 0000,19990206 0000,2739076, ,AF
ORO,D,15,STORAGE,19990206 0000,19990207 0000,2724998, ,AF
ORO,D,15,STORAGE,19990207 0000,19990208 0000,2729335, ,AF
ORO,D,15,STORAGE,19990208 0000,19990209 0000,2741054, ,AF
ORO,D,15,STORAGE,19990209 0000,19990210 0000,2822998, ,AF
ORO,D,15,STORAGE,19990210 0000,19990211 0000,2853267, ,AF
ORO,D,15,STORAGE,19990211 0000,19990212 0000,2863724, ,AF
ORO,D,15,STORAGE,19990212 0000,19990213 0000,2864948, ,AF
ORO,D,15,STORAGE,19990213 0000,19990214 0000,2859918, ,AF
ORO,D,15,STORAGE,19990214 0000,19990215 0000,2848522, ,AF
ORO,D,15,STORAGE,19990215 0000,19990216 0000,2837698, ,AF
ORO,D,15,STORAGE,19990216 0000,19990217 0000,2830678, ,AF
ORO,D,15,STORAGE,19990217 0000,19990218 0000,2838104, ,AF
ORO,D,15,STORAGE,19990218 0000,19990219 0000,2826096, ,AF
ORO,D,15,STORAGE,19990219 0000,19990220 0000,2815063, ,AF
ORO,D,15,STORAGE,19990220 0000,19990221 0000,2801784, ,AF
ORO,D,15,STORAGE,19990221 0000,19990222 0000,2789483, ,AF
ORO,D,15,STORAGE,19990222 0000,19990223 0000,2774692, ,AF
ORO,D,15,STORAGE,19990223 0000,19990224 0000,2775490, ,AF
ORO,D,15,STORAGE,19990224 0000,19990225 0000,2774426, ,AF
ORO,D,15,STORAGE,19990225 0000,19990226 0000,2779484, ,AF
ORO,D,15,STORAGE,19990226 0000,19990227 0000,2780282, ,AF
ORO,D,15,STORAGE,19990227 0000,19990228 0000,2779084, ,AF
ORO,D,15,STORAGE,19990228 0000,19990301 0000,2791218, ,AF
ORO,D,15,STORAGE,19990301 0000,19990302 0000,2810497, ,AF
ORO,D,15,STORAGE,19990302 0000,19990303 0000,2817348, ,AF
ORO,D,15,STORAGE,19990303 0000,19990303 0000,2832024, ,AF
ORO,D,15,STORAGE,19990304 0000,19990305 0000,2839185, ,AF
ORO,D,15,STORAGE,19990305 0000,19990306 0000,2835267, ,AF
ORO,D,15,STORAGE,19990306 0000,19990307 0000,2824748, ,AF
ORO,D,15,STORAGE,19990307 0000,19990308 0000,2813182, ,AF
ORO,D,15,STORAGE,19990308 0000,19990308 0000,2798702, ,AF
ORO,D,15,STORAGE,19990309 0000,19990310 0000,2794024, ,AF
ORO,D,15,STORAGE,19990310 0000,19990311 0000,2787881, ,AF
ORO,D,15,STORAGE,19990311 0000,19990312 0000,2790952, ,AF
ORO,D,15,STORAGE,19990312 0000,19990313 0000,2794426, ,AF
ORO,D,15,STORAGE,19990313 0000,19990314 0000,2788949, ,AF
ORO,D,15,STORAGE,19990314 0000,19990315 0000,2800846, ,AF
ORO,D,15,STORAGE,19990315 0000,19990316 0000,2802856, ,AF
ORO,D,15,STORAGE,19990316 0000,19990317 0000,2805803, ,AF
ORO,D,15,STORAGE,19990317 0000,19990318 0000,2809826, ,AF
ORO,D,15,STORAGE,19990318 0000,19990319 0000,2814660, ,AF
ORO,D,15,STORAGE,19990319 0000,19990319 0000,---, ,AF
ORO,D,15,STORAGE,19990320 0000,19990321 0000,2835807, ,AF
ORO,D,15,STORAGE,19990321 0000,19990322 0000,2850826, ,AF
ORO,D,15,STORAGE,19990322 0000,19990323 0000,2857202, ,AF
ORO,D,15,STORAGE,19990323 0000,19990324 0000,2860869, ,AF
ORO,D,15,STORAGE,19990324 0000,19990325 0000,2859646, ,AF
ORO,D,15,STORAGE,19990325 0000,19990326 0000,2865900, ,AF
ORO,D,15,STORAGE,19990326 0000,19990327 0000,2874890, ,AF
ORO,D,15,STORAGE,19990327 0000,19990327 0000,---, ,AF
ORO,D,15,STORAGE,19990328 0000,19990329 0000,2906372, ,AF
ORO,D,15,STORAGE,19990329 0000,19990329 0000,2917927, ,AF
ORO,D,15,STORAGE,19990330 0000,19990331 0000,2928830, ,AF
ORO,D,15,STORAGE,19990331 0000,19990401 0000,2941006, ,AF
ORO,D,15,STORAGE,19990401 0000,19990402 0000,2950716, ,AF
ORO,D,15,STORAGE,19990402 0000,19990403 0000,2960310, ,AF
ORO,D,15,STORAGE,19990403 0000,19990404 0000,2972578, ,AF
ORO,D,15,STORAGE,19990404 0000,19990405 0000,2984741, ,AF
ORO,D,15,STORAGE,19990405 0000,19990406 0000,2994132, ,AF
ORO,D,15,STORAGE,19990406 0000,19990407 0000,3000451, ,AF
ORO,D,15,STORAGE,19990407 0000,19990408 0000,3005232, ,AF
ORO,D,15,STORAGE,19990408 0000,19990409 0000,3015514, ,AF
ORO,D,15,STORAGE,19990409 0000,19990410 0000,3023136, ,AF
ORO,D,15,STORAGE,19990410 0000,19990411 0000,3036012, ,AF
ORO,D,15,STORAGE,19990411 0000,19990412 0000,3050774, ,AF
ORO,D,15,STORAGE,19990412 0000,19990413 0000,3058454,r,AF
ORO,D,15,STORAGE,19990413 0000,19990414 0000,3065302, ,AF
ORO,D,15,STORAGE,19990414 0000,19990415 0000,3070298, ,AF
ORO,D,15,STORAGE,19990415 0000,19990416 0000,3075158, ,AF
ORO,D,15,STORAGE,19990416 0000,19990417 0000,3081884, ,AF
ORO,D,15,STORAGE,19990417 0000,19990418 0000,3096804, ,AF
ORO,D,15,STORAGE,19990418 0000,19990419 0000,3116536, ,AF
ORO,D,15,STORAGE,19990419 0000,19990420 0000,3132298, ,AF
ORO,D,15,STORAGE,19990420 0000,19990421 0000,3146954, ,AF
ORO,D,15,STORAGE,19990421 0000,19990422 0000,3158743, ,AF
ORO,D,15,STORAGE,19990422 0000,19990423 0000,3167204, ,AF
ORO,D,15,STORAGE,19990423 0000,19990424 0000,3183002, ,AF
ORO,D,15,STORAGE,19990424 0000,19990425 0000,3199443, ,AF
ORO,D,15,STORAGE,19990425 0000,19990426 0000,3216682, ,AF
ORO,D,15,STORAGE,19990426 0000,19990427 0000,3228064, ,AF
ORO,D,15,STORAGE,19990427 0000,19990428 0000,3235155, ,AF
ORO,D,15,STORAGE,19990428 0000,19990429 0000,3239456, ,AF
ORO,D,15,STORAGE,19990429 0000,19990430 0000,3241980, ,AF
ORO,D,15,STORAGE,19990430 0000,19990501 0000,3246585, ,AF
ORO,D,15,STORAGE,19990501 0000,19990502 0000,3261770, ,AF
ORO,D,15,STORAGE,19990502 0000,19990503 0000,3278205, ,AF
ORO,D,15,STORAGE,19990503 0000,19990504 0000,3283896, ,AF
ORO,D,15,STORAGE,19990504 0000,19990505 0000,3287943, ,AF
ORO,D,15,STORAGE,19990505 0000,19990506 0000,3287343, ,AF
ORO,D,15,STORAGE,19990506 0000,19990507 0000,3285844, ,AF
ORO,D,15,STORAGE,19990507 0000,19990508 0000,3286594, ,AF
ORO,D,15,STORAGE,19990508 0000,19990509 0000,3300409, ,AF
ORO,D,15,STORAGE,19990509 0000,19990510 0000,3315171, ,AF
ORO,D,15,STORAGE,19990510 0000,19990511 0000,3317888, ,AF
ORO,D,15,STORAGE,19990511 0000,19990512 0000,3317435, ,AF
ORO,D,15,STORAGE,19990512 0000,19990513 0000,3316982, ,AF
ORO,D,15,STORAGE,19990513 0000,19990514 0000,3316227, ,AF
ORO,D,15,STORAGE,19990514 0000,19990515 0000,3317284, ,AF
ORO,D,15,STORAGE,19990515 0000,19990516 0000,3328165, ,AF
ORO,D,15,STORAGE,19990516 0000,19990517 0000,3342409, ,AF
ORO,D,15,STORAGE,19990517 0000,19990518 0000,3343622, ,AF
ORO,D,15,STORAGE,19990518 0000,19990519 0000,3346812, ,AF
ORO,D,15,STORAGE,19990519 0000,19990520 0000,3349091, ,AF
ORO,D,15,STORAGE,19990520 0000,19990521 0000,3353805, ,AF
ORO,D,15,STORAGE,19990521 0000,19990522 0000,3360808, ,AF
ORO,D,15,STORAGE,19990522 0000,19990523 0000,3375915, ,AF
ORO,D,15,STORAGE,19990523 0000,19990524 0000,3389232, ,AF
ORO,D,15,STORAGE,19990524 0000,19990525 0000,3395367, ,AF
ORO,D,15,STORAGE,19990525 0000,19990526 0000,3402432, ,AF
ORO,D,15,STORAGE,19990526 0000,19990527 0000,3407815, ,AF
ORO,D,15,STORAGE,19990527 0000,19990528 0000,3415053, ,AF
ORO,D,15,STORAGE,19990528 0000,19990529 0000,3420450, ,AF
ORO,D,15,STORAGE,19990529 0000,19990530 0000,3432654, ,AF
ORO,D,15,STORAGE,19990530 0000,19990531 0000,3443959, ,AF
ORO,D,15,STORAGE,19990531 0000,19990601 0000,3454514, ,AF
ORO,D,15,STORAGE,19990601 0000,19990602 0000,3455135, ,AF
ORO,D,15,STORAGE,19990602 0000,19990603 0000,3454669, ,AF
ORO,D,15,STORAGE,19990603 0000,19990604 0000,3454980, ,AF
ORO,D,15,STORAGE,19990604 0000,19990605 0000,3452805, ,AF
ORO,D,15,STORAGE,19990605 0000,19990606 0000,3461356, ,AF
ORO,D,15,STORAGE,19990606 0000,19990607 0000,3470388, ,AF
ORO,D,15,STORAGE,19990607 0000,19990608 0000,3470388, ,AF
ORO,D,15,STORAGE,19990608 0000,19990609 0000,3471636, ,AF
ORO,D,15,STORAGE,19990609 0000,19990610 0000,3468518, ,AF
ORO,D,15,STORAGE,19990610 0000,19990611 0000,3464469, ,AF
ORO,D,15,STORAGE,19990611 0000,19990612 0000,3464469, ,AF
ORO,D,15,STORAGE,19990612 0000,19990613 0000,3473663, ,AF
ORO,D,15,STORAGE,19990613 0000,19990614 0000,3481007,r,AF
ORO,D,15,STORAGE,19990614 0000,19990615 0000,3480219, ,AF
ORO,D,15,STORAGE,19990615 0000,19990616 0000,3477408, ,AF
ORO,D,15,STORAGE,19990616 0000,19990617 0000,3473820, ,AF
ORO,D,15,STORAGE,19990617 0000,19990618 0000,3471168, ,AF
ORO,D,15,STORAGE,19990618 0000,19990619 0000,3464624, ,AF
ORO,D,15,STORAGE,19990619 0000,19990620 0000,3469609, ,AF
ORO,D,15,STORAGE,19990620 0000,19990621 0000,3474287, ,AF
ORO,D,15,STORAGE,19990621 0000,19990622 0000,3471792, ,AF
ORO,D,15,STORAGE,19990622 0000,19990623 0000,3468518, ,AF
ORO,D,15,STORAGE,19990623 0000,19990624 0000,3463845, ,AF
ORO,D,15,STORAGE,19990624 0000,19990625 0000,3459489, ,AF
ORO,D,15,STORAGE,19990625 0000,19990626 0000,3455290, ,AF
ORO,D,15,STORAGE,19990626 0000,19990627 0000,3457777, ,AF
ORO,D,15,STORAGE,19990627 0000,19990628 0000,3454669, ,AF
ORO,D,15,STORAGE,19990628 0000,19990629 0000,3445976, ,AF
ORO,D,15,STORAGE,19990629 0000,19990630 0000,3432808, ,AF
ORO,D,15,STORAGE,19990630 0000,19990630 0000,3419375, ,AF
ORO,D,15,STORAGE,19990701 0000,19990702 0000,3404584, ,AF
ORO,D,15,STORAGE,19990702 0000,19990703 0000,3385401, ,AF
ORO,D,15,STORAGE,19990703 0000,19990704 0000,3366601, ,AF
ORO,D,15,STORAGE,19990704 0000,19990705 0000,3348482, ,AF
ORO,D,15,STORAGE,19990705 0000,19990706 0000,3333614, ,AF
ORO,D,15,STORAGE,19990706 0000,19990707 0000,3319549, ,AF
ORO,D,15,STORAGE,19990707 0000,19990708 0000,3304170, ,AF
ORO,D,15,STORAGE,19990708 0000,19990709 0000,3288393, ,AF
ORO,D,15,STORAGE,19990709 0000,19990710 0000,3268187, ,AF
ORO,D,15,STORAGE,19990710 0000,19990711 0000,3249856, ,AF
ORO,D,15,STORAGE,19990711 0000,19990712 0000,3235452, ,AF
ORO,D,15,STORAGE,19990712 0000,19990713 0000,3217272, ,AF
ORO,D,15,STORAGE,19990713 0000,19990714 0000,3199296, ,AF
ORO,D,15,STORAGE,19990714 0000,19990715 0000,3182708, ,AF
ORO,D,15,STORAGE,19990715 0000,19990716 0000,3165160, ,AF
ORO,D,15,STORAGE,19990716 0000,19990717 0000,3145065, ,AF
ORO,D,15,STORAGE,19990717 0000,19990718 0000,3124772, ,AF
ORO,D,15,STORAGE,19990718 0000,19990719 0000,3103563, ,AF
ORO,D,15,STORAGE,19990719 0000,19990720 0000,3087043, ,AF
ORO,D,15,STORAGE,19990720 0000,19990721 0000,3068014, ,AF
ORO,D,15,STORAGE,19990721 0000,19990722 0000,3048926, ,AF
ORO,D,15,STORAGE,19990722 0000,19990723 0000,3026811, ,AF
ORO,D,15,STORAGE,19990723 0000,19990724 0000,3006920, ,AF
ORO,D,15,STORAGE,19990724 0000,19990725 0000,2991747, ,AF
ORO,D,15,STORAGE,19990725 0000,19990726 0000,2978305, ,AF
ORO,D,15,STORAGE,19990726 0000,19990727 0000,2960728, ,AF
ORO,D,15,STORAGE,19990727 0000,19990728 0000,2941699, ,AF
ORO,D,15,STORAGE,19990728 0000,19990729 0000,2918620, ,AF
ORO,D,15,STORAGE,19990729 0000,19990730 0000,2897999, ,AF
ORO,D,15,STORAGE,19990730 0000,19990731 0000,2882120, ,AF
ORO,D,15,STORAGE,19990731 0000,19990801 0000,2865217, ,AF
ORO,D,15,STORAGE,19990801 0000,19990802 0000,2852178, ,AF
ORO,D,15,STORAGE,19990802 0000,19990803 0000,2836077, ,AF
ORO,D,15,STORAGE,19990803 0000,19990804 0000,2818692, ,AF
ORO,D,15,STORAGE,19990804 0000,19990805 0000,2804730, ,AF
ORO,D,15,STORAGE,19990805 0000,19990806 0000,2789483, ,AF
ORO,D,15,STORAGE,19990806 0000,19990807 0000,2775623, ,AF
ORO,D,15,STORAGE,19990807 0000,19990808 0000,2767251, ,AF
ORO,D,15,STORAGE,19990808 0000,19990809 0000,2763005, ,AF
ORO,D,15,STORAGE,19990809 0000,19990810 0000,2750692, ,AF
ORO,D,15,STORAGE,19990810 0000,19990811 0000,2739472, ,AF
ORO,D,15,STORAGE,19990811 0000,19990812 0000,2730255, ,AF
ORO,D,15,STORAGE,19990812 0000,19990813 0000,2721192, ,AF
ORO,D,15,STORAGE,19990813 0000,19990814 0000,2708617, ,AF
ORO,D,15,STORAGE,19990814 0000,19990815 0000,2706656, ,AF
ORO,D,15,STORAGE,19990815 0000,19990816 0000,2706525, ,AF
ORO,D,15,STORAGE,19990816 0000,19990817 0000,2698430, ,AF
ORO,D,15,STORAGE,19990817 0000,19990818 0000,2691653, ,AF
ORO,D,15,STORAGE,19990818 0000,19990819 0000,2685149, ,AF
ORO,D,15,STORAGE,19990819 0000,19990820 0000,2679304, ,AF
ORO,D,15,STORAGE,19990820 0000,19990821 0000,2670992, ,AF
ORO,D,15,STORAGE,19990821 0000,19990822 0000,2668142, ,AF
ORO,D,15,STORAGE,19990822 0000,19990823 0000,2659605, ,AF
ORO,D,15,STORAGE,19990823 0000,19990824 0000,2650442, ,AF
ORO,D,15,STORAGE,19990824 0000,19990825 0000,2635392, ,AF
ORO,D,15,STORAGE,19990825 0000,19990826 0000,2623727, ,AF
ORO,D,15,STORAGE,19990826 0000,19990827 0000,2611716, ,AF
ORO,D,15,STORAGE,19990827 0000,19990828 0000,2603050, ,AF
ORO,D,15,STORAGE,19990828 0000,19990829 0000,2602924, ,AF
ORO,D,15,STORAGE,19990829 0000,19990830 0000,2601270, ,AF
ORO,D,15,STORAGE,19990830 0000,19990831 0000,2576038, ,AF
ORO,D,15,STORAGE,19990831 0000,19990901 0000,2572123, ,AF
ORO,D,15,STORAGE,19990901 0000,19990902 0000,2570104, ,AF
ORO,D,15,STORAGE,19990902 0000,19990903 0000,2560906, ,AF
ORO,D,15,STORAGE,19990903 0000,19990904 0000,2553364, ,AF
ORO,D,15,STORAGE,19990904 0000,19990905 0000,2544583, ,AF
ORO,D,15,STORAGE,19990905 0000,19990906 0000,2541328, ,AF
ORO,D,15,STORAGE,19990906 0000,19990907 0000,2539326, ,AF
ORO,D,15,STORAGE,19990907 0000,19990908 0000,2529706, ,AF
ORO,D,15,STORAGE,19990908 0000,19990909 0000,2517127, ,AF
ORO,D,15,STORAGE,19990909 0000,19990910 0000,2506946, ,AF
ORO,D,15,STORAGE,19990910 0000,19990911 0000,2498773, ,AF
ORO,D,15,STORAGE,19990911 0000,19990912 0000,2497412, ,AF
ORO,D,15,STORAGE,19990912 0000,19990913 0000,2503600, ,AF
ORO,D,15,STORAGE,19990913 0000,19990914 0000,2495558, ,AF
ORO,D,15,STORAGE,19990914 0000,19990915 0000,2490002, ,AF
ORO,D,15,STORAGE,19990915 0000,19990916 0000,2485316, ,AF
ORO,D,15,STORAGE,19990916 0000,19990917 0000,2480883, ,AF
ORO,D,15,STORAGE,19990917 0000,19990918 0000,2477069, ,AF
ORO,D,15,STORAGE,19990918 0000,19990919 0000,2476578, ,AF
ORO,D,15,STORAGE,19990919 0000,19990920 0000,2486055, ,AF
ORO,D,15,STORAGE,19990920 0000,19990921 0000,2479775, ,AF
ORO,D,15,STORAGE,19990921 0000,19990922 0000,2471786, ,AF
ORO,D,15,STORAGE,19990922 0000,19990923 0000,2464796, ,AF
ORO,D,15,STORAGE,19990923 0000,19990924 0000,2457698, ,AF
ORO,D,15,STORAGE,19990924 0000,19990925 0000,2451834, ,AF
ORO,D,15,STORAGE,19990925 0000,19990926 0000,2448419, ,AF
ORO,D,15,STORAGE,19990926 0000,19990927 0000,2454399, ,AF
ORO,D,15,STORAGE,19990927 0000,19990927 0000,2446960, ,AF
ORO,D,15,STORAGE,19990928 0000,19990928 0000,2441845, ,AF
ORO,D,15,STORAGE,19990929 0000,19990930 0000,2435761, ,AF
ORO,D,15,STORAGE,19990930 0000,19991001 0000,2427508, ,AF
ORO,D,15,STORAGE,19991001 0000,19991002 0000,2422221, ,AF
ORO,D,15,STORAGE,19991002 0000,19991003 0000,2419924, ,AF
ORO,D,15,STORAGE,19991003 0000,19991004 0000,2418111, ,AF
ORO,D,15,STORAGE,19991004 0000,19991005 0000,2413161, ,AF
ORO,D,15,STORAGE,19991005 0000,19991006 0000,2406291, ,AF
ORO,D,15,STORAGE,19991006 0000,19991007 0000,2397632, ,AF
ORO,D,15,STORAGE,19991007 0000,19991008 0000,2389234, ,AF
ORO,D,15,STORAGE,19991008 0000,19991009 0000,2374528, ,AF
ORO,D,15,STORAGE,19991009 0000,19991010 0000,2370832, ,AF
ORO,D,15,STORAGE,19991010 0000,19991011 0000,2364139, ,AF
ORO,D,15,STORAGE,19991011 0000,19991012 0000,2355730, ,AF
ORO,D,15,STORAGE,19991012 0000,19991013 0000,2349802, ,AF
ORO,D,15,STORAGE,19991013 0000,19991014 0000,2345186, ,AF
ORO,D,15,STORAGE,19991014 0000,19991015 0000,2334204, ,AF
ORO,D,15,STORAGE,19991015 0000,19991016 0000,2330551, ,AF
ORO,D,15,STORAGE,19991016 0000,19991017 0000,2328079, ,AF
ORO,D,15,STORAGE,19991017 0000,19991018 0000,2329844, ,AF
ORO,D,15,STORAGE,19991018 0000,19991019 0000,2328903, ,AF
ORO,D,15,STORAGE,19991019 0000,19991020 0000,2325608, ,AF
ORO,D,15,STORAGE,19991020 0000,19991021 0000,2322435, ,AF
ORO,D,15,STORAGE,19991021 0000,19991022 0000,2315862, ,AF
ORO,D,15,STORAGE,19991022 0000,19991023 0000,2312581, ,AF
ORO,D,15,STORAGE,19991023 0000,19991024 0000,2307431, ,AF
ORO,D,15,STORAGE,19991024 0000,19991025 0000,2309771, ,AF
ORO,D,15,STORAGE,19991025 0000,19991026 0000,2305327, ,AF
ORO,D,15,STORAGE,19991026 0000,19991026 0000,2300000, ,AF
ORO,D,15,STORAGE,19991027 0000,19991028 0000,2295990, ,AF
ORO,D,15,STORAGE,19991028 0000,19991029 0000,2295057, ,AF
ORO,D,15,STORAGE,19991029 0000,19991030 0000,2288655, ,AF
ORO,D,15,STORAGE,19991030 0000,19991031 0000,2292844, ,AF
ORO,D,15,STORAGE,19991031 0000,19991101 0000,2294707, ,AF
ORO,D,15,STORAGE,19991101 0000,19991102 0000,2293426, ,AF
ORO,D,15,STORAGE,19991102 0000,19991103 0000,2294475, ,AF
ORO,D,15,STORAGE,19991103 0000,19991104 0000,2296922, ,AF
ORO,D,15,STORAGE,19991104 0000,19991105 0000,2297038, ,AF
ORO,D,15,STORAGE,19991105 0000,19991106 0000,2296339, ,AF
ORO,D,15,STORAGE,19991106 0000,19991106 0000,---, ,AF
ORO,D,15,STORAGE,19991107 0000,19991108 0000,2308133, ,AF
ORO,D,15,STORAGE,19991108 0000,19991109 0000,2307548, ,AF
ORO,D,15,STORAGE,19991109 0000,19991110 0000,2302990, ,AF
ORO,D,15,STORAGE,19991110 0000,19991111 0000,2297738, ,AF
ORO,D,15,STORAGE,19991111 0000,19991112 0000,2286678, ,AF
ORO,D,15,STORAGE,19991112 0000,19991113 0000,2276699, ,AF
ORO,D,15,STORAGE,19991113 0000,19991114 0000,2271605, ,AF
ORO,D,15,STORAGE,19991114 0000,19991115 0000,2271952, ,AF
ORO,D,15,STORAGE,19991115 0000,19991116 0000,2268598, ,AF
ORO,D,15,STORAGE,19991116 0000,19991117 0000,2267212, ,AF
ORO,D,15,STORAGE,19991117 0000,19991118 0000,2269986, ,AF
ORO,D,15,STORAGE,19991118 0000,19991119 0000,2272415, ,AF
ORO,D,15,STORAGE,19991119 0000,19991120 0000,2273572, ,AF
ORO,D,15,STORAGE,19991120 0000,19991121 0000,2276120, ,AF
ORO,D,15,STORAGE,19991121 0000,19991122 0000,2283774, ,AF
ORO,D,15,STORAGE,19991122 0000,19991123 0000,2279249, ,AF
ORO,D,15,STORAGE,19991123 0000,19991124 0000,2281337, ,AF
ORO,D,15,STORAGE,19991124 0000,19991125 0000,2278322, ,AF
ORO,D,15,STORAGE,19991125 0000,19991126 0000,2284703, ,AF
ORO,D,15,STORAGE,19991126 0000,19991127 0000,2279597, ,AF
ORO,D,15,STORAGE,19991127 0000,19991128 0000,2283774, ,AF
ORO,D,15,STORAGE,19991128 0000,19991129 0000,2290866, ,AF
ORO,D,15,STORAGE,19991129 0000,19991129 0000,2288060, ,AF
ORO,D,15,STORAGE,19991130 0000,19991201 0000,2287841, ,AF
ORO,D,15,STORAGE,19991201 0000,19991202 0000,2285516, ,AF
ORO,D,15,STORAGE,19991202 0000,19991203 0000,2283658, ,AF
ORO,D,15,STORAGE,19991203 0000,19991204 0000,2278438, ,AF
ORO,D,15,STORAGE,19991204 0000,19991205 0000,2279017, ,AF
ORO,D,15,STORAGE,19991205 0000,19991206 0000,2284355, ,AF
ORO,D,15,STORAGE,19991206 0000,19991207 0000,2281568, ,AF
ORO,D,15,STORAGE,19991207 0000,19991208 0000,2278554, ,AF
ORO,D,15,STORAGE,19991208 0000,19991209 0000,2276815, ,AF
ORO,D,15,STORAGE,19991209 0000,19991210 0000,2276120, ,AF
ORO,D,15,STORAGE,19991210 0000,19991211 0000,2275888, ,AF
ORO,D,15,STORAGE,19991211 0000,19991212 0000,2273572, ,AF
ORO,D,15,STORAGE,19991212 0000,19991213 0000,2284006, ,AF
ORO,D,15,STORAGE,19991213 0000,19991214 0000,2277974, ,AF
ORO,D,15,STORAGE,19991214 0000,19991215 0000,2272415, ,AF
ORO,D,15,STORAGE,19991215 0000,19991216 0000,2270679, ,AF
ORO,D,15,STORAGE,19991216 0000,19991217 0000,2267789, ,AF
ORO,D,15,STORAGE,19991217 0000,19991218 0000,2268368, ,AF
ORO,D,15,STORAGE,19991218 0000,19991219 0000,2263979, ,AF
ORO,D,15,STORAGE,19991219 0000,19991220 0000,2267558, ,AF
ORO,D,15,STORAGE,19991220 0000,19991221 0000,2261095, ,AF
ORO,D,15,STORAGE,19991221 0000,19991222 0000,2258790, ,AF
ORO,D,15,STORAGE,19991222 0000,19991223 0000,2249814, ,AF
ORO,D,15,STORAGE,19991223 0000,19991224 0000,2240291, ,AF
ORO,D,15,STORAGE,19991224 0000,19991225 0000,2231596, ,AF
ORO,D,15,STORAGE,19991225 0000,19991226 0000,2230340, ,AF
ORO,D,15,STORAGE,19991226 0000,19991227 0000,2233996, ,AF
ORO,D,15,STORAGE,19991227 0000,19991228 0000,2223722, ,AF
ORO,D,15,STORAGE,19991228 0000,19991229 0000,2216436, ,AF
ORO,D,15,STORAGE,19991229 0000,19991230 0000,2203500, ,AF
ORO,D,15,STORAGE,19991230 0000,19991231 0000,2190843, ,AF
ORO,D,15,STORAGE,19991231 0000,20000101 0000,2186448, ,AF
ORO,D,15,STORAGE,20000101 0000,20000102 0000,2182059, ,AF
ORO,D,15,STORAGE,20000102 0000,20000103 0000,2187236, ,AF
ORO,D,15,STORAGE,20000103 0000,20000104 0000,2181384, ,AF
ORO,D,15,STORAGE,20000104 0000,20000105 0000,2175206, ,AF
ORO,D,15,STORAGE,20000105 0000,20000106 0000,2163893, ,AF
ORO,D,15,STORAGE,20000106 0000,20000107 0000,2159870, ,AF
ORO,D,15,STORAGE,20000107 0000,20000108 0000,2156300, ,AF
ORO,D,15,STORAGE,20000108 0000,20000109 0000,2156188, ,AF
ORO,D,15,STORAGE,20000109 0000,20000110 0000,2157304, ,AF
ORO,D,15,STORAGE,20000110 0000,20000111 0000,2145390, ,AF
ORO,D,15,STORAGE,20000111 0000,20000112 0000,2147390, ,AF
ORO,D,15,STORAGE,20000112 0000,20000113 0000,2144612, ,AF
ORO,D,15,STORAGE,20000113 0000,20000114 0000,2139617, ,AF
ORO,D,15,STORAGE,20000114 0000,20000115 0000,2137288, ,AF
ORO,D,15,STORAGE,20000115 0000,20000116 0000,2138841, ,AF
ORO,D,15,STORAGE,20000116 0000,20000117 0000,2152510, ,AF
ORO,D,15,STORAGE,20000117 0000,20000118 0000,2156188, ,AF
ORO,D,15,STORAGE,20000118 0000,20000119 0000,2165123, ,AF
ORO,D,15,STORAGE,20000119 0000,20000120 0000,2169376, ,AF
ORO,D,15,STORAGE,20000120 0000,20000121 0000,2181946, ,AF
ORO,D,15,STORAGE,20000121 0000,20000122 0000,2185772, ,AF
ORO,D,15,STORAGE,20000122 0000,20000123 0000,2194680, ,AF
ORO,D,15,STORAGE,20000123 0000,20000124 0000,2208033, ,AF
ORO,D,15,STORAGE,20000124 0000,20000125 0000,2234110, ,AF
ORO,D,15,STORAGE,20000125 0000,20000126 0000,2260980, ,AF
ORO,D,15,STORAGE,20000126 0000,20000127 0000,2277394, ,AF
ORO,D,15,STORAGE,20000127 0000,20000128 0000,2290516, ,AF
ORO,D,15,STORAGE,20000128 0000,20000129 0000,2302756, ,AF
ORO,D,15,STORAGE,20000129 0000,20000130 0000,2314222, ,AF
ORO,D,15,STORAGE,20000130 0000,20000131 0000,2335147, ,AF
ORO,D,15,STORAGE,20000131 0000,20000201 0000,2345186, ,AF
ORO,D,15,STORAGE,20000201 0000,20000202 0000,2351935, ,AF
ORO,D,15,STORAGE,20000202 0000,20000203 0000,2359410, ,AF
ORO,D,15,STORAGE,20000203 0000,20000204 0000,2367616, ,AF
ORO,D,15,STORAGE,20000204 0000,20000205 0000,2377990, ,AF
ORO,D,15,STORAGE,20000205 0000,20000206 0000,2387677, ,AF
ORO,D,15,STORAGE,20000206 0000,20000207 0000,2407977, ,AF
ORO,D,15,STORAGE,20000207 0000,20000208 0000,2418232, ,AF
ORO,D,15,STORAGE,20000208 0000,20000209 0000,2424158, ,AF
ORO,D,15,STORAGE,20000209 0000,20000210 0000,2427872, ,AF
ORO,D,15,STORAGE,20000210 0000,20000211 0000,2435882, ,AF
ORO,D,15,STORAGE,20000211 0000,20000212 0000,2449272, ,AF
ORO,D,15,STORAGE,20000212 0000,20000213 0000,2472892, ,AF
ORO,D,15,STORAGE,20000213 0000,20000214 0000,2522602, ,AF
ORO,D,15,STORAGE,20000214 0000,20000215 0000,2632568, ,AF
ORO,D,15,STORAGE,20000215 0000,20000216 0000,2684629, ,AF
ORO,D,15,STORAGE,20000216 0000,20000217 0000,2709794, ,AF
ORO,D,15,STORAGE,20000217 0000,20000218 0000,2719880, ,AF
ORO,D,15,STORAGE,20000218 0000,20000219 0000,2719486, ,AF
ORO,D,15,STORAGE,20000219 0000,20000220 0000,---, ,AF
ORO,D,15,STORAGE,20000220 0000,20000221 0000,2709532, ,AF
ORO,D,15,STORAGE,20000221 0000,20000222 0000,2707310, ,AF
ORO,D,15,STORAGE,20000222 0000,20000223 0000,2707963, ,AF
ORO,D,15,STORAGE,20000223 0000,20000224 0000,2710841, ,AF
ORO,D,15,STORAGE,20000224 0000,20000225 0000,2704696, ,AF
ORO,D,15,STORAGE,20000225 0000,20000226 0000,2694128, ,AF
ORO,D,15,STORAGE,20000226 0000,20000227 0000,2693998, ,AF
ORO,D,15,STORAGE,20000227 0000,20000228 0000,2737626, ,AF
ORO,D,15,STORAGE,20000228 0000,20000229 0000,2753734, ,AF
ORO,D,15,STORAGE,20000229 0000,20000301 0000,2765658, ,AF
ORO,D,15,STORAGE,20000301 0000,20000302 0000,2766986, ,AF
ORO,D,15,STORAGE,20000302 0000,20000303 0000,2761547, ,AF
ORO,D,15,STORAGE,20000303 0000,20000304 0000,2755189, ,AF
ORO,D,15,STORAGE,20000304 0000,20000305 0000,2750296, ,AF
ORO,D,15,STORAGE,20000305 0000,20000306 0000,2771235, ,AF
ORO,D,15,STORAGE,20000306 0000,20000307 0000,2777486, ,AF
ORO,D,15,STORAGE,20000307 0000,20000308 0000,2770438, ,AF
ORO,D,15,STORAGE,20000308 0000,20000309 0000,2763005, ,AF
ORO,D,15,STORAGE,20000309 0000,20000310 0000,2757705, ,AF
ORO,D,15,STORAGE,20000310 0000,20000311 0000,2750296, ,AF
ORO,D,15,STORAGE,20000311 0000,20000312 0000,2743032, ,AF
ORO,D,15,STORAGE,20000312 0000,20000313 0000,2743824, ,AF
ORO,D,15,STORAGE,20000313 0000,20000314 0000,2742636, ,AF
ORO,D,15,STORAGE,20000314 0000,20000315 0000,2734070, ,AF
ORO,D,15,STORAGE,20000315 0000,20000316 0000,2727757, ,AF
ORO,D,15,STORAGE,20000316 0000,20000317 0000,2721323, ,AF
ORO,D,15,STORAGE,20000317 0000,20000318 0000,2719880, ,AF
ORO,D,15,STORAGE,20000318 0000,20000319 0000,2730255, ,AF
ORO,D,15,STORAGE,20000319 0000,20000320 0000,2743032, ,AF
ORO,D,15,STORAGE,20000320 0000,20000321 0000,2749635, ,AF
ORO,D,15,STORAGE,20000321 0000,20000322 0000,2755851, ,AF
ORO,D,15,STORAGE,20000322 0000,20000323 0000,2758896, ,AF
ORO,D,15,STORAGE,20000323 0000,20000324 0000,2761945, ,AF
ORO,D,15,STORAGE,20000324 0000,20000325 0000,2766057, ,AF
ORO,D,15,STORAGE,20000325 0000,20000326 0000,2780948, ,AF
ORO,D,15,STORAGE,20000326 0000,20000327 0000,2796030, ,AF
ORO,D,15,STORAGE,20000327 0000,20000328 0000,2801248, ,AF
ORO,D,15,STORAGE,20000328 0000,20000329 0000,2806339, ,AF
ORO,D,15,STORAGE,20000329 0000,20000330 0000,2816406, ,AF
ORO,D,15,STORAGE,20000330 0000,20000331 0000,2827847, ,AF
ORO,D,15,STORAGE,20000331 0000,20000401 0000,2838644, ,AF
ORO,D,15,STORAGE,20000401 0000,20000402 0000,2853267, ,AF
ORO,D,15,STORAGE,20000402 0000,20000403 0000,2868622, ,AF
ORO,D,15,STORAGE,20000403 0000,20000404 0000,2874344, ,AF
ORO,D,15,STORAGE,20000404 0000,20000405 0000,2886634, ,AF
ORO,D,15,STORAGE,20000405 0000,20000406 0000,2899371, ,AF
ORO,D,15,STORAGE,20000406 0000,20000407 0000,2911460, ,AF
ORO,D,15,STORAGE,20000407 0000,20000408 0000,2924964, ,AF
ORO,D,15,STORAGE,20000408 0000,20000408 0000,2941695, ,AF
ORO,D,15,STORAGE,20000409 0000,20000409 0000,2960028, ,AF
ORO,D,15,STORAGE,20000410 0000,20000411 0000,2965184, ,AF
ORO,D,15,STORAGE,20000411 0000,20000412 0000,2966160, ,AF
ORO,D,15,STORAGE,20000412 0000,20000413 0000,2964906, ,AF
ORO,D,15,STORAGE,20000413 0000,20000414 0000,2971321, ,AF
ORO,D,15,STORAGE,20000414 0000,20000415 0000,2979284, ,AF
ORO,D,15,STORAGE,20000415 0000,20000416 0000,2992588, ,AF
ORO,D,15,STORAGE,20000416 0000,20000417 0000,3009172, ,AF
ORO,D,15,STORAGE,20000417 0000,20000418 0000,3018618, ,AF
ORO,D,15,STORAGE,20000418 0000,20000419 0000,3024408, ,AF
ORO,D,15,STORAGE,20000419 0000,20000420 0000,3030489, ,AF
ORO,D,15,STORAGE,20000420 0000,20000421 0000,3038280, ,AF
ORO,D,15,STORAGE,20000421 0000,20000422 0000,3046369, ,AF
ORO,D,15,STORAGE,20000422 0000,20000423 0000,3060454, ,AF
ORO,D,15,STORAGE,20000423 0000,20000424 0000,3075301, ,AF
ORO,D,15,STORAGE,20000424 0000,20000425 0000,3075873, ,AF
ORO,D,15,STORAGE,20000425 0000,20000426 0000,3079593, ,AF
ORO,D,15,STORAGE,20000426 0000,20000427 0000,3081740, ,AF
ORO,D,15,STORAGE,20000427 0000,20000428 0000,3085179, ,AF
ORO,D,15,STORAGE,20000428 0000,20000429 0000,3096228, ,AF
ORO,D,15,STORAGE,20000429 0000,20000430 0000,3103419, ,AF
ORO,D,15,STORAGE,20000430 0000,20000501 0000,3107451, ,AF
ORO,D,15,STORAGE,20000501 0000,20000502 0000,3102411, ,AF
ORO,D,15,STORAGE,20000502 0000,20000503 0000,3098816, ,AF
ORO,D,15,STORAGE,20000503 0000,20000504 0000,3087760, ,AF
ORO,D,15,STORAGE,20000504 0000,20000505 0000,3079593, ,AF
ORO,D,15,STORAGE,20000505 0000,20000506 0000,3069299, ,AF
ORO,D,15,STORAGE,20000506 0000,20000507 0000,3067586, ,AF
ORO,D,15,STORAGE,20000507 0000,20000508 0000,3070584, ,AF
ORO,D,15,STORAGE,20000508 0000,20000509 0000,3074872, ,AF
ORO,D,15,STORAGE,20000509 0000,20000510 0000,3071584, ,AF
ORO,D,15,STORAGE,20000510 0000,20000511 0000,3065873, ,AF
ORO,D,15,STORAGE,20000511 0000,20000512 0000,3058744, ,AF
ORO,D,15,STORAGE,20000512 0000,20000513 0000,3056039, ,AF
ORO,D,15,STORAGE,20000513 0000,20000514 0000,3067301, ,AF
ORO,D,15,STORAGE,20000514 0000,20000515 0000,3076445, ,AF
ORO,D,15,STORAGE,20000515 0000,20000516 0000,3075015, ,AF
ORO,D,15,STORAGE,20000516 0000,20000517 0000,3074866, ,AF
ORO,D,15,STORAGE,20000517 0000,20000518 0000,3074294, ,AF
ORO,D,15,STORAGE,20000518 0000,20000519 0000,3075730, ,AF
ORO,D,15,STORAGE,20000519 0000,20000520 0000,3080452, ,AF
ORO,D,15,STORAGE,20000520 0000,20000521 0000,3091490, ,AF
ORO,D,15,STORAGE,20000521 0000,20000522 0000,3101836, ,AF
ORO,D,15,STORAGE,20000522 0000,20000523 0000,3104139, ,AF
ORO,D,15,STORAGE,20000523 0000,20000524 0000,3107883, ,AF
ORO,D,15,STORAGE,20000524 0000,20000525 0000,3109036, ,AF
ORO,D,15,STORAGE,20000525 0000,20000526 0000,3109324, ,AF
ORO,D,15,STORAGE,20000526 0000,20000527 0000,3109756, ,AF
ORO,D,15,STORAGE,20000527 0000,20000528 0000,3116536, ,AF
ORO,D,15,STORAGE,20000528 0000,20000529 0000,3125928, ,AF
ORO,D,15,STORAGE,20000529 0000,20000530 0000,3130850, ,AF
ORO,D,15,STORAGE,20000530 0000,20000531 0000,3129836, ,AF
ORO,D,15,STORAGE,20000531 0000,20000601 0000,3127376, ,AF
ORO,D,15,STORAGE,20000601 0000,20000602 0000,3125205, ,AF
ORO,D,15,STORAGE,20000602 0000,20000603 0000,3120291, ,AF
ORO,D,15,STORAGE,20000603 0000,20000604 0000,3123037, ,AF
ORO,D,15,STORAGE,20000604 0000,20000605 0000,3123760, ,AF
ORO,D,15,STORAGE,20000605 0000,20000606 0000,3113073, ,AF
ORO,D,15,STORAGE,20000606 0000,20000607 0000,3101692, ,AF
ORO,D,15,STORAGE,20000607 0000,20000608 0000,3091920, ,AF
ORO,D,15,STORAGE,20000608 0000,20000609 0000,3084176, ,AF
ORO,D,15,STORAGE,20000609 0000,20000610 0000,3076159, ,AF
ORO,D,15,STORAGE,20000610 0000,20000611 0000,3075730, ,AF
ORO,D,15,STORAGE,20000611 0000,20000612 0000,3082170, ,AF
ORO,D,15,STORAGE,20000612 0000,20000613 0000,3072585, ,AF
ORO,D,15,STORAGE,20000613 0000,20000614 0000,3063163, ,AF
ORO,D,15,STORAGE,20000614 0000,20000615 0000,3056466, ,AF
ORO,D,15,STORAGE,20000615 0000,20000616 0000,3050348, ,AF
ORO,D,15,STORAGE,20000616 0000,20000617 0000,3041258, ,AF
ORO,D,15,STORAGE,20000617 0000,20000618 0000,3040549, ,AF
ORO,D,15,STORAGE,20000618 0000,20000619 0000,3045232, ,AF
ORO,D,15,STORAGE,20000619 0000,20000620 0000,3038848, ,AF
ORO,D,15,STORAGE,20000620 0000,20000621 0000,3027943, ,AF
ORO,D,15,STORAGE,20000621 0000,20000622 0000,3013822, ,AF
ORO,D,15,STORAGE,20000622 0000,20000623 0000,3003262, ,AF
ORO,D,15,STORAGE,20000623 0000,20000624 0000,2987822, ,AF
ORO,D,15,STORAGE,20000624 0000,20000625 0000,2972578, ,AF
ORO,D,15,STORAGE,20000625 0000,20000626 0000,2962260, ,AF
ORO,D,15,STORAGE,20000626 0000,20000627 0000,2949050, ,AF
ORO,D,15,STORAGE,20000627 0000,20000628 0000,2930351, ,AF
ORO,D,15,STORAGE,20000628 0000,20000629 0000,2911735, ,AF
ORO,D,15,STORAGE,20000629 0000,20000630 0000,2893340, ,AF
ORO,D,15,STORAGE,20000630 0000,20000701 0000,2874068, ,AF
ORO,D,15,STORAGE,20000701 0000,20000702 0000,2858016, ,AF
ORO,D,15,STORAGE,20000702 0000,20000703 0000,2846761, ,AF
ORO,D,15,STORAGE,20000703 0000,20000704 0000,2828656, ,AF
ORO,D,15,STORAGE,20000704 0000,20000705 0000,2816810, ,AF
ORO,D,15,STORAGE,20000705 0000,20000706 0000,2802453, ,AF
ORO,D,15,STORAGE,20000706 0000,20000707 0000,2783746, ,AF
ORO,D,15,STORAGE,20000707 0000,20000708 0000,2768446, ,AF
ORO,D,15,STORAGE,20000708 0000,20000709 0000,2752543, ,AF
ORO,D,15,STORAGE,20000709 0000,20000710 0000,2741449, ,AF
ORO,D,15,STORAGE,20000710 0000,20000711 0000,2729466, ,AF
ORO,D,15,STORAGE,20000711 0000,20000712 0000,2710972, ,AF
ORO,D,15,STORAGE,20000712 0000,20000713 0000,2691653, ,AF
ORO,D,15,STORAGE,20000713 0000,20000714 0000,2674103, ,AF
ORO,D,15,STORAGE,20000714 0000,20000715 0000,2655473, ,AF
ORO,D,15,STORAGE,20000715 0000,20000716 0000,2646707, ,AF
ORO,D,15,STORAGE,20000716 0000,20000717 0000,2641688, ,AF
ORO,D,15,STORAGE,20000717 0000,20000718 0000,2627313, ,AF
ORO,D,15,STORAGE,20000718 0000,20000719 0000,2611589, ,AF
ORO,D,15,STORAGE,20000719 0000,20000720 0000,2598853, ,AF
ORO,D,15,STORAGE,20000720 0000,20000721 0000,2580969, ,AF
ORO,D,15,STORAGE,20000721 0000,20000722 0000,2562417, ,AF
ORO,D,15,STORAGE,20000722 0000,20000723 0000,2546338, ,AF
ORO,D,15,STORAGE,20000723 0000,20000724 0000,2533076, ,AF
ORO,D,15,STORAGE,20000724 0000,20000725 0000,2514766, ,AF
ORO,D,15,STORAGE,20000725 0000,20000726 0000,2496176, ,AF
ORO,D,15,STORAGE,20000726 0000,20000727 0000,2481621, ,AF
ORO,D,15,STORAGE,20000727 0000,20000728 0000,2467003, ,AF
ORO,D,15,STORAGE,20000728 0000,20000729 0000,2453300, ,AF
ORO,D,15,STORAGE,20000729 0000,20000730 0000,2435518, ,AF
ORO,D,15,STORAGE,20000730 0000,20000731 0000,2420891, ,AF
ORO,D,15,STORAGE,20000731 0000,20000801 0000,2412920, ,AF
ORO,D,15,STORAGE,20000801 0000,20000802 0000,2397152, ,AF
ORO,D,15,STORAGE,20000802 0000,20000803 0000,2378706, ,AF
ORO,D,15,STORAGE,20000803 0000,20000804 0000,2361311, ,AF
ORO,D,15,STORAGE,20000804 0000,20000805 0000,2346961, ,AF
ORO,D,15,STORAGE,20000805 0000,20000806 0000,2332436, ,AF
ORO,D,15,STORAGE,20000806 0000,20000807 0000,2317973, ,AF
ORO,D,15,STORAGE,20000807 0000,20000808 0000,2305210, ,AF
ORO,D,15,STORAGE,20000808 0000,20000809 0000,2296922, ,AF
ORO,D,15,STORAGE,20000809 0000,20000810 0000,2284587, ,AF
ORO,D,15,STORAGE,20000810 0000,20000811 0000,2272519, ,AF
ORO,D,15,STORAGE,20000811 0000,20000812 0000,2261430, ,AF
ORO,D,15,STORAGE,20000812 0000,20000813 0000,2249920, ,AF
ORO,D,15,STORAGE,20000813 0000,20000814 0000,2247049, ,AF
ORO,D,15,STORAGE,20000814 0000,20000815 0000,2236047, ,AF
ORO,D,15,STORAGE,20000815 0000,20000816 0000,2222576, ,AF
ORO,D,15,STORAGE,20000816 0000,20000817 0000,2207461, ,AF
ORO,D,15,STORAGE,20000817 0000,20000818 0000,2192080, ,AF
ORO,D,15,STORAGE,20000818 0000,20000819 0000,2173859, ,AF
ORO,D,15,STORAGE,20000819 0000,20000820 0000,2160876, ,AF
ORO,D,15,STORAGE,20000820 0000,20000821 0000,2161658, ,AF
ORO,D,15,STORAGE,20000821 0000,20000822 0000,2150617, ,AF
ORO,D,15,STORAGE,20000822 0000,20000823 0000,2132748, ,AF
ORO,D,15,STORAGE,20000823 0000,20000824 0000,2116635, ,AF
ORO,D,15,STORAGE,20000824 0000,20000825 0000,2103348, ,AF
ORO,D,15,STORAGE,20000825 0000,20000826 0000,2091507, ,AF
ORO,D,15,STORAGE,20000826 0000,20000827 0000,2079666, ,AF
ORO,D,15,STORAGE,20000827 0000,20000828 0000,2075321, ,AF
ORO,D,15,STORAGE,20000828 0000,20000829 0000,2063191, ,AF
ORO,D,15,STORAGE,20000829 0000,20000830 0000,2051326, ,AF
ORO,D,15,STORAGE,20000830 0000,20000831 0000,2038974, ,AF
ORO,D,15,STORAGE,20000831 0000,20000901 0000,2033617, ,AF
ORO,D,15,STORAGE,20000901 0000,20000902 0000,2023685, ,AF
ORO,D,15,STORAGE,20000902 0000,20000903 0000,2024325, ,AF
ORO,D,15,STORAGE,20000903 0000,20000904 0000,2026992, ,AF
ORO,D,15,STORAGE,20000904 0000,20000905 0000,2024432, ,AF
ORO,D,15,STORAGE,20000905 0000,20000906 0000,2014533, ,AF
ORO,D,15,STORAGE,20000906 0000,20000907 0000,2000436, ,AF
ORO,D,15,STORAGE,20000907 0000,20000908 0000,1991254, ,AF
ORO,D,15,STORAGE,20000908 0000,20000909 0000,1979372, ,AF
ORO,D,15,STORAGE,20000909 0000,20000910 0000,1975179, ,AF
ORO,D,15,STORAGE,20000910 0000,20000911 0000,1980527, ,AF
ORO,D,15,STORAGE,20000911 0000,20000912 0000,1972980, ,AF
ORO,D,15,STORAGE,20000912 0000,20000913 0000,1964306, ,AF
ORO,D,15,STORAGE,20000913 0000,20000914 0000,1955139, ,AF
ORO,D,15,STORAGE,20000914 0000,20000915 0000,1942482, ,AF
ORO,D,15,STORAGE,20000915 0000,20000916 0000,1936693, ,AF
ORO,D,15,STORAGE,20000916 0000,20000917 0000,1932152, ,AF
ORO,D,15,STORAGE,20000917 0000,20000918 0000,1939482, ,AF
ORO,D,15,STORAGE,20000918 0000,20000919 0000,1935763, ,AF
ORO,D,15,STORAGE,20000919 0000,20000920 0000,1932874, ,AF
ORO,D,15,STORAGE,20000920 0000,20000921 0000,1926590, ,AF
ORO,D,15,STORAGE,20000921 0000,20000922 0000,1926488, ,AF
ORO,D,15,STORAGE,20000922 0000,20000923 0000,1933905, ,AF
ORO,D,15,STORAGE,20000923 0000,20000924 0000,1942379, ,AF
ORO,D,15,STORAGE,20000924 0000,20000925 0000,1947559, ,AF
ORO,D,15,STORAGE,20000925 0000,20000926 0000,1942068, ,AF
ORO,D,15,STORAGE,20000926 0000,20000927 0000,1938139, ,AF
ORO,D,15,STORAGE,20000927 0000,20000928 0000,1931121, ,AF
ORO,D,15,STORAGE,20000928 0000,20000929 0000,1923608, ,AF
ORO,D,15,STORAGE,20000929 0000,20000930 0000,1919295, ,AF
ORO,D,15,STORAGE,20000930 0000,20001001 0000,1919706, ,AF
ORO,D,15,STORAGE,20001001 0000,20001002 0000,1923917, ,AF
ORO,D,15,STORAGE,20001002 0000,20001003 0000,1918372, ,AF
ORO,D,15,STORAGE,20001003 0000,20001004 0000,1915194, ,AF
ORO,D,15,STORAGE,20001004 0000,20001005 0000,1912634, ,AF
ORO,D,15,STORAGE,20001005 0000,20001006 0000,1909361, ,AF
ORO,D,15,STORAGE,20001006 0000,20001007 0000,1903235, ,AF
ORO,D,15,STORAGE,20001007 0000,20001008 0000,1900076, ,AF
ORO,D,15,STORAGE,20001008 0000,20001009 0000,1904970, ,AF
ORO,D,15,STORAGE,20001009 0000,20001010 0000,1900483, ,AF
ORO,D,15,STORAGE,20001010 0000,20001011 0000,1896106, ,AF
ORO,D,15,STORAGE,20001011 0000,20001012 0000,1891838, ,AF
ORO,D,15,STORAGE,20001012 0000,20001013 0000,1889098, ,AF
ORO,D,15,STORAGE,20001013 0000,20001014 0000,1885146, ,AF
ORO,D,15,STORAGE,20001014 0000,20001015 0000,1884336, ,AF
ORO,D,15,STORAGE,20001015 0000,20001016 0000,1887679, ,AF
ORO,D,15,STORAGE,20001016 0000,20001017 0000,1881098, ,AF
ORO,D,15,STORAGE,20001017 0000,20001018 0000,1872316, ,AF
ORO,D,15,STORAGE,20001018 0000,20001019 0000,1865473, ,AF
ORO,D,15,STORAGE,20001019 0000,20001020 0000,1859949, ,AF
ORO,D,15,STORAGE,20001020 0000,20001021 0000,1853737, ,AF
ORO,D,15,STORAGE,20001021 0000,20001021 0000,1855200, ,AF
ORO,D,15,STORAGE,20001022 0000,20001023 0000,1856742, ,AF
ORO,D,15,STORAGE,20001023 0000,20001024 0000,1849838, ,AF
ORO,D,15,STORAGE,20001024 0000,20001025 0000,1843052, ,AF
ORO,D,15,STORAGE,20001025 0000,20001026 0000,1839766, ,AF
ORO,D,15,STORAGE,20001026 0000,20001027 0000,1837080, ,AF
ORO,D,15,STORAGE,20001027 0000,20001028 0000,1831023, ,AF
ORO,D,15,STORAGE,20001028 0000,20001029 0000,1831122, ,AF
ORO,D,15,STORAGE,20001029 0000,20001030 0000,1845346, ,AF
ORO,D,15,STORAGE,20001030 0000,20001031 0000,1838671, ,AF
ORO,D,15,STORAGE,20001031 0000,20001101 0000,1834695, ,AF
ORO,D,15,STORAGE,20001101 0000,20001102 0000,1828346, ,AF
ORO,D,15,STORAGE,20001102 0000,20001103 0000,1821024, ,AF
ORO,D,15,STORAGE,20001103 0000,20001104 0000,1816780, ,AF
ORO,D,15,STORAGE,20001104 0000,20001105 0000,1821914, ,AF
ORO,D,15,STORAGE,20001105 0000,20001106 0000,1831023, ,AF
ORO,D,15,STORAGE,20001106 0000,20001107 0000,1827355, ,AF
ORO,D,15,STORAGE,20001107 0000,20001108 0000,1823199, ,AF
ORO,D,15,STORAGE,20001108 0000,20001109 0000,1814611, ,AF
ORO,D,15,STORAGE,20001109 0000,20001110 0000,1806052, ,AF
ORO,D,15,STORAGE,20001110 0000,20001111 0000,1803402, ,AF
ORO,D,15,STORAGE,20001111 0000,20001112 0000,1799677, ,AF
ORO,D,15,STORAGE,20001112 0000,20001113 0000,1809984, ,AF
ORO,D,15,STORAGE,20001113 0000,20001114 0000,1804482, ,AF
ORO,D,15,STORAGE,20001114 0000,20001115 0000,1795860, ,AF
ORO,D,15,STORAGE,20001115 0000,20001116 0000,1786390, ,AF
ORO,D,15,STORAGE,20001116 0000,20001117 0000,1783469, ,AF
ORO,D,15,STORAGE,20001117 0000,20001118 0000,1783566, ,AF
ORO,D,15,STORAGE,20001118 0000,20001119 0000,1781134, ,AF
ORO,D,15,STORAGE,20001119 0000,20001120 0000,1794882, ,AF
ORO,D,15,STORAGE,20001120 0000,20001121 0000,1793318, ,AF
ORO,D,15,STORAGE,20001121 0000,20001122 0000,1785903, ,AF
ORO,D,15,STORAGE,20001122 0000,20001123 0000,1782010, ,AF
ORO,D,15,STORAGE,20001123 0000,20001124 0000,1790193, ,AF
ORO,D,15,STORAGE,20001124 0000,20001125 0000,1785903, ,AF
ORO,D,15,STORAGE,20001125 0000,20001126 0000,1783080, ,AF
ORO,D,15,STORAGE,20001126 0000,20001127 0000,1789705, ,AF
ORO,D,15,STORAGE,20001127 0000,20001128 0000,1783080, ,AF
ORO,D,15,STORAGE,20001128 0000,20001129 0000,1775405, ,AF
ORO,D,15,STORAGE,20001129 0000,20001130 0000,1767642, ,AF
ORO,D,15,STORAGE,20001130 0000,20001201 0000,1761744, ,AF
ORO,D,15,STORAGE,20001201 0000,20001202 0000,1752778, ,AF
ORO,D,15,STORAGE,20001202 0000,20001203 0000,1752778, ,AF
ORO,D,15,STORAGE,20001203 0000,20001204 0000,1758558, ,AF
ORO,D,15,STORAGE,20001204 0000,20001205 0000,1750181, ,AF
ORO,D,15,STORAGE,20001205 0000,20001206 0000,1747203, ,AF
ORO,D,15,STORAGE,20001206 0000,20001207 0000,1732367, ,AF
ORO,D,15,STORAGE,20001207 0000,20001208 0000,1731031, ,AF
ORO,D,15,STORAGE,20001208 0000,20001209 0000,1729602, ,AF
ORO,D,15,STORAGE,20001209 0000,20001210 0000,1730459, ,AF
ORO,D,15,STORAGE,20001210 0000,20001211 0000,1742504, ,AF
ORO,D,15,STORAGE,20001211 0000,20001212 0000,1737143, ,AF
ORO,D,15,STORAGE,20001212 0000,20001213 0000,1735041, ,AF
ORO,D,15,STORAGE,20001213 0000,20001214 0000,1729411, ,AF
ORO,D,15,STORAGE,20001214 0000,20001215 0000,1726267, ,AF
ORO,D,15,STORAGE,20001215 0000,20001216 0000,1726553, ,AF
ORO,D,15,STORAGE,20001216 0000,20001217 0000,1731127, ,AF
ORO,D,15,STORAGE,20001217 0000,20001218 0000,1742312, ,AF
ORO,D,15,STORAGE,20001218 0000,20001219 0000,1742791, ,AF
ORO,D,15,STORAGE,20001219 0000,20001220 0000,1741354, ,AF
ORO,D,15,STORAGE,20001220 0000,20001221 0000,1729124, ,AF
ORO,D,15,STORAGE,20001221 0000,20001222 0000,1725696, ,AF
ORO,D,15,STORAGE,20001222 0000,20001223 0000,1724269, ,AF
ORO,D,15,STORAGE,20001223 0000,20001224 0000,1724840, ,AF
ORO,D,15,STORAGE,20001224 0000,20001225 0000,1730841, ,AF
ORO,D,15,STORAGE,20001225 0000,20001226 0000,1732940, ,AF
ORO,D,15,STORAGE,20001226 0000,20001227 0000,1733035, ,AF
ORO,D,15,STORAGE,20001227 0000,20001228 0000,1730078, ,AF
ORO,D,15,STORAGE,20001228 0000,20001229 0000,1727220, ,AF
ORO,D,15,STORAGE,20001229 0000,20001230 0000,1724935, ,AF
ORO,D,15,STORAGE,20001230 0000,20001231 0000,1724079, ,AF
ORO,D,15,STORAGE,20001231 0000,20010101 0000,1724935, ,AF
ORO,D,15,STORAGE,20010101 0000,20010102 0000,1725125, ,AF
ORO,D,15,STORAGE,20010102 0000,20010103 0000,1719613, ,AF
ORO,D,15,STORAGE,20010103 0000,20010104 0000,1713924, ,AF
ORO,D,15,STORAGE,20010104 0000,20010105 0000,1705038, ,AF
ORO,D,15,STORAGE,20010105 0000,20010106 0000,1697218, ,AF
ORO,D,15,STORAGE,20010106 0000,20010107 0000,1696467, ,AF
ORO,D,15,STORAGE,20010107 0000,20010108 0000,1700795, ,AF
ORO,D,15,STORAGE,20010108 0000,20010108 0000,1700707,r,AF
ORO,D,15,STORAGE,20010109 0000,20010110 0000,1699760, ,AF
ORO,D,15,STORAGE,20010110 0000,20010111 0000,1697877, ,AF
ORO,D,15,STORAGE,20010111 0000,20010112 0000,1696937, ,AF
ORO,D,15,STORAGE,20010112 0000,20010113 0000,1697031, ,AF
ORO,D,15,STORAGE,20010113 0000,20010114 0000,1699948, ,AF
ORO,D,15,STORAGE,20010114 0000,20010115 0000,1702586, ,AF
ORO,D,15,STORAGE,20010115 0000,20010116 0000,1700795, ,AF
ORO,D,15,STORAGE,20010116 0000,20010117 0000,1693278,,AF
ORO,D,15,STORAGE,20010117 0000,20010118 0000,1687926, ,AF
ORO,D,15,STORAGE,20010118 0000,20010119 0000,1684929, ,AF
ORO,D,15,STORAGE,20010119 0000,20010120 0000,1686895, ,AF
ORO,D,15,STORAGE,20010120 0000,20010121 0000,1692896, ,AF
ORO,D,15,STORAGE,20010121 0000,20010122 0000,1703811, ,AF
ORO,D,15,STORAGE,20010122 0000,20010123 0000,1705604, ,AF
ORO,D,15,STORAGE,20010123 0000,20010124 0000,1705799,r,AF
ORO,D,15,STORAGE,20010124 0000,20010125 0000,1707115, ,AF
ORO,D,15,STORAGE,20010125 0000,20010126 0000,1706555,r,AF
ORO,D,15,STORAGE,20010126 0000,20010127 0000,1703158,r,AF
ORO,D,15,STORAGE,20010127 0000,20010128 0000,1710902,r,AF
ORO,D,15,STORAGE,20010128 0000,20010129 0000,1730181,r,AF
ORO,D,15,STORAGE,20010129 0000,20010130 0000,1738387,r,AF
ORO,D,15,STORAGE,20010130 0000,20010131 0000,1738673,r,AF
ORO,D,15,STORAGE,20010131 0000,20010201 0000,1737048,r,AF
ORO,D,15,STORAGE,20010201 0000,20010202 0000,1736196, ,AF
ORO,D,15,STORAGE,20010202 0000,20010203 0000,1735622, ,AF
ORO,D,15,STORAGE,20010203 0000,20010204 0000,1736482, ,AF
ORO,D,15,STORAGE,20010204 0000,20010205 0000,1750672, ,AF
ORO,D,15,STORAGE,20010205 0000,20010206 0000,1749422,r,AF
ORO,D,15,STORAGE,20010206 0000,20010207 0000,1748461, ,AF
ORO,D,15,STORAGE,20010207 0000,20010208 0000,1748173, ,AF
ORO,D,15,STORAGE,20010208 0000,20010209 0000,1748941, ,AF
ORO,D,15,STORAGE,20010209 0000,20010210 0000,1751441, ,AF
ORO,D,15,STORAGE,20010210 0000,20010211 0000,1752499, ,AF
ORO,D,15,STORAGE,20010211 0000,20010212 0000,1758858, ,AF
ORO,D,15,STORAGE,20010212 0000,20010213 0000,1759437, ,AF
ORO,D,15,STORAGE,20010213 0000,20010214 0000,1758569, ,AF
ORO,D,15,STORAGE,20010214 0000,20010215 0000,1757990, ,AF
ORO,D,15,STORAGE,20010215 0000,20010216 0000,1756351, ,AF
ORO,D,15,STORAGE,20010216 0000,20010217 0000,1752692, ,AF
ORO,D,15,STORAGE,20010217 0000,20010218 0000,1754232, ,AF
ORO,D,15,STORAGE,20010218 0000,20010219 0000,1769493, ,AF
ORO,D,15,STORAGE,20010219 0000,20010220 0000,1774337,r,AF
ORO,D,15,STORAGE,20010220 0000,20010221 0000,1782690, ,AF
ORO,D,15,STORAGE,20010221 0000,20010222 0000,1798404, ,AF
ORO,D,15,STORAGE,20010222 0000,20010223 0000,1808803, ,AF
ORO,D,15,STORAGE,20010223 0000,20010224 0000,1814216, ,AF
ORO,D,15,STORAGE,20010224 0000,20010225 0000,1819246, ,AF
ORO,D,15,STORAGE,20010225 0000,20010226 0000,1836781,r,AF
ORO,D,15,STORAGE,20010226 0000,20010227 0000,1839367, ,AF
ORO,D,15,STORAGE,20010227 0000,20010228 0000,1841458, ,AF
ORO,D,15,STORAGE,20010228 0000,20010301 0000,1842155, ,AF
ORO,D,15,STORAGE,20010301 0000,20010302 0000,1842853, ,AF
ORO,D,15,STORAGE,20010302 0000,20010303 0000,1840960, ,AF
ORO,D,15,STORAGE,20010303 0000,20010304 0000,1840463, ,AF
ORO,D,15,STORAGE,20010304 0000,20010305 0000,1858244,r,AF
ORO,D,15,STORAGE,20010305 0000,20010306 0000,1868188, ,AF
ORO,D,15,STORAGE,20010306 0000,20010307 0000,1869195, ,AF
ORO,D,15,STORAGE,20010307 0000,20010308 0000,1875643, ,AF
ORO,D,15,STORAGE,20010308 0000,20010309 0000,1879480, ,AF
ORO,D,15,STORAGE,20010309 0000,20010310 0000,1885450, ,AF
ORO,D,15,STORAGE,20010310 0000,20010311 0000,1888186, ,AF
ORO,D,15,STORAGE,20010311 0000,20010312 0000,1904357, ,AF
ORO,D,15,STORAGE,20010312 0000,20010313 0000,1904357, ,AF
ORO,D,15,STORAGE,20010313 0000,20010314 0000,1903338, ,AF
ORO,D,15,STORAGE,20010314 0000,20010315 0000,1903235, ,AF
ORO,D,15,STORAGE,20010315 0000,20010316 0000,1903133, ,AF
ORO,D,15,STORAGE,20010316 0000,20010317 0000,1905684, ,AF
ORO,D,15,STORAGE,20010317 0000,20010318 0000,1910282, ,AF
ORO,D,15,STORAGE,20010318 0000,20010319 0000,1925253, ,AF
ORO,D,15,STORAGE,20010319 0000,20010320 0000,1925870, ,AF
ORO,D,15,STORAGE,20010320 0000,20010321 0000,1932977, ,AF
ORO,D,15,STORAGE,20010321 0000,20010322 0000,1941965, ,AF
ORO,D,15,STORAGE,20010322 0000,20010323 0000,1948907, ,AF
ORO,D,15,STORAGE,20010323 0000,20010324 0000,1957116, ,AF
ORO,D,15,STORAGE,20010324 0000,20010325 0000,1965141, ,AF
ORO,D,15,STORAGE,20010325 0000,20010326 0000,1993151, ,AF
ORO,D,15,STORAGE,20010326 0000,20010327 0000,2002340, ,AF
ORO,D,15,STORAGE,20010327 0000,20010328 0000,2009331, ,AF
ORO,D,15,STORAGE,20010328 0000,20010329 0000,2018042, ,AF
ORO,D,15,STORAGE,20010329 0000,20010330 0000,2027739, ,AF
ORO,D,15,STORAGE,20010330 0000,20010331 0000,2038756, ,AF
ORO,D,15,STORAGE,20010331 0000,20010401 0000,2048202, ,AF
ORO,D,15,STORAGE,20010401 0000,20010402 0000,2062755, ,AF
ORO,D,15,STORAGE,20010402 0000,20010403 0000,2061350, ,AF
ORO,D,15,STORAGE,20010403 0000,20010404 0000,2065782, ,AF
ORO,D,15,STORAGE,20010404 0000,20010405 0000,2070438, ,AF
ORO,D,15,STORAGE,20010405 0000,20010406 0000,2074776, ,AF
ORO,D,15,STORAGE,20010406 0000,20010407 0000,2080206, ,AF
ORO,D,15,STORAGE,20010407 0000,20010408 0000,2088917, ,AF
ORO,D,15,STORAGE,20010408 0000,20010409 0000,2102469, ,AF
ORO,D,15,STORAGE,20010409 0000,20010410 0000,2105868, ,AF
ORO,D,15,STORAGE,20010410 0000,20010411 0000,2107184, ,AF
ORO,D,15,STORAGE,20010411 0000,20010412 0000,2107952, ,AF
ORO,D,15,STORAGE,20010412 0000,20010413 0000,2108611, ,AF
ORO,D,15,STORAGE,20010413 0000,20010414 0000,2109270, ,AF
ORO,D,15,STORAGE,20010414 0000,20010415 0000,2113554, ,AF
ORO,D,15,STORAGE,20010415 0000,20010416 0000,2124018, ,AF
ORO,D,15,STORAGE,20010416 0000,20010417 0000,2124460, ,AF
ORO,D,15,STORAGE,20010417 0000,20010418 0000,2124570, ,AF
ORO,D,15,STORAGE,20010418 0000,20010419 0000,2125784, ,AF
ORO,D,15,STORAGE,20010419 0000,20010420 0000,2127110, ,AF
ORO,D,15,STORAGE,20010420 0000,20010421 0000,2130867, ,AF
ORO,D,15,STORAGE,20010421 0000,20010422 0000,2137954, ,AF
ORO,D,15,STORAGE,20010422 0000,20010423 0000,2153736, ,AF
ORO,D,15,STORAGE,20010423 0000,20010424 0000,2155520, ,AF
ORO,D,15,STORAGE,20010424 0000,20010425 0000,2154182, ,AF
ORO,D,15,STORAGE,20010425 0000,20010426 0000,2155408, ,AF
ORO,D,15,STORAGE,20010426 0000,20010427 0000,2157304, ,AF
ORO,D,15,STORAGE,20010427 0000,20010428 0000,2163670, ,AF
ORO,D,15,STORAGE,20010428 0000,20010429 0000,2170945, ,AF
ORO,D,15,STORAGE,20010429 0000,20010430 0000,2188701, ,AF
ORO,D,15,STORAGE,20010430 0000,20010501 0000,2188476, ,AF
ORO,D,15,STORAGE,20010501 0000,20010502 0000,2190505, ,AF
ORO,D,15,STORAGE,20010502 0000,20010503 0000,2192874, ,AF
ORO,D,15,STORAGE,20010503 0000,20010504 0000,2190730, ,AF
ORO,D,15,STORAGE,20010504 0000,20010504 0100,2189036, ,AF
ORO,D,15,STORAGE,20010505 0000,20010505 0100,2188022, ,AF
ORO,D,15,STORAGE,20010506 0000,20010506 0100,2203836, ,AF
ORO,D,15,STORAGE,20010507 0000,20010508 0000,2197956, ,AF
ORO,D,15,STORAGE,20010508 0000,20010509 0000,2196487, ,AF
ORO,D,15,STORAGE,20010509 0000,20010510 0000,2193100, ,AF
ORO,D,15,STORAGE,20010510 0000,20010511 0000,2192197, ,AF
ORO,D,15,STORAGE,20010511 0000,20010511 0100,2191065, ,AF
ORO,D,15,STORAGE,20010512 0000,20010512 0100,2190501, ,AF
ORO,D,15,STORAGE,20010513 0000,20010514 0000,2203727, ,AF
ORO,D,15,STORAGE,20010514 0000,20010515 0000,2199088, ,AF
ORO,D,15,STORAGE,20010515 0000,20010516 0000,2195584, ,AF
ORO,D,15,STORAGE,20010516 0000,20010517 0000,2192197, ,AF
ORO,D,15,STORAGE,20010517 0000,20010518 0000,2186110, ,AF
ORO,D,15,STORAGE,20010518 0000,20010519 0000,2183183, ,AF
ORO,D,15,STORAGE,20010519 0000,20010520 0000,2183408, ,AF
ORO,D,15,STORAGE,20010520 0000,20010521 0000,2186223, ,AF
ORO,D,15,STORAGE,20010521 0000,20010522 0000,2182958, ,AF
ORO,D,15,STORAGE,20010522 0000,20010523 0000,2176665, ,AF
ORO,D,15,STORAGE,20010523 0000,20010524 0000,2168704, ,AF
ORO,D,15,STORAGE,20010524 0000,20010525 0000,2159982, ,AF
ORO,D,15,STORAGE,20010525 0000,20010526 0000,2149059, ,AF
ORO,D,15,STORAGE,20010526 0000,20010527 0000,2146279, ,AF
ORO,D,15,STORAGE,20010527 0000,20010528 0000,2154293, ,AF
ORO,D,15,STORAGE,20010528 0000,20010529 0000,2153847, ,AF
ORO,D,15,STORAGE,20010529 0000,20010530 0000,2144502, ,AF
ORO,D,15,STORAGE,20010530 0000,20010531 0000,2131752, ,AF
ORO,D,15,STORAGE,20010531 0000,20010601 0000,2118837, ,AF
ORO,D,15,STORAGE,20010601 0000,20010602 0000,2109160, ,AF
ORO,D,15,STORAGE,20010602 0000,20010603 0000,2105648, ,AF
ORO,D,15,STORAGE,20010603 0000,20010604 0000,2102688, ,AF
ORO,D,15,STORAGE,20010604 0000,20010604 0000,2095360, ,AF
ORO,D,15,STORAGE,20010605 0000,20010606 0000,2084450, ,AF
ORO,D,15,STORAGE,20010606 0000,20010607 0000,2076947, ,AF
ORO,D,15,STORAGE,20010607 0000,20010608 0000,2062539, ,AF
ORO,D,15,STORAGE,20010608 0000,20010609 0000,2049170, ,AF
ORO,D,15,STORAGE,20010609 0000,20010610 0000,2037042, ,AF
ORO,D,15,STORAGE,20010610 0000,20010611 0000,2033831, ,AF
ORO,D,15,STORAGE,20010611 0000,20010612 0000,2027099, ,AF
ORO,D,15,STORAGE,20010612 0000,20010613 0000,2025285, ,AF
ORO,D,15,STORAGE,20010613 0000,20010614 0000,2017403, ,AF
ORO,D,15,STORAGE,20010614 0000,20010615 0000,2007423, ,AF
ORO,D,15,STORAGE,20010615 0000,20010616 0000,1998428, ,AF
ORO,D,15,STORAGE,20010616 0000,20010617 0000,1993573, ,AF
ORO,D,15,STORAGE,20010617 0000,20010618 0000,1991570, ,AF
ORO,D,15,STORAGE,20010618 0000,20010619 0000,1986516, ,AF
ORO,D,15,STORAGE,20010619 0000,20010620 0000,1986411, ,AF
ORO,D,15,STORAGE,20010620 0000,20010621 0000,1980212, ,AF
ORO,D,15,STORAGE,20010621 0000,20010622 0000,1969110, ,AF
ORO,D,15,STORAGE,20010622 0000,20010623 0000,1957428, ,AF
ORO,D,15,STORAGE,20010623 0000,20010624 0000,1950983, ,AF
ORO,D,15,STORAGE,20010624 0000,20010625 0000,1949841, ,AF
ORO,D,15,STORAGE,20010625 0000,20010626 0000,1943828, ,AF
ORO,D,15,STORAGE,20010626 0000,20010627 0000,1937829, ,AF
ORO,D,15,STORAGE,20010627 0000,20010628 0000,1936899, ,AF
ORO,D,15,STORAGE,20010628 0000,20010629 0000,1934421, ,AF
ORO,D,15,STORAGE,20010629 0000,20010630 0000,1924431, ,AF
ORO,D,15,STORAGE,20010630 0000,20010701 0000,1918269, ,AF
ORO,D,15,STORAGE,20010701 0000,20010702 0000,1917654, ,AF
ORO,D,15,STORAGE,20010702 0000,20010703 0000,1913760, ,AF
ORO,D,15,STORAGE,20010703 0000,20010704 0000,1904459, ,AF
ORO,D,15,STORAGE,20010704 0000,20010705 0000,1899261, ,AF
ORO,D,15,STORAGE,20010705 0000,20010706 0000,1888794, ,AF
ORO,D,15,STORAGE,20010706 0000,20010707 0000,1879178, ,AF
ORO,D,15,STORAGE,20010707 0000,20010708 0000,1876350, ,AF
ORO,D,15,STORAGE,20010708 0000,20010709 0000,1876451, ,AF
ORO,D,15,STORAGE,20010709 0000,20010709 0000,1868490, ,AF
ORO,D,15,STORAGE,20010710 0000,20010711 0000,1864367, ,AF
ORO,D,15,STORAGE,20010711 0000,20010712 0000,1859548, ,AF
ORO,D,15,STORAGE,20010712 0000,20010713 0000,1851737, ,AF
ORO,D,15,STORAGE,20010713 0000,20010714 0000,1846443, ,AF
ORO,D,15,STORAGE,20010714 0000,20010715 0000,1846343, ,AF
ORO,D,15,STORAGE,20010715 0000,20010716 0000,1845744, ,AF
ORO,D,15,STORAGE,20010716 0000,20010717 0000,1836881, ,AF
ORO,D,15,STORAGE,20010717 0000,20010718 0000,1829139, ,AF
ORO,D,15,STORAGE,20010718 0000,20010719 0000,1819049, ,AF
ORO,D,15,STORAGE,20010719 0000,20010720 0000,1806445, ,AF
ORO,D,15,STORAGE,20010720 0000,20010721 0000,1799579, ,AF
ORO,D,15,STORAGE,20010721 0000,20010722 0000,1794588, ,AF
ORO,D,15,STORAGE,20010722 0000,20010723 0000,1795566, ,AF
ORO,D,15,STORAGE,20010723 0000,20010724 0000,1787072, ,AF
ORO,D,15,STORAGE,20010724 0000,20010725 0000,1782301, ,AF
ORO,D,15,STORAGE,20010725 0000,20010726 0000,1772884, ,AF
ORO,D,15,STORAGE,20010726 0000,20010727 0000,1762516, ,AF
ORO,D,15,STORAGE,20010727 0000,20010728 0000,1752297, ,AF
ORO,D,15,STORAGE,20010728 0000,20010729 0000,1752201, ,AF
ORO,D,15,STORAGE,20010729 0000,20010730 0000,1750566, ,AF
ORO,D,15,STORAGE,20010730 0000,20010731 0000,1742600, ,AF
ORO,D,15,STORAGE,20010731 0000,20010801 0000,1730936, ,AF
ORO,D,15,STORAGE,20010801 0000,20010802 0000,1719613, ,AF
ORO,D,15,STORAGE,20010802 0000,20010803 0000,1711274, ,AF
ORO,D,15,STORAGE,20010803 0000,20010804 0000,1701926, ,AF
ORO,D,15,STORAGE,20010804 0000,20010805 0000,1702303, ,AF
ORO,D,15,STORAGE,20010805 0000,20010806 0000,1702114, ,AF
ORO,D,15,STORAGE,20010806 0000,20010807 0000,1692520, ,AF
ORO,D,15,STORAGE,20010807 0000,20010808 0000,1682498, ,AF
ORO,D,15,STORAGE,20010808 0000,20010809 0000,1675777, ,AF
ORO,D,15,STORAGE,20010809 0000,20010810 0000,1663320, ,AF
ORO,D,15,STORAGE,20010810 0000,20010811 0000,1656099, ,AF
ORO,D,15,STORAGE,20010811 0000,20010812 0000,1655914, ,AF
ORO,D,15,STORAGE,20010812 0000,20010813 0000,1655544, ,AF
ORO,D,15,STORAGE,20010813 0000,20010814 0000,1645492, ,AF
ORO,D,15,STORAGE,20010814 0000,20010815 0000,1635118, ,AF
ORO,D,15,STORAGE,20010815 0000,20010816 0000,1626705, ,AF
ORO,D,15,STORAGE,20010816 0000,20010817 0000,1619415, ,AF
ORO,D,15,STORAGE,20010817 0000,20010818 0000,1608160, ,AF
ORO,D,15,STORAGE,20010818 0000,20010819 0000,1603908, ,AF
ORO,D,15,STORAGE,20010819 0000,20010820 0000,1603366, ,AF
ORO,D,15,STORAGE,20010820 0000,20010821 0000,1595699, ,AF
ORO,D,15,STORAGE,20010821 0000,20010822 0000,1588866, ,AF
ORO,D,15,STORAGE,20010822 0000,20010823 0000,1581874, ,AF
ORO,D,15,STORAGE,20010823 0000,20010824 0000,1580353, ,AF
ORO,D,15,STORAGE,20010824 0000,20010825 0000,1569200, ,AF
ORO,D,15,STORAGE,20010825 0000,20010826 0000,1562979, ,AF
ORO,D,15,STORAGE,20010826 0000,20010827 0000,1566443, ,AF
ORO,D,15,STORAGE,20010827 0000,20010828 0000,1560496, ,AF
ORO,D,15,STORAGE,20010828 0000,20010829 0000,1551913, ,AF
ORO,D,15,STORAGE,20010829 0000,20010830 0000,1547767, ,AF
ORO,D,15,STORAGE,20010830 0000,20010831 0000,1541429, ,AF
ORO,D,15,STORAGE,20010831 0000,20010901 0000,1539321, ,AF
ORO,D,15,STORAGE,20010901 0000,20010902 0000,1537917, ,AF
ORO,D,15,STORAGE,20010902 0000,20010903 0000,1542660, ,AF
ORO,D,15,STORAGE,20010903 0000,20010904 0000,1539936, ,AF
ORO,D,15,STORAGE,20010904 0000,20010905 0000,1531870, ,AF
ORO,D,15,STORAGE,20010905 0000,20010906 0000,1525928, ,AF
ORO,D,15,STORAGE,20010906 0000,20010907 0000,1518000, ,AF
ORO,D,15,STORAGE,20010907 0000,20010908 0000,1510174, ,AF
ORO,D,15,STORAGE,20010908 0000,20010909 0000,1508961, ,AF
ORO,D,15,STORAGE,20010909 0000,20010910 0000,1509480, ,AF
ORO,D,15,STORAGE,20010910 0000,20010911 0000,1506883, ,AF
ORO,D,15,STORAGE,20010911 0000,20010912 0000,1496868, ,AF
ORO,D,15,STORAGE,20010912 0000,20010913 0000,1493684, ,AF
ORO,D,15,STORAGE,20010913 0000,20010914 0000,1491019, ,AF
ORO,D,15,STORAGE,20010914 0000,20010915 0000,1490246, ,AF
ORO,D,15,STORAGE,20010915 0000,20010916 0000,1489731, ,AF
ORO,D,15,STORAGE,20010916 0000,20010917 0000,1491363, ,AF
ORO,D,15,STORAGE,20010917 0000,20010918 0000,1491105, ,AF
ORO,D,15,STORAGE,20010918 0000,20010919 0000,1490074, ,AF
ORO,D,15,STORAGE,20010919 0000,20010920 0000,1491105, ,AF
ORO,D,15,STORAGE,20010920 0000,20010921 0000,1490246, ,AF
ORO,D,15,STORAGE,20010921 0000,20010922 0000,1489817, ,AF
ORO,D,15,STORAGE,20010922 0000,20010923 0000,1492652, ,AF
ORO,D,15,STORAGE,20010923 0000,20010924 0000,1495577, ,AF
ORO,D,15,STORAGE,20010924 0000,20010925 0000,1492738, ,AF
ORO,D,15,STORAGE,20010925 0000,20010926 0000,1489130, ,AF
ORO,D,15,STORAGE,20010926 0000,20010927 0000,1488015, ,AF
ORO,D,15,STORAGE,20010927 0000,20010928 0000,1484416, ,AF
ORO,D,15,STORAGE,20010928 0000,20010929 0000,1484586, ,AF
ORO,D,15,STORAGE,20010929 0000,20010930 0000,1483902, ,AF
ORO,D,15,STORAGE,20010930 0000,20011001 0000,1487500, ,AF
ORO,D,15,STORAGE,20011001 0000,20011002 0000,1480651, ,AF
ORO,D,15,STORAGE,20011002 0000,20011003 0000,1478600, ,AF
ORO,D,15,STORAGE,20011003 0000,20011004 0000,1476040, ,AF
ORO,D,15,STORAGE,20011004 0000,20011005 0000,1475016, ,AF
ORO,D,15,STORAGE,20011005 0000,20011006 0000,1475272, ,AF
ORO,D,15,STORAGE,20011006 0000,20011007 0000,1477746, ,AF
ORO,D,15,STORAGE,20011007 0000,20011008 0000,1481848, ,AF
ORO,D,15,STORAGE,20011008 0000,20011009 0000,1482190, ,AF
ORO,D,15,STORAGE,20011009 0000,20011010 0000,1480309, ,AF
ORO,D,15,STORAGE,20011010 0000,20011011 0000,1478771, ,AF
ORO,D,15,STORAGE,20011011 0000,20011012 0000,1475442, ,AF
ORO,D,15,STORAGE,20011012 0000,20011013 0000,1473482, ,AF
ORO,D,15,STORAGE,20011013 0000,20011014 0000,1471098, ,AF
ORO,D,15,STORAGE,20011014 0000,20011015 0000,1469907, ,AF
ORO,D,15,STORAGE,20011015 0000,20011016 0000,1466423, ,AF
ORO,D,15,STORAGE,20011016 0000,20011017 0000,1467442, ,AF
ORO,D,15,STORAGE,20011017 0000,20011018 0000,1464641, ,AF
ORO,D,15,STORAGE,20011018 0000,20011019 0000,1463029, ,AF
ORO,D,15,STORAGE,20011019 0000,20011020 0000,1461250, ,AF
ORO,D,15,STORAGE,20011020 0000,20011021 0000,1461504, ,AF
ORO,D,15,STORAGE,20011021 0000,20011022 0000,1458541, ,AF
ORO,D,15,STORAGE,20011022 0000,20011023 0000,1455920, ,AF
ORO,D,15,STORAGE,20011023 0000,20011024 0000,1452374, ,AF
ORO,D,15,STORAGE,20011024 0000,20011025 0000,1447152, ,AF
ORO,D,15,STORAGE,20011025 0000,20011026 0000,1441354, ,AF
ORO,D,15,STORAGE,20011026 0000,20011027 0000,1436996, ,AF
ORO,D,15,STORAGE,20011027 0000,20011028 0000,1435656, ,AF
ORO,D,15,STORAGE,20011028 0000,20011029 0000,1433816, ,AF
ORO,D,15,STORAGE,20011029 0000,20011030 0000,1432312, ,AF
ORO,D,15,STORAGE,20011030 0000,20011031 0000,1432897, ,AF
ORO,D,15,STORAGE,20011031 0000,20011101 0000,1433398, ,AF
ORO,D,15,STORAGE,20011101 0000,20011102 0000,1429724, ,AF
ORO,D,15,STORAGE,20011102 0000,20011103 0000,1427889, ,AF
ORO,D,15,STORAGE,20011103 0000,20011104 0000,1421813, ,AF
ORO,D,15,STORAGE,20011104 0000,20011105 0000,1416252, ,AF
ORO,D,15,STORAGE,20011105 0000,20011106 0000,1411863, ,AF
ORO,D,15,STORAGE,20011106 0000,20011107 0000,1407566, ,AF
ORO,D,15,STORAGE,20011107 0000,20011108 0000,1402784, ,AF
ORO,D,15,STORAGE,20011108 0000,20011109 0000,1398506, ,AF
ORO,D,15,STORAGE,20011109 0000,20011110 0000,1394156, ,AF
ORO,D,15,STORAGE,20011110 0000,20011111 0000,1389078, ,AF
ORO,D,15,STORAGE,20011111 0000,20011112 0000,1384340, ,AF
ORO,D,15,STORAGE,20011112 0000,20011113 0000,1384421, ,AF
ORO,D,15,STORAGE,20011113 0000,20011114 0000,1382871, ,AF
ORO,D,15,STORAGE,20011114 0000,20011115 0000,1379205, ,AF
ORO,D,15,STORAGE,20011115 0000,20011116 0000,1374246, ,AF
ORO,D,15,STORAGE,20011116 0000,20011117 0000,1369380, ,AF
ORO,D,15,STORAGE,20011117 0000,20011118 0000,1366951, ,AF
ORO,D,15,STORAGE,20011118 0000,20011119 0000,1366871, ,AF
ORO,D,15,STORAGE,20011119 0000,20011120 0000,1364203, ,AF
ORO,D,15,STORAGE,20011120 0000,20011121 0000,1362022, ,AF
ORO,D,15,STORAGE,20011121 0000,20011122 0000,1366628, ,AF
ORO,D,15,STORAGE,20011122 0000,20011123 0000,1385564, ,AF
ORO,D,15,STORAGE,20011123 0000,20011124 0000,1392680, ,AF
ORO,D,15,STORAGE,20011124 0000,20011125 0000,1406328, ,AF
ORO,D,15,STORAGE,20011125 0000,20011126 0000,1415671, ,AF
ORO,D,15,STORAGE,20011126 0000,20011127 0000,1416998, ,AF
ORO,D,15,STORAGE,20011127 0000,20011128 0000,1412690, ,AF
ORO,D,15,STORAGE,20011128 0000,20011129 0000,1415423, ,AF
ORO,D,15,STORAGE,20011129 0000,20011130 0000,1417495, ,AF
ORO,D,15,STORAGE,20011130 0000,20011201 0000,1416920, ,AF
ORO,D,15,STORAGE,20011201 0000,20011202 0000,1422478, ,AF
ORO,D,15,STORAGE,20011202 0000,20011203 0000,1441019, ,AF
ORO,D,15,STORAGE,20011203 0000,20011204 0000,1452206, ,AF
ORO,D,15,STORAGE,20011204 0000,20011205 0000,1454822, ,AF
ORO,D,15,STORAGE,20011205 0000,20011206 0000,1457103, ,AF
ORO,D,15,STORAGE,20011206 0000,20011207 0000,1456849, ,AF
ORO,D,15,STORAGE,20011207 0000,20011208 0000,1460233, ,AF
ORO,D,15,STORAGE,20011208 0000,20011209 0000,1464726, ,AF
ORO,D,15,STORAGE,20011209 0000,20011210 0000,1470418, ,AF
ORO,D,15,STORAGE,20011210 0000,20011211 0000,1469227, ,AF
ORO,D,15,STORAGE,20011211 0000,20011212 0000,1467697, ,AF
ORO,D,15,STORAGE,20011212 0000,20011213 0000,1468122, ,AF
ORO,D,15,STORAGE,20011213 0000,20011214 0000,1464726, ,AF
ORO,D,15,STORAGE,20011214 0000,20011215 0000,1469652, ,AF
ORO,D,15,STORAGE,20011215 0000,20011216 0000,1475442, ,AF
ORO,D,15,STORAGE,20011216 0000,20011217 0000,1480138, ,AF
ORO,D,15,STORAGE,20011217 0000,20011218 0000,1487414, ,AF
ORO,D,15,STORAGE,20011218 0000,20011219 0000,1493856, ,AF
ORO,D,15,STORAGE,20011219 0000,20011220 0000,1496868, ,AF
ORO,D,15,STORAGE,20011220 0000,20011221 0000,1503597, ,AF
ORO,D,15,STORAGE,20011221 0000,20011222 0000,1505845, ,AF
ORO,D,15,STORAGE,20011222 0000,20011223 0000,1511561, ,AF
ORO,D,15,STORAGE,20011223 0000,20011224 0000,1524532, ,AF
ORO,D,15,STORAGE,20011224 0000,20011225 0000,1528897, ,AF
ORO,D,15,STORAGE,20011225 0000,20011226 0000,1540814, ,AF
ORO,D,15,STORAGE,20011226 0000,20011227 0000,1542045, ,AF
ORO,D,15,STORAGE,20011227 0000,20011228 0000,1543628, ,AF
ORO,D,15,STORAGE,20011228 0000,20011229 0000,1545212, ,AF
ORO,D,15,STORAGE,20011229 0000,20011230 0000,1558103, ,AF
ORO,D,15,STORAGE,20011230 0000,20011231 0000,1574993, ,AF
ORO,D,15,STORAGE,20011231 0000,20020101 0000,1595429, ,AF
ORO,D,15,STORAGE,20020101 0000,20020102 0000,1622054, ,AF
ORO,D,15,STORAGE,20020102 0000,20020103 0000,1654158, ,AF
ORO,D,15,STORAGE,20020103 0000,20020104 0000,1682311, ,AF
ORO,D,15,STORAGE,20020104 0000,20020105 0000,1698160, ,AF
ORO,D,15,STORAGE,20020105 0000,20020106 0000,1718000, ,AF
ORO,D,15,STORAGE,20020106 0000,20020107 0000,1753837, ,AF
ORO,D,15,STORAGE,20020107 0000,20020108 0000,1776375, ,AF
ORO,D,15,STORAGE,20020108 0000,20020109 0000,1792536, ,AF
ORO,D,15,STORAGE,20020109 0000,20020110 0000,1803991, ,AF
ORO,D,15,STORAGE,20020110 0000,20020111 0000,1812247, ,AF
ORO,D,15,STORAGE,20020111 0000,20020112 0000,1819642, ,AF
ORO,D,15,STORAGE,20020112 0000,20020113 0000,1829535, ,AF
ORO,D,15,STORAGE,20020113 0000,20020114 0000,1844249, ,AF
ORO,D,15,STORAGE,20020114 0000,20020115 0000,1846044, ,AF
ORO,D,15,STORAGE,20020115 0000,20020116 0000,1848839, ,AF
ORO,D,15,STORAGE,20020116 0000,20020117 0000,1851737, ,AF
ORO,D,15,STORAGE,20020117 0000,20020118 0000,1854438, ,AF
ORO,D,15,STORAGE,20020118 0000,20020119 0000,1859047, ,AF
ORO,D,15,STORAGE,20020119 0000,20020120 0000,1863564, ,AF
ORO,D,15,STORAGE,20020120 0000,20020121 0000,1868289, ,AF
ORO,D,15,STORAGE,20020121 0000,20020122 0000,1870705, ,AF
ORO,D,15,STORAGE,20020122 0000,20020123 0000,1875240, ,AF
ORO,D,15,STORAGE,20020123 0000,20020124 0000,1879076, ,AF
ORO,D,15,STORAGE,20020124 0000,20020125 0000,1882413, ,AF
ORO,D,15,STORAGE,20020125 0000,20020126 0000,1885450, ,AF
ORO,D,15,STORAGE,20020126 0000,20020127 0000,1894378, ,AF
ORO,D,15,STORAGE,20020127 0000,20020128 0000,1901400, ,AF
ORO,D,15,STORAGE,20020128 0000,20020129 0000,1906194, ,AF
ORO,D,15,STORAGE,20020129 0000,20020130 0000,1909361, ,AF
ORO,D,15,STORAGE,20020130 0000,20020131 0000,1911815, ,AF
ORO,D,15,STORAGE,20020131 0000,20020201 0000,1915916, ,AF
ORO,D,15,STORAGE,20020201 0000,20020202 0000,1919500, ,AF
ORO,D,15,STORAGE,20020202 0000,20020203 0000,1924019, ,AF
ORO,D,15,STORAGE,20020203 0000,20020204 0000,1929370, ,AF
ORO,D,15,STORAGE,20020204 0000,20020205 0000,1931637, ,AF
ORO,D,15,STORAGE,20020205 0000,20020206 0000,1934318, ,AF
ORO,D,15,STORAGE,20020206 0000,20020207 0000,1937725, ,AF
ORO,D,15,STORAGE,20020207 0000,20020208 0000,1941758, ,AF
ORO,D,15,STORAGE,20020208 0000,20020209 0000,1950983, ,AF
ORO,D,15,STORAGE,20020209 0000,20020210 0000,1957012, ,AF
ORO,D,15,STORAGE,20020210 0000,20020211 0000,1972352, ,AF
ORO,D,15,STORAGE,20020211 0000,20020212 0000,1976646, ,AF
ORO,D,15,STORAGE,20020212 0000,20020213 0000,1980947, ,AF
ORO,D,15,STORAGE,20020213 0000,20020214 0000,1983468, ,AF
ORO,D,15,STORAGE,20020214 0000,20020215 0000,1987147, ,AF
ORO,D,15,STORAGE,20020215 0000,20020216 0000,1990306, ,AF
ORO,D,15,STORAGE,20020216 0000,20020217 0000,1995261, ,AF
ORO,D,15,STORAGE,20020217 0000,20020218 0000,2000225, ,AF
ORO,D,15,STORAGE,20020218 0000,20020219 0000,2004880, ,AF
ORO,D,15,STORAGE,20020219 0000,20020220 0000,2011241, ,AF
ORO,D,15,STORAGE,20020220 0000,20020221 0000,2026992, ,AF
ORO,D,15,STORAGE,20020221 0000,20020222 0000,2040149, ,AF
ORO,D,15,STORAGE,20020222 0000,20020223 0000,2051645, ,AF
ORO,D,15,STORAGE,20020223 0000,20020224 0000,2066107, ,AF
ORO,D,15,STORAGE,20020224 0000,20020225 0000,2085429, ,AF
ORO,D,15,STORAGE,20020225 0000,20020226 0000,2098419, ,AF
ORO,D,15,STORAGE,20020226 0000,20020227 0000,2106635, ,AF
ORO,D,15,STORAGE,20020227 0000,20020228 0000,2113334, ,AF
ORO,D,15,STORAGE,20020228 0000,20020301 0000,2120160,r,AF
ORO,D,15,STORAGE,20020301 0000,20020302 0000,2127110, ,AF
ORO,D,15,STORAGE,20020302 0000,20020303 0000,2134741, ,AF
ORO,D,15,STORAGE,20020303 0000,20020304 0000,2142280, ,AF
ORO,D,15,STORAGE,20020304 0000,20020305 0000,2149059, ,AF
ORO,D,15,STORAGE,20020305 0000,20020306 0000,2154739, ,AF
ORO,D,15,STORAGE,20020306 0000,20020307 0000,2167473, ,AF
ORO,D,15,STORAGE,20020307 0000,20020308 0000,2185434, ,AF
ORO,D,15,STORAGE,20020308 0000,20020309 0000,2199426, ,AF
ORO,D,15,STORAGE,20020309 0000,20020310 0000,2213822, ,AF
ORO,D,15,STORAGE,20020310 0000,20020311 0000,2227828, ,AF
ORO,D,15,STORAGE,20020311 0000,20020312 0000,2238344, ,AF
ORO,D,15,STORAGE,20020312 0000,20020313 0000,2248550, ,AF
ORO,D,15,STORAGE,20020313 0000,20020314 0000,2260172, ,AF
ORO,D,15,STORAGE,20020314 0000,20020315 0000,2267905, ,AF
ORO,D,15,STORAGE,20020315 0000,20020316 0000,2275541, ,AF
ORO,D,15,STORAGE,20020316 0000,20020317 0000,2284587, ,AF
ORO,D,15,STORAGE,20020317 0000,20020318 0000,2293426, ,AF
ORO,D,15,STORAGE,20020318 0000,20020319 0000,2298904, ,AF
ORO,D,15,STORAGE,20020319 0000,20020320 0000,2305911, ,AF
ORO,D,15,STORAGE,20020320 0000,20020321 0000,2312464, ,AF
ORO,D,15,STORAGE,20020321 0000,20020322 0000,2315862, ,AF
ORO,D,15,STORAGE,20020322 0000,20020323 0000,2323375, ,AF
ORO,D,15,STORAGE,20020323 0000,20020324 0000,2335383, ,AF
ORO,D,15,STORAGE,20020324 0000,20020325 0000,2349566, ,AF
ORO,D,15,STORAGE,20020325 0000,20020326 0000,2357629, ,AF
ORO,D,15,STORAGE,20020326 0000,20020327 0000,2364403, ,AF
ORO,D,15,STORAGE,20020327 0000,20020328 0000,2370594, ,AF
ORO,D,15,STORAGE,20020328 0000,20020329 0000,2377871, ,AF
ORO,D,15,STORAGE,20020329 0000,20020330 0000,2383368, ,AF
ORO,D,15,STORAGE,20020330 0000,20020331 0000,2394390, ,AF
ORO,D,15,STORAGE,20020331 0000,20020401 0000,2414816, ,AF
ORO,D,15,STORAGE,20020401 0000,20020402 0000,2424158, ,AF
ORO,D,15,STORAGE,20020402 0000,20020403 0000,2435032, ,AF
ORO,D,15,STORAGE,20020403 0000,20020404 0000,2446347, ,AF
ORO,D,15,STORAGE,20020404 0000,20020405 0000,2458921, ,AF
ORO,D,15,STORAGE,20020405 0000,20020406 0000,2471910, ,AF
ORO,D,15,STORAGE,20020406 0000,20020407 0000,2486179, ,AF
ORO,D,15,STORAGE,20020407 0000,20020408 0000,2507194, ,AF
ORO,D,15,STORAGE,20020408 0000,20020409 0000,2519116, ,AF
ORO,D,15,STORAGE,20020409 0000,20020410 0000,2529456, ,AF
ORO,D,15,STORAGE,20020410 0000,20020411 0000,2541328, ,AF
ORO,D,15,STORAGE,20020411 0000,20020412 0000,2552360, ,AF
ORO,D,15,STORAGE,20020412 0000,20020413 0000,2561913, ,AF
ORO,D,15,STORAGE,20020413 0000,20020414 0000,2572880, ,AF
ORO,D,15,STORAGE,20020414 0000,20020415 0000,2586034, ,AF
ORO,D,15,STORAGE,20020415 0000,20020416 0000,2599997, ,AF
ORO,D,15,STORAGE,20020416 0000,20020417 0000,2609038, ,AF
ORO,D,15,STORAGE,20020417 0000,20020418 0000,2617206, ,AF
ORO,D,15,STORAGE,20020418 0000,20020419 0000,2623472, ,AF
ORO,D,15,STORAGE,20020419 0000,20020420 0000,2627569, ,AF
ORO,D,15,STORAGE,20020420 0000,20020421 0000,2631543, ,AF
ORO,D,15,STORAGE,20020421 0000,20020422 0000,2637575, ,AF
ORO,D,15,STORAGE,20020422 0000,20020423 0000,2638988, ,AF
ORO,D,15,STORAGE,20020423 0000,20020424 0000,2640659, ,AF
ORO,D,15,STORAGE,20020424 0000,20020425 0000,2643489, ,AF
ORO,D,15,STORAGE,20020425 0000,20020426 0000,2647737, ,AF
ORO,D,15,STORAGE,20020426 0000,20020427 0000,2649798, ,AF
ORO,D,15,STORAGE,20020427 0000,20020428 0000,2655344, ,AF
ORO,D,15,STORAGE,20020428 0000,20020429 0000,2659217, ,AF
ORO,D,15,STORAGE,20020429 0000,20020430 0000,2658830, ,AF
ORO,D,15,STORAGE,20020430 0000,20020501 0000,2659088, ,AF
ORO,D,15,STORAGE,20020501 0000,20020502 0000,2653537, ,AF
ORO,D,15,STORAGE,20020502 0000,20020503 0000,2650442, ,AF
ORO,D,15,STORAGE,20020503 0000,20020504 0000,2644776, ,AF
ORO,D,15,STORAGE,20020504 0000,20020505 0000,2648767, ,AF
ORO,D,15,STORAGE,20020505 0000,20020506 0000,2654957, ,AF
ORO,D,15,STORAGE,20020506 0000,20020507 0000,2650314, ,AF
ORO,D,15,STORAGE,20020507 0000,20020508 0000,2648896, ,AF
ORO,D,15,STORAGE,20020508 0000,20020509 0000,2645419, ,AF
ORO,D,15,STORAGE,20020509 0000,20020510 0000,2641946,r,AF
ORO,D,15,STORAGE,20020510 0000,20020511 0000,2640017, ,AF
ORO,D,15,STORAGE,20020511 0000,20020512 0000,2642460, ,AF
ORO,D,15,STORAGE,20020512 0000,20020513 0000,2655731, ,AF
ORO,D,15,STORAGE,20020513 0000,20020514 0000,2649669, ,AF
ORO,D,15,STORAGE,20020514 0000,20020515 0000,2641946, ,AF
ORO,D,15,STORAGE,20020515 0000,20020516 0000,2638217, ,AF
ORO,D,15,STORAGE,20020516 0000,20020517 0000,2633724, ,AF
ORO,D,15,STORAGE,20020517 0000,20020518 0000,2628338, ,AF
ORO,D,15,STORAGE,20020518 0000,20020519 0000,2631671, ,AF
ORO,D,15,STORAGE,20020519 0000,20020520 0000,2638988, ,AF
ORO,D,15,STORAGE,20020520 0000,20020521 0000,2636804, ,AF
ORO,D,15,STORAGE,20020521 0000,20020522 0000,2635777, ,AF
ORO,D,15,STORAGE,20020522 0000,20020523 0000,2634365, ,AF
ORO,D,15,STORAGE,20020523 0000,20020524 0000,2632697, ,AF
ORO,D,15,STORAGE,20020524 0000,20020525 0000,2631671, ,AF
ORO,D,15,STORAGE,20020525 0000,20020526 0000,2632568, ,AF
ORO,D,15,STORAGE,20020526 0000,20020527 0000,2642717, ,AF
ORO,D,15,STORAGE,20020527 0000,20020528 0000,2645676, ,AF
ORO,D,15,STORAGE,20020528 0000,20020529 0000,2643489, ,AF
ORO,D,15,STORAGE,20020529 0000,20020530 0000,2641946, ,AF
ORO,D,15,STORAGE,20020530 0000,20020531 0000,2640403, ,AF
ORO,D,15,STORAGE,20020531 0000,20020601 0000,2639503, ,AF
ORO,D,15,STORAGE,20020601 0000,20020602 0000,2642588, ,AF
ORO,D,15,STORAGE,20020602 0000,20020603 0000,2648896, ,AF
ORO,D,15,STORAGE,20020603 0000,20020604 0000,2646449, ,AF
ORO,D,15,STORAGE,20020604 0000,20020605 0000,2638732, ,AF
ORO,D,15,STORAGE,20020605 0000,20020606 0000,2627441, ,AF
ORO,D,15,STORAGE,20020606 0000,20020607 0000,2619634, ,AF
ORO,D,15,STORAGE,20020607 0000,20020608 0000,2607636, ,AF
ORO,D,15,STORAGE,20020608 0000,20020609 0000,2602414, ,AF
ORO,D,15,STORAGE,20020609 0000,20020610 0000,2599362, ,AF
ORO,D,15,STORAGE,20020610 0000,20020611 0000,2588822, ,AF
ORO,D,15,STORAGE,20020611 0000,20020612 0000,2578440, ,AF
ORO,D,15,STORAGE,20020612 0000,20020613 0000,2565817, ,AF
ORO,D,15,STORAGE,20020613 0000,20020614 0000,2551731, ,AF
ORO,D,15,STORAGE,20020614 0000,20020615 0000,2537325, ,AF
ORO,D,15,STORAGE,20020615 0000,20020616 0000,2526588, ,AF
ORO,D,15,STORAGE,20020616 0000,20020617 0000,2522103, ,AF
ORO,D,15,STORAGE,20020617 0000,20020618 0000,2510419, ,AF
ORO,D,15,STORAGE,20020618 0000,20020619 0000,2494075, ,AF
ORO,D,15,STORAGE,20020619 0000,20020620 0000,2480636, ,AF
ORO,D,15,STORAGE,20020620 0000,20020621 0000,2468352, ,AF
ORO,D,15,STORAGE,20020621 0000,20020622 0000,2460266, ,AF
ORO,D,15,STORAGE,20020622 0000,20020623 0000,2454521, ,AF
ORO,D,15,STORAGE,20020623 0000,20020624 0000,2447809, ,AF
ORO,D,15,STORAGE,20020624 0000,20020625 0000,2435761, ,AF
ORO,D,15,STORAGE,20020625 0000,20020626 0000,2423068, ,AF
ORO,D,15,STORAGE,20020626 0000,20020627 0000,2409062, ,AF
ORO,D,15,STORAGE,20020627 0000,20020628 0000,2393311, ,AF
ORO,D,15,STORAGE,20020628 0000,20020629 0000,2374887, ,AF
ORO,D,15,STORAGE,20020629 0000,20020630 0000,2362024, ,AF
ORO,D,15,STORAGE,20020630 0000,20020701 0000,2353832, ,AF
ORO,D,15,STORAGE,20020701 0000,20020702 0000,2339041, ,AF
ORO,D,15,STORAGE,20020702 0000,20020703 0000,2321613, ,AF
ORO,D,15,STORAGE,20020703 0000,20020704 0000,2306028, ,AF
ORO,D,15,STORAGE,20020704 0000,20020705 0000,2290516, ,AF
ORO,D,15,STORAGE,20020705 0000,20020706 0000,2273341, ,AF
ORO,D,15,STORAGE,20020706 0000,20020707 0000,2256140, ,AF
ORO,D,15,STORAGE,20020707 0000,20020708 0000,2238802, ,AF
ORO,D,15,STORAGE,20020708 0000,20020709 0000,2222696, ,AF
ORO,D,15,STORAGE,20020709 0000,20020710 0000,2205539, ,AF
ORO,D,15,STORAGE,20020710 0000,20020711 0000,2189374,r,AF
ORO,D,15,STORAGE,20020711 0000,20020712 0000,2173409,r,AF
ORO,D,15,STORAGE,20020712 0000,20020713 0000,2154962, ,AF
ORO,D,15,STORAGE,20020713 0000,20020714 0000,2147280, ,AF
ORO,D,15,STORAGE,20020714 0000,20020715 0000,2135073, ,AF
ORO,D,15,STORAGE,20020715 0000,20020716 0000,2117956, ,AF
ORO,D,15,STORAGE,20020716 0000,20020717 0000,2100498, ,AF
ORO,D,15,STORAGE,20020717 0000,20020718 0000,2080315, ,AF
ORO,D,15,STORAGE,20020718 0000,20020719 0000,2063620, ,AF
ORO,D,15,STORAGE,20020719 0000,20020720 0000,2048095, ,AF
ORO,D,15,STORAGE,20020720 0000,20020721 0000,2036185, ,AF
ORO,D,15,STORAGE,20020721 0000,20020722 0000,2026885, ,AF
ORO,D,15,STORAGE,20020722 0000,20020723 0000,2012833, ,AF
ORO,D,15,STORAGE,20020723 0000,20020724 0000,1996950, ,AF
ORO,D,15,STORAGE,20020724 0000,20020725 0000,1981262, ,AF
ORO,D,15,STORAGE,20020725 0000,20020726 0000,1966707, ,AF
ORO,D,15,STORAGE,20020726 0000,20020727 0000,1948907, ,AF
ORO,D,15,STORAGE,20020727 0000,20020728 0000,1936279, ,AF
ORO,D,15,STORAGE,20020728 0000,20020729 0000,1925973, ,AF
ORO,D,15,STORAGE,20020729 0000,20020730 0000,1912532, ,AF
ORO,D,15,STORAGE,20020730 0000,20020731 0000,1897327, ,AF
ORO,D,15,STORAGE,20020731 0000,20020801 0000,1883020, ,AF
ORO,D,15,STORAGE,20020801 0000,20020802 0000,1868087, ,AF
ORO,D,15,STORAGE,20020802 0000,20020803 0000,1853838, ,AF
ORO,D,15,STORAGE,20020803 0000,20020804 0000,1841757, ,AF
ORO,D,15,STORAGE,20020804 0000,20020805 0000,1833404, ,AF
ORO,D,15,STORAGE,20020805 0000,20020806 0000,1821222, ,AF
ORO,D,15,STORAGE,20020806 0000,20020807 0000,1809591, ,AF
ORO,D,15,STORAGE,20020807 0000,20020808 0000,1795566, ,AF
ORO,D,15,STORAGE,20020808 0000,20020809 0000,1783274, ,AF
ORO,D,15,STORAGE,20020809 0000,20020810 0000,1768997, ,AF
ORO,D,15,STORAGE,20020810 0000,20020811 0000,1758269, ,AF
ORO,D,15,STORAGE,20020811 0000,20020812 0000,1749028, ,AF
ORO,D,15,STORAGE,20020812 0000,20020813 0000,1734372, ,AF
ORO,D,15,STORAGE,20020813 0000,20020814 0000,1721417, ,AF
ORO,D,15,STORAGE,20020814 0000,20020815 0000,1711936, ,AF
ORO,D,15,STORAGE,20020815 0000,20020816 0000,1699854, ,AF
ORO,D,15,STORAGE,20020816 0000,20020817 0000,1688301, ,AF
ORO,D,15,STORAGE,20020817 0000,20020818 0000,1681190, ,AF
ORO,D,15,STORAGE,20020818 0000,20020819 0000,1676150, ,AF
ORO,D,15,STORAGE,20020819 0000,20020820 0000,1664433, ,AF
ORO,D,15,STORAGE,20020820 0000,20020821 0000,1653789, ,AF
ORO,D,15,STORAGE,20020821 0000,20020822 0000,1639060, ,AF
ORO,D,15,STORAGE,20020822 0000,20020823 0000,1626066, ,AF
ORO,D,15,STORAGE,20020823 0000,20020824 0000,1612238, ,AF
ORO,D,15,STORAGE,20020824 0000,20020825 0000,1605716, ,AF
ORO,D,15,STORAGE,20020825 0000,20020826 0000,1602192, ,AF
ORO,D,15,STORAGE,20020826 0000,20020827 0000,1592460, ,AF
ORO,D,15,STORAGE,20020827 0000,20020828 0000,1582142, ,AF
ORO,D,15,STORAGE,20020828 0000,20020829 0000,1570803, ,AF
ORO,D,15,STORAGE,20020829 0000,20020830 0000,1560407, ,AF
ORO,D,15,STORAGE,20020830 0000,20020831 0000,1548472, ,AF
ORO,D,15,STORAGE,20020831 0000,20020901 0000,1539497, ,AF
ORO,D,15,STORAGE,20020901 0000,20020902 0000,1534234, ,AF
ORO,D,15,STORAGE,20020902 0000,20020903 0000,1525404, ,AF
ORO,D,15,STORAGE,20020903 0000,20020904 0000,1517652, ,AF
ORO,D,15,STORAGE,20020904 0000,20020905 0000,1510347, ,AF
ORO,D,15,STORAGE,20020905 0000,20020906 0000,1504116, ,AF
ORO,D,15,STORAGE,20020906 0000,20020907 0000,1500057, ,AF
ORO,D,15,STORAGE,20020907 0000,20020908 0000,1494544, ,AF
ORO,D,15,STORAGE,20020908 0000,20020909 0000,1493512, ,AF
ORO,D,15,STORAGE,20020909 0000,20020910 0000,1486728, ,AF
ORO,D,15,STORAGE,20020910 0000,20020911 0000,1481250, ,AF
ORO,D,15,STORAGE,20020911 0000,20020912 0000,1473653, ,AF
ORO,D,15,STORAGE,20020912 0000,20020913 0000,1465574, ,AF
ORO,D,15,STORAGE,20020913 0000,20020914 0000,1460488, ,AF
ORO,D,15,STORAGE,20020914 0000,20020915 0000,1458372, ,AF
ORO,D,15,STORAGE,20020915 0000,20020916 0000,1458118, ,AF
ORO,D,15,STORAGE,20020916 0000,20020917 0000,1450267, ,AF
ORO,D,15,STORAGE,20020917 0000,20020918 0000,1442193, ,AF
ORO,D,15,STORAGE,20020918 0000,20020919 0000,1438419, ,AF
ORO,D,15,STORAGE,20020919 0000,20020920 0000,1431894, ,AF
ORO,D,15,STORAGE,20020920 0000,20020921 0000,1427889, ,AF
ORO,D,15,STORAGE,20020921 0000,20020922 0000,1425057, ,AF
ORO,D,15,STORAGE,20020922 0000,20020923 0000,1425224, ,AF
ORO,D,15,STORAGE,20020923 0000,20020924 0000,1419072, ,AF
ORO,D,15,STORAGE,20020924 0000,20020925 0000,1413435, ,AF
ORO,D,15,STORAGE,20020925 0000,20020926 0000,1408640, ,AF
ORO,D,15,STORAGE,20020926 0000,20020927 0000,1402208, ,AF
ORO,D,15,STORAGE,20020927 0000,20020928 0000,1400891, ,AF
ORO,D,15,STORAGE,20020928 0000,20020929 0000,1402125, ,AF
ORO,D,15,STORAGE,20020929 0000,20020930 0000,1404432, ,AF
ORO,D,15,STORAGE,20020930 0000,20021001 0000,1399575, ,AF
ORO,D,15,STORAGE,20021001 0000,20021002 0000,1396211,r,AF
ORO,D,15,STORAGE,20021002 0000,20021003 0000,1392848,r,AF
ORO,D,15,STORAGE,20021003 0000,20021004 0000,1390719,r,AF
ORO,D,15,STORAGE,20021004 0000,20021005 0000,1386793,r,AF
ORO,D,15,STORAGE,20021005 0000,20021006 0000,1380430,r,AF
ORO,D,15,STORAGE,20021006 0000,20021007 0000,1374006,r,AF
ORO,D,15,STORAGE,20021007 0000,20021008 0000,1370355,r,AF
ORO,D,15,STORAGE,20021008 0000,20021009 0000,1365984,r,AF
ORO,D,15,STORAGE,20021009 0000,20021010 0000,1364771,r,AF
ORO,D,15,STORAGE,20021010 0000,20021011 0000,1363317,r,AF
ORO,D,15,STORAGE,20021011 0000,20021012 0000,1360331,r,AF
ORO,D,15,STORAGE,20021012 0000,20021013 0000,1359284,r,AF
ORO,D,15,STORAGE,20021013 0000,20021014 0000,1357269,r,AF
ORO,D,15,STORAGE,20021014 0000,20021015 0000,1356143,r,AF
ORO,D,15,STORAGE,20021015 0000,20021016 0000,1353569,r,AF
ORO,D,15,STORAGE,20021016 0000,20021017 0000,1350839,r,AF
ORO,D,15,STORAGE,20021017 0000,20021018 0000,1348353,r,AF
ORO,D,15,STORAGE,20021018 0000,20021019 0000,1344350,r,AF
ORO,D,15,STORAGE,20021019 0000,20021020 0000,1338200,r,AF
ORO,D,15,STORAGE,20021020 0000,20021021 0000,1335650,r,AF
ORO,D,15,STORAGE,20021021 0000,20021022 0000,1330242,r,AF
ORO,D,15,STORAGE,20021022 0000,20021023 0000,1325879,r,AF
ORO,D,15,STORAGE,20021023 0000,20021024 0000,1320736,r,AF
ORO,D,15,STORAGE,20021024 0000,20021025 0000,1315763,r,AF
ORO,D,15,STORAGE,20021025 0000,20021026 0000,1310960,r,AF
ORO,D,15,STORAGE,20021026 0000,20021027 0000,1306797,r,AF
ORO,D,15,STORAGE,20021027 0000,20021028 0000,1299905,r,AF
ORO,D,15,STORAGE,20021028 0000,20021029 0000,1295220,r,AF
ORO,D,15,STORAGE,20021029 0000,20021030 0000,1290079,r,AF
ORO,D,15,STORAGE,20021030 0000,20021031 0000,1285030,r,AF
ORO,D,15,STORAGE,20021031 0000,20021101 0000,1280304,r,AF
ORO,D,15,STORAGE,20021101 0000,20021102 0000,1276746, ,AF
ORO,D,15,STORAGE,20021102 0000,20021103 0000,1272733, ,AF
ORO,D,15,STORAGE,20021103 0000,20021104 0000,1268499, ,AF
ORO,D,15,STORAGE,20021104 0000,20021105 0000,1263660, ,AF
ORO,D,15,STORAGE,20021105 0000,20021106 0000,1259292, ,AF
ORO,D,15,STORAGE,20021106 0000,20021107 0000,1254859, ,AF
ORO,D,15,STORAGE,20021107 0000,20021108 0000,1254706, ,AF
ORO,D,15,STORAGE,20021108 0000,20021109 0000,1257533, ,AF
ORO,D,15,STORAGE,20021109 0000,20021110 0000,1261130, ,AF
ORO,D,15,STORAGE,20021110 0000,20021111 0000,1263276, ,AF
ORO,D,15,STORAGE,20021111 0000,20021112 0000,1264427, ,AF
ORO,D,15,STORAGE,20021112 0000,20021113 0000,1262816, ,AF
ORO,D,15,STORAGE,20021113 0000,20021114 0000,1259675, ,AF
ORO,D,15,STORAGE,20021114 0000,20021115 0000,1256922, ,AF
ORO,D,15,STORAGE,20021115 0000,20021116 0000,1256236, ,AF
ORO,D,15,STORAGE,20021116 0000,20021117 0000,1254332,r,AF
ORO,D,15,STORAGE,20021117 0000,20021118 0000,1251738,r,AF
ORO,D,15,STORAGE,20021118 0000,20021119 0000,1249537, ,AF
ORO,D,15,STORAGE,20021119 0000,20021120 0000,1246493, ,AF
ORO,D,15,STORAGE,20021120 0000,20021121 0000,1243379, ,AF
ORO,D,15,STORAGE,20021121 0000,20021121 0000,1242612, ,AF
ORO,D,15,STORAGE,20021122 0000,20021122 0000,1241930, ,AF
ORO,D,15,STORAGE,20021123 0000,20021124 0000,1242317, ,AF
ORO,D,15,STORAGE,20021124 0000,20021125 0000,1241634, ,AF
ORO,D,15,STORAGE,20021125 0000,20021126 0000,1241028, ,AF
ORO,D,15,STORAGE,20021126 0000,20021127 0000,1238151, ,AF
ORO,D,15,STORAGE,20021127 0000,20021128 0000,1235807, ,AF
ORO,D,15,STORAGE,20021128 0000,20021129 0000,1232938, ,AF
ORO,D,15,STORAGE,20021129 0000,20021130 0000,1230074, ,AF
ORO,D,15,STORAGE,20021130 0000,20021201 0000,1227365, ,AF
ORO,D,15,STORAGE,20021201 0000,20021202 0000,1225712, ,AF
ORO,D,15,STORAGE,20021202 0000,20021203 0000,1223235, ,AF
ORO,D,15,STORAGE,20021203 0000,20021204 0000,1220537, ,AF
ORO,D,15,STORAGE,20021204 0000,20021205 0000,1217469, ,AF
ORO,D,15,STORAGE,20021205 0000,20021206 0000,1213586, ,AF
ORO,D,15,STORAGE,20021206 0000,20021207 0000,1209564, ,AF
ORO,D,15,STORAGE,20021207 0000,20021208 0000,1204957, ,AF
ORO,D,15,STORAGE,20021208 0000,20021209 0000,1200511, ,AF
ORO,D,15,STORAGE,20021209 0000,20021210 0000,1195634, ,AF
ORO,D,15,STORAGE,20021210 0000,20021211 0000,1190402, ,AF
ORO,D,15,STORAGE,20021211 0000,20021212 0000,1185848, ,AF
ORO,D,15,STORAGE,20021212 0000,20021213 0000,1182550, ,AF
ORO,D,15,STORAGE,20021213 0000,20021214 0000,1186068, ,AF
ORO,D,15,STORAGE,20021214 0000,20021215 0000,1237168, ,AF
ORO,D,15,STORAGE,20021215 0000,20021216 0000,1267883,r,AF
ORO,D,15,STORAGE,20021216 0000,20021217 0000,1315682, ,AF
ORO,D,15,STORAGE,20021217 0000,20021218 0000,1336683, ,AF
ORO,D,15,STORAGE,20021218 0000,20021219 0000,1347149, ,AF
ORO,D,15,STORAGE,20021219 0000,20021220 0000,1357508, ,AF
ORO,D,15,STORAGE,20021220 0000,20021221 0000,1367761, ,AF
ORO,D,15,STORAGE,20021221 0000,20021222 0000,1391698, ,AF
ORO,D,15,STORAGE,20021222 0000,20021223 0000,1402619, ,AF
ORO,D,15,STORAGE,20021223 0000,20021224 0000,1404926, ,AF
ORO,D,15,STORAGE,20021224 0000,20021225 0000,1410209, ,AF
ORO,D,15,STORAGE,20021225 0000,20021226 0000,1416832, ,AF
ORO,D,15,STORAGE,20021226 0000,20021227 0000,1421314, ,AF
ORO,D,15,STORAGE,20021227 0000,20021228 0000,1452712, ,AF
ORO,D,15,STORAGE,20021228 0000,20021229 0000,1523485, ,AF
ORO,D,15,STORAGE,20021229 0000,20021230 0000,1570803, ,AF
ORO,D,15,STORAGE,20021230 0000,20021231 0000,1596690, ,AF
ORO,D,15,STORAGE,20021231 0000,20030101 0000,1623695, ,AF
ORO,D,15,STORAGE,20030101 0000,20030102 0000,1645032, ,AF
ORO,D,15,STORAGE,20030102 0000,20030103 0000,1659429, ,AF
ORO,D,15,STORAGE,20030103 0000,20030104 0000,1670470, ,AF
ORO,D,15,STORAGE,20030104 0000,20030105 0000,1680816, ,AF
ORO,D,15,STORAGE,20030105 0000,20030106 0000,1685866, ,AF
ORO,D,15,STORAGE,20030106 0000,20030107 0000,1694493, ,AF
ORO,D,15,STORAGE,20030107 0000,20030108 0000,1702209, ,AF
ORO,D,15,STORAGE,20030108 0000,20030109 0000,1708626, ,AF
ORO,D,15,STORAGE,20030109 0000,20030110 0000,1718285, ,AF
ORO,D,15,STORAGE,20030110 0000,20030111 0000,1733894, ,AF
ORO,D,15,STORAGE,20030111 0000,20030112 0000,1762034, ,AF
ORO,D,15,STORAGE,20030112 0000,20030113 0000,1783858, ,AF
ORO,D,15,STORAGE,20030113 0000,20030114 0000,1809098, ,AF
ORO,D,15,STORAGE,20030114 0000,20030115 0000,1832709, ,AF
ORO,D,15,STORAGE,20030115 0000,20030116 0000,1849538, ,AF
ORO,D,15,STORAGE,20030116 0000,20030117 0000,1863161, ,AF
ORO,D,15,STORAGE,20030117 0000,20030118 0000,1875845, ,AF
ORO,D,15,STORAGE,20030118 0000,20030119 0000,1892143, ,AF
ORO,D,15,STORAGE,20030119 0000,20030120 0000,1907011, ,AF
ORO,D,15,STORAGE,20030120 0000,20030121 0000,1918680, ,AF
ORO,D,15,STORAGE,20030121 0000,20030122 0000,1929473, ,AF
ORO,D,15,STORAGE,20030122 0000,20030123 0000,1944139, ,AF
ORO,D,15,STORAGE,20030123 0000,20030124 0000,1980632, ,AF
ORO,D,15,STORAGE,20030124 0000,20030125 0000,2010816, ,AF
ORO,D,15,STORAGE,20030125 0000,20030126 0000,2039185, ,AF
ORO,D,15,STORAGE,20030126 0000,20030127 0000,2061674, ,AF
ORO,D,15,STORAGE,20030127 0000,20030128 0000,2080641, ,AF
ORO,D,15,STORAGE,20030128 0000,20030129 0000,2102579, ,AF
ORO,D,15,STORAGE,20030129 0000,20030130 0000,2120489, ,AF
ORO,D,15,STORAGE,20030130 0000,20030131 0000,2136956, ,AF
ORO,D,15,STORAGE,20030131 0000,20030201 0000,2153179, ,AF
ORO,D,15,STORAGE,20030201 0000,20030202 0000,2170945, ,AF
ORO,D,15,STORAGE,20030202 0000,20030203 0000,2190730, ,AF
ORO,D,15,STORAGE,20030203 0000,20030204 0000,2205766, ,AF
ORO,D,15,STORAGE,20030204 0000,20030205 0000,2218143, ,AF
ORO,D,15,STORAGE,20030205 0000,20030206 0000,2232282, ,AF
ORO,D,15,STORAGE,20030206 0000,20030207 0000,2245221, ,AF
ORO,D,15,STORAGE,20030207 0000,20030208 0000,2254298, ,AF
ORO,D,15,STORAGE,20030208 0000,20030209 0000,2265941, ,AF
ORO,D,15,STORAGE,20030209 0000,20030210 0000,2276352, ,AF
ORO,D,15,STORAGE,20030210 0000,20030211 0000,2285981, ,AF
ORO,D,15,STORAGE,20030211 0000,20030212 0000,2287260, ,AF
ORO,D,15,STORAGE,20030212 0000,20030213 0000,2285052, ,AF
ORO,D,15,STORAGE,20030213 0000,20030214 0000,2284587, ,AF
ORO,D,15,STORAGE,20030214 0000,20030215 0000,2286911, ,AF
ORO,D,15,STORAGE,20030215 0000,20030216 0000,2291098, ,AF
ORO,D,15,STORAGE,20030216 0000,20030217 0000,2296339, ,AF
ORO,D,15,STORAGE,20030217 0000,20030218 0000,2293776, ,AF
ORO,D,15,STORAGE,20030218 0000,20030219 0000,2291214, ,AF
ORO,D,15,STORAGE,20030219 0000,20030220 0000,2290981, ,AF
ORO,D,15,STORAGE,20030220 0000,20030221 0000,2288771, ,AF
ORO,D,15,STORAGE,20030221 0000,20030222 0000,2282150, ,AF
ORO,D,15,STORAGE,20030222 0000,20030223 0000,2277974, ,AF
ORO,D,15,STORAGE,20030223 0000,20030224 0000,2281105, ,AF
ORO,D,15,STORAGE,20030224 0000,20030225 0000,2272183, ,AF
ORO,D,15,STORAGE,20030225 0000,20030226 0000,2265364, ,AF
ORO,D,15,STORAGE,20030226 0000,20030227 0000,2268368, ,AF
ORO,D,15,STORAGE,20030227 0000,20030228 0000,2264556, ,AF
ORO,D,15,STORAGE,20030228 0000,20030301 0000,2259701,r,AF
ORO,D,15,STORAGE,20030301 0000,20030302 0000,2262248, ,AF
ORO,D,15,STORAGE,20030302 0000,20030303 0000,2269523, ,AF
ORO,D,15,STORAGE,20030303 0000,20030304 0000,2272068, ,AF
ORO,D,15,STORAGE,20030304 0000,20030305 0000,2274730, ,AF
ORO,D,15,STORAGE,20030305 0000,20030306 0000,2275309, ,AF
ORO,D,15,STORAGE,20030306 0000,20030307 0000,2278322, ,AF
ORO,D,15,STORAGE,20030307 0000,20030308 0000,2282497, ,AF
ORO,D,15,STORAGE,20030308 0000,20030309 0000,2288073, ,AF
ORO,D,15,STORAGE,20030309 0000,20030310 0000,2291564, ,AF
ORO,D,15,STORAGE,20030310 0000,20030311 0000,2298788, ,AF
ORO,D,15,STORAGE,20030311 0000,20030312 0000,2305210, ,AF
ORO,D,15,STORAGE,20030312 0000,20030313 0000,2310824, ,AF
ORO,D,15,STORAGE,20030313 0000,20030314 0000,2315159, ,AF
ORO,D,15,STORAGE,20030314 0000,20030315 0000,2330787, ,AF
ORO,D,15,STORAGE,20030315 0000,20030316 0000,2381814, ,AF
ORO,D,15,STORAGE,20030316 0000,20030317 0000,2415938, ,AF
ORO,D,15,STORAGE,20030317 0000,20030318 0000,2436368, ,AF
ORO,D,15,STORAGE,20030318 0000,20030319 0000,2452445, ,AF
ORO,D,15,STORAGE,20030319 0000,20030320 0000,2465777, ,AF
ORO,D,15,STORAGE,20030320 0000,20030321 0000,2477990,e,AF
ORO,D,15,STORAGE,20030321 0000,20030322 0000,2492470, ,AF
ORO,D,15,STORAGE,20030322 0000,20030323 0000,2500753, ,AF
ORO,D,15,STORAGE,20030323 0000,20030324 0000,2518246, ,AF
ORO,D,15,STORAGE,20030324 0000,20030325 0000,2532826, ,AF
ORO,D,15,STORAGE,20030325 0000,20030326 0000,2539826, ,AF
ORO,D,15,STORAGE,20030326 0000,20030327 0000,2559271, ,AF
ORO,D,15,STORAGE,20030327 0000,20030328 0000,2576922, ,AF
ORO,D,15,STORAGE,20030328 0000,20030329 0000,2591486, ,AF
ORO,D,15,STORAGE,20030329 0000,20030330 0000,2605216, ,AF
ORO,D,15,STORAGE,20030330 0000,20030331 0000,2623216, ,AF
ORO,D,15,STORAGE,20030331 0000,20030401 0000,2634494, ,AF
ORO,D,15,STORAGE,20030401 0000,20030402 0000,2642717, ,AF
ORO,D,15,STORAGE,20030402 0000,20030403 0000,2647222, ,AF
ORO,D,15,STORAGE,20030403 0000,20030404 0000,2657151, ,AF
ORO,D,15,STORAGE,20030404 0000,20030405 0000,2668142, ,AF
ORO,D,15,STORAGE,20030405 0000,20030406 0000,2678915, ,AF
ORO,D,15,STORAGE,20030406 0000,20030407 0000,2691263, ,AF
ORO,D,15,STORAGE,20030407 0000,20030408 0000,2699734, ,AF
ORO,D,15,STORAGE,20030408 0000,20030409 0000,2708225, ,AF
ORO,D,15,STORAGE,20030409 0000,20030410 0000,2715554, ,AF
ORO,D,15,STORAGE,20030410 0000,20030411 0000,2723292, ,AF
ORO,D,15,STORAGE,20030411 0000,20030412 0000,2732623, ,AF
ORO,D,15,STORAGE,20030412 0000,20030413 0000,2748313, ,AF
ORO,D,15,STORAGE,20030413 0000,20030414 0000,2770040, ,AF
ORO,D,15,STORAGE,20030414 0000,20030415 0000,2786280, ,AF
ORO,D,15,STORAGE,20030415 0000,20030416 0000,2798571, ,AF
ORO,D,15,STORAGE,20030416 0000,20030417 0000,2810766, ,AF
ORO,D,15,STORAGE,20030417 0000,20030418 0000,2823806, ,AF
ORO,D,15,STORAGE,20030418 0000,20030419 0000,2837428, ,AF
ORO,D,15,STORAGE,20030419 0000,20030420 0000,2855709, ,AF
ORO,D,15,STORAGE,20030420 0000,20030421 0000,2870801, ,AF
ORO,D,15,STORAGE,20030421 0000,20030422 0000,2883900, ,AF
ORO,D,15,STORAGE,20030422 0000,20030423 0000,2894299, ,AF
ORO,D,15,STORAGE,20030423 0000,20030424 0000,2905823, ,AF
ORO,D,15,STORAGE,20030424 0000,20030425 0000,2929245, ,AF
ORO,D,15,STORAGE,20030425 0000,20030426 0000,2952800, ,AF
ORO,D,15,STORAGE,20030426 0000,20030427 0000,2979704, ,AF
ORO,D,15,STORAGE,20030427 0000,20030428 0000,3001153, ,AF
ORO,D,15,STORAGE,20030428 0000,20030429 0000,3025398, ,AF
ORO,D,15,STORAGE,20030429 0000,20030430 0000,3050064, ,AF
ORO,D,15,STORAGE,20030430 0000,20030501 0000,3073300, ,AF
ORO,D,15,STORAGE,20030501 0000,20030502 0000,3096085, ,AF
ORO,D,15,STORAGE,20030502 0000,20030503 0000,3115526, ,AF
ORO,D,15,STORAGE,20030503 0000,20030504 0000,3146082, ,AF
ORO,D,15,STORAGE,20030504 0000,20030505 0000,3178022, ,AF
ORO,D,15,STORAGE,20030505 0000,20030506 0000,3204446, ,AF
ORO,D,15,STORAGE,20030506 0000,20030507 0000,3231013,r,AF
ORO,D,15,STORAGE,20030507 0000,20030508 0000,3253580,r,AF
ORO,D,15,STORAGE,20030508 0000,20030509 0000,3275960, ,AF
ORO,D,15,STORAGE,20030509 0000,20030510 0000,3290944, ,AF
ORO,D,15,STORAGE,20030510 0000,20030511 0000,3312155, ,AF
ORO,D,15,STORAGE,20030511 0000,20030512 0000,3331191, ,AF
ORO,D,15,STORAGE,20030512 0000,20030513 0000,3345293, ,AF
ORO,D,15,STORAGE,20030513 0000,20030514 0000,3360198, ,AF
ORO,D,15,STORAGE,20030514 0000,20030515 0000,3372095, ,AF
ORO,D,15,STORAGE,20030515 0000,20030516 0000,3389692, ,AF
ORO,D,15,STORAGE,20030516 0000,20030517 0000,3404124, ,AF
ORO,D,15,STORAGE,20030517 0000,20030518 0000,3420450, ,AF
ORO,D,15,STORAGE,20030518 0000,20030519 0000,3435130, ,AF
ORO,D,15,STORAGE,20030519 0000,20030520 0000,3444890, ,AF
ORO,D,15,STORAGE,20030520 0000,20030521 0000,3452960, ,AF
ORO,D,15,STORAGE,20030521 0000,20030522 0000,3459333, ,AF
ORO,D,15,STORAGE,20030522 0000,20030523 0000,3465403, ,AF
ORO,D,15,STORAGE,20030523 0000,20030524 0000,3472415, ,AF
ORO,D,15,STORAGE,20030524 0000,20030525 0000,3483345, ,AF
ORO,D,15,STORAGE,20030525 0000,20030526 0000,3492419, ,AF
ORO,D,15,STORAGE,20030526 0000,20030527 0000,3499000, ,AF
ORO,D,15,STORAGE,20030527 0000,20030528 0000,3500569, ,AF
ORO,D,15,STORAGE,20030528 0000,20030529 0000,3501196, ,AF
ORO,D,15,STORAGE,20030529 0000,20030530 0000,3501196, ,AF
ORO,D,15,STORAGE,20030530 0000,20030531 0000,3505120, ,AF
ORO,D,15,STORAGE,20030531 0000,20030601 0000,3512662, ,AF
ORO,D,15,STORAGE,20030601 0000,20030602 0000,3518011, ,AF
ORO,D,15,STORAGE,20030602 0000,20030603 0000,3518011, ,AF
ORO,D,15,STORAGE,20030603 0000,20030604 0000,3519114, ,AF
ORO,D,15,STORAGE,20030604 0000,20030605 0000,3518956, ,AF
ORO,D,15,STORAGE,20030605 0000,20030606 0000,3521161, ,AF
ORO,D,15,STORAGE,20030606 0000,20030607 0000,3519743, ,AF
ORO,D,15,STORAGE,20030607 0000,20030608 0000,3524627, ,AF
ORO,D,15,STORAGE,20030608 0000,20030609 0000,3529990, ,AF
ORO,D,15,STORAGE,20030609 0000,20030610 0000,3530148, ,AF
ORO,D,15,STORAGE,20030610 0000,20030611 0000,3529358, ,AF
ORO,D,15,STORAGE,20030611 0000,20030612 0000,3527780, ,AF
ORO,D,15,STORAGE,20030612 0000,20030613 0000,3525257, ,AF
ORO,D,15,STORAGE,20030613 0000,20030614 0000,3521003, ,AF
ORO,D,15,STORAGE,20030614 0000,20030615 0000,3524469, ,AF
ORO,D,15,STORAGE,20030615 0000,20030616 0000,3527938, ,AF
ORO,D,15,STORAGE,20030616 0000,20030617 0000,3524469, ,AF
ORO,D,15,STORAGE,20030617 0000,20030618 0000,3520216, ,AF
ORO,D,15,STORAGE,20030618 0000,20030619 0000,3520846, ,AF
ORO,D,15,STORAGE,20030619 0000,20030620 0000,3520846, ,AF
ORO,D,15,STORAGE,20030620 0000,20030621 0000,3520216, ,AF
ORO,D,15,STORAGE,20030621 0000,20030622 0000,3524627, ,AF
ORO,D,15,STORAGE,20030622 0000,20030623 0000,3526834, ,AF
ORO,D,15,STORAGE,20030623 0000,20030624 0000,3525573, ,AF
ORO,D,15,STORAGE,20030624 0000,20030625 0000,3520846, ,AF
ORO,D,15,STORAGE,20030625 0000,20030626 0000,3515179, ,AF
ORO,D,15,STORAGE,20030626 0000,20030627 0000,3508104, ,AF
ORO,D,15,STORAGE,20030627 0000,20030628 0000,3493202, ,AF
ORO,D,15,STORAGE,20030628 0000,20030629 0000,3484282, ,AF
ORO,D,15,STORAGE,20030629 0000,20030630 0000,3475379, ,AF
ORO,D,15,STORAGE,20030630 0000,20030701 0000,3461356, ,AF
ORO,D,15,STORAGE,20030701 0000,20030702 0000,3442564, ,AF
ORO,D,15,STORAGE,20030702 0000,20030703 0000,3423845, ,AF
ORO,D,15,STORAGE,20030703 0000,20030704 0000,3407815, ,AF
ORO,D,15,STORAGE,20030704 0000,20030705 0000,3385096, ,AF
ORO,D,15,STORAGE,20030705 0000,20030706 0000,3364465, ,AF
ORO,D,15,STORAGE,20030706 0000,20030707 0000,3345900, ,AF
ORO,D,15,STORAGE,20030707 0000,20030708 0000,3323628, ,AF
ORO,D,15,STORAGE,20030708 0000,20030709 0000,3301913, ,AF
ORO,D,15,STORAGE,20030709 0000,20030710 0000,3279103, ,AF
ORO,D,15,STORAGE,20030710 0000,20030711 0000,3256256, ,AF
ORO,D,15,STORAGE,20030711 0000,20030712 0000,3233820, ,AF
ORO,D,15,STORAGE,20030712 0000,20030713 0000,3216092, ,AF
ORO,D,15,STORAGE,20030713 0000,20030714 0000,3194592, ,AF
ORO,D,15,STORAGE,20030714 0000,20030715 0000,3171879, ,AF
ORO,D,15,STORAGE,20030715 0000,20030716 0000,3150735, ,AF
ORO,D,15,STORAGE,20030716 0000,20030717 0000,3130850, ,AF
ORO,D,15,STORAGE,20030717 0000,20030718 0000,3111198, ,AF
ORO,D,15,STORAGE,20030718 0000,20030719 0000,3091920, ,AF
ORO,D,15,STORAGE,20030719 0000,20030720 0000,3076159, ,AF
ORO,D,15,STORAGE,20030720 0000,20030721 0000,3058887, ,AF
ORO,D,15,STORAGE,20030721 0000,20030722 0000,3036437, ,AF
ORO,D,15,STORAGE,20030722 0000,20030723 0000,3015655, ,AF
ORO,D,15,STORAGE,20030723 0000,20030724 0000,2994132, ,AF
ORO,D,15,STORAGE,20030724 0000,20030725 0000,2970624, ,AF
ORO,D,15,STORAGE,20030725 0000,20030726 0000,2953217, ,AF
ORO,D,15,STORAGE,20030726 0000,20030727 0000,2937682, ,AF
ORO,D,15,STORAGE,20030727 0000,20030728 0000,2924826, ,AF
ORO,D,15,STORAGE,20030728 0000,20030729 0000,2908847, ,AF
ORO,D,15,STORAGE,20030729 0000,20030730 0000,2888411, ,AF
ORO,D,15,STORAGE,20030730 0000,20030731 0000,2869984, ,AF
ORO,D,15,STORAGE,20030731 0000,20030801 0000,2851910, ,AF
ORO,D,15,STORAGE,20030801 0000,20030802 0000,2832567, ,AF
ORO,D,15,STORAGE,20030802 0000,20030803 0000,2816138, ,AF
ORO,D,15,STORAGE,20030803 0000,20030804 0000,2799641, ,AF
ORO,D,15,STORAGE,20030804 0000,20030805 0000,2781748, ,AF
ORO,D,15,STORAGE,20030805 0000,20030806 0000,2768047, ,AF
ORO,D,15,STORAGE,20030806 0000,20030807 0000,2750163, ,AF
ORO,D,15,STORAGE,20030807 0000,20030808 0000,2737890, ,AF
ORO,D,15,STORAGE,20030808 0000,20030809 0000,2728941, ,AF
ORO,D,15,STORAGE,20030809 0000,20030810 0000,2716864, ,AF
ORO,D,15,STORAGE,20030810 0000,20030811 0000,2710579, ,AF
ORO,D,15,STORAGE,20030811 0000,20030812 0000,2698300, ,AF
ORO,D,15,STORAGE,20030812 0000,20030813 0000,2688530, ,AF
ORO,D,15,STORAGE,20030813 0000,20030814 0000,2675660, ,AF
ORO,D,15,STORAGE,20030814 0000,20030815 0000,2665682, ,AF
ORO,D,15,STORAGE,20030815 0000,20030816 0000,2652506, ,AF
ORO,D,15,STORAGE,20030816 0000,20030817 0000,2647480, ,AF
ORO,D,15,STORAGE,20030817 0000,20030818 0000,2638603, ,AF
ORO,D,15,STORAGE,20030818 0000,20030819 0000,2627441, ,AF
ORO,D,15,STORAGE,20030819 0000,20030820 0000,2617333, ,AF
ORO,D,15,STORAGE,20030820 0000,20030821 0000,2605088, ,AF
ORO,D,15,STORAGE,20030821 0000,20030822 0000,2587808, ,AF
ORO,D,15,STORAGE,20030822 0000,20030823 0000,2569095, ,AF
ORO,D,15,STORAGE,20030823 0000,20030824 0000,2555624, ,AF
ORO,D,15,STORAGE,20030824 0000,20030825 0000,2543957, ,AF
ORO,D,15,STORAGE,20030825 0000,20030826 0000,2526588, ,AF
ORO,D,15,STORAGE,20030826 0000,20030827 0000,2510792, ,AF
ORO,D,15,STORAGE,20030827 0000,20030828 0000,2500134, ,AF
ORO,D,15,STORAGE,20030828 0000,20030829 0000,2485932, ,AF
ORO,D,15,STORAGE,20030829 0000,20030830 0000,2473383, ,AF
ORO,D,15,STORAGE,20030830 0000,20030831 0000,2467493, ,AF
ORO,D,15,STORAGE,20030831 0000,20030901 0000,2458187, ,AF
ORO,D,15,STORAGE,20030901 0000,20030902 0000,2449395, ,AF
ORO,D,15,STORAGE,20030902 0000,20030903 0000,2438191, ,AF
ORO,D,15,STORAGE,20030903 0000,20030904 0000,2427994, ,AF
ORO,D,15,STORAGE,20030904 0000,20030905 0000,2419682, ,AF
ORO,D,15,STORAGE,20030905 0000,20030906 0000,2409544, ,AF
ORO,D,15,STORAGE,20030906 0000,20030907 0000,2401959, ,AF
ORO,D,15,STORAGE,20030907 0000,20030908 0000,2395591, ,AF
ORO,D,15,STORAGE,20030908 0000,20030909 0000,2385642, ,AF
ORO,D,15,STORAGE,20030909 0000,20030910 0000,2376200, ,AF
ORO,D,15,STORAGE,20030910 0000,20030911 0000,2366187, ,AF
ORO,D,15,STORAGE,20030911 0000,20030912 0000,2355136, ,AF
ORO,D,15,STORAGE,20030912 0000,20030913 0000,2344122, ,AF
ORO,D,15,STORAGE,20030913 0000,20030914 0000,2341404, ,AF
ORO,D,15,STORAGE,20030914 0000,20030915 0000,2338805, ,AF
ORO,D,15,STORAGE,20030915 0000,20030916 0000,2334322, ,AF
ORO,D,15,STORAGE,20030916 0000,20030917 0000,2330904, ,AF
ORO,D,15,STORAGE,20030917 0000,20030918 0000,2323492, ,AF
ORO,D,15,STORAGE,20030918 0000,20030919 0000,2318795, ,AF
ORO,D,15,STORAGE,20030919 0000,20030920 0000,2313870, ,AF
ORO,D,15,STORAGE,20030920 0000,20030921 0000,2314808, ,AF
ORO,D,15,STORAGE,20030921 0000,20030922 0000,2315159, ,AF
ORO,D,15,STORAGE,20030922 0000,20030923 0000,2310356, ,AF
ORO,D,15,STORAGE,20030923 0000,20030924 0000,2303574, ,AF
ORO,D,15,STORAGE,20030924 0000,20030925 0000,2300654, ,AF
ORO,D,15,STORAGE,20030925 0000,20030926 0000,2296805, ,AF
ORO,D,15,STORAGE,20030926 0000,20030927 0000,2294591, ,AF
ORO,D,15,STORAGE,20030927 0000,20030928 0000,2295873, ,AF
ORO,D,15,STORAGE,20030928 0000,20030929 0000,2293892, ,AF
ORO,D,15,STORAGE,20030929 0000,20030930 0000,2289818, ,AF
ORO,D,15,STORAGE,20030930 0000,20031001 0000,2283774, ,AF
ORO,D,15,STORAGE,20031001 0000,20031002 0000,2279945, ,AF
ORO,D,15,STORAGE,20031002 0000,20031003 0000,2276583, ,AF
ORO,D,15,STORAGE,20031003 0000,20031004 0000,2272646, ,AF
ORO,D,15,STORAGE,20031004 0000,20031005 0000,2272068, ,AF
ORO,D,15,STORAGE,20031005 0000,20031006 0000,2269523, ,AF
ORO,D,15,STORAGE,20031006 0000,20031007 0000,2265248, ,AF
ORO,D,15,STORAGE,20031007 0000,20031008 0000,2262363, ,AF
ORO,D,15,STORAGE,20031008 0000,20031009 0000,2255564, ,AF
ORO,D,15,STORAGE,20031009 0000,20031010 0000,2250848, ,AF
ORO,D,15,STORAGE,20031010 0000,20031011 0000,2247287, ,AF
ORO,D,15,STORAGE,20031011 0000,20031012 0000,2246368, ,AF
ORO,D,15,STORAGE,20031012 0000,20031013 0000,2242354, ,AF
ORO,D,15,STORAGE,20031013 0000,20031014 0000,2239146, ,AF
ORO,D,15,STORAGE,20031014 0000,20031015 0000,2233539, ,AF
ORO,D,15,STORAGE,20031015 0000,20031016 0000,2229198, ,AF
ORO,D,15,STORAGE,20031016 0000,20031017 0000,2224406, ,AF
ORO,D,15,STORAGE,20031017 0000,20031018 0000,2220874, ,AF
ORO,D,15,STORAGE,20031018 0000,20031019 0000,2222241, ,AF
ORO,D,15,STORAGE,20031019 0000,20031020 0000,2219394, ,AF
ORO,D,15,STORAGE,20031020 0000,20031021 0000,2213709, ,AF
ORO,D,15,STORAGE,20031021 0000,20031022 0000,2208147, ,AF
ORO,D,15,STORAGE,20031022 0000,20031023 0000,2202821, ,AF
ORO,D,15,STORAGE,20031023 0000,20031024 0000,2198296, ,AF
ORO,D,15,STORAGE,20031024 0000,20031025 0000,2194906, ,AF
ORO,D,15,STORAGE,20031025 0000,20031026 0000,2197731, ,AF
ORO,D,15,STORAGE,20031026 0000,20031027 0000,2197731, ,AF
ORO,D,15,STORAGE,20031027 0000,20031028 0000,2191516,r,AF
ORO,D,15,STORAGE,20031028 0000,20031029 0000,2189490,r,AF
ORO,D,15,STORAGE,20031029 0000,20031030 0000,2185772,r,AF
ORO,D,15,STORAGE,20031030 0000,20031031 0000,2184759,r,AF
ORO,D,15,STORAGE,20031031 0000,20031101 0000,2185096,r,AF
ORO,D,15,STORAGE,20031101 0000,20031102 0000,2187236,r,AF
ORO,D,15,STORAGE,20031102 0000,20031103 0000,2181496,r,AF
ORO,D,15,STORAGE,20031103 0000,20031104 0000,2179024, ,AF
ORO,D,15,STORAGE,20031104 0000,20031105 0000,2171505, ,AF
ORO,D,15,STORAGE,20031105 0000,20031106 0000,2166466, ,AF
ORO,D,15,STORAGE,20031106 0000,20031107 0000,2158754, ,AF
ORO,D,15,STORAGE,20031107 0000,20031108 0000,2154070, ,AF
ORO,D,15,STORAGE,20031108 0000,20031109 0000,2153290, ,AF
ORO,D,15,STORAGE,20031109 0000,20031110 0000,2150283, ,AF
ORO,D,15,STORAGE,20031110 0000,20031111 0000,2144834, ,AF
ORO,D,15,STORAGE,20031111 0000,20031112 0000,2138064, ,AF
ORO,D,15,STORAGE,20031112 0000,20031113 0000,2129209, ,AF
ORO,D,15,STORAGE,20031113 0000,20031114 0000,2123467, ,AF
ORO,D,15,STORAGE,20031114 0000,20031115 0000,2119057, ,AF
ORO,D,15,STORAGE,20031115 0000,20031116 0000,2115534, ,AF
ORO,D,15,STORAGE,20031116 0000,20031117 0000,2115644, ,AF
ORO,D,15,STORAGE,20031117 0000,20031118 0000,2111136, ,AF
ORO,D,15,STORAGE,20031118 0000,20031119 0000,2107403, ,AF
ORO,D,15,STORAGE,20031119 0000,20031120 0000,2104771, ,AF
ORO,D,15,STORAGE,20031120 0000,20031121 0000,2101264, ,AF
ORO,D,15,STORAGE,20031121 0000,20031122 0000,2100717, ,AF
ORO,D,15,STORAGE,20031122 0000,20031123 0000,2102360, ,AF
ORO,D,15,STORAGE,20031123 0000,20031124 0000,2101594, ,AF
ORO,D,15,STORAGE,20031124 0000,20031125 0000,2096560, ,AF
ORO,D,15,STORAGE,20031125 0000,20031126 0000,2092190, ,AF
ORO,D,15,STORAGE,20031126 0000,20031127 0000,2088372, ,AF
ORO,D,15,STORAGE,20031127 0000,20031128 0000,2084559, ,AF
ORO,D,15,STORAGE,20031128 0000,20031129 0000,2082273, ,AF
ORO,D,15,STORAGE,20031129 0000,20031130 0000,2083252, ,AF
ORO,D,15,STORAGE,20031130 0000,20031201 0000,2071847, ,AF
ORO,D,15,STORAGE,20031201 0000,20031202 0000,2067297, ,AF
ORO,D,15,STORAGE,20031202 0000,20031203 0000,2065242, ,AF
ORO,D,15,STORAGE,20031203 0000,20031204 0000,2061782, ,AF
ORO,D,15,STORAGE,20031204 0000,20031205 0000,2058435, ,AF
ORO,D,15,STORAGE,20031205 0000,20031206 0000,2052937, ,AF
ORO,D,15,STORAGE,20031206 0000,20031207 0000,2068922, ,AF
ORO,D,15,STORAGE,20031207 0000,20031208 0000,2081402, ,AF
ORO,D,15,STORAGE,20031208 0000,20031209 0000,2081076, ,AF
ORO,D,15,STORAGE,20031209 0000,20031210 0000,2078033, ,AF
ORO,D,15,STORAGE,20031210 0000,20031211 0000,2080641, ,AF
ORO,D,15,STORAGE,20031211 0000,20031212 0000,2083470, ,AF
ORO,D,15,STORAGE,20031212 0000,20031213 0000,2082926, ,AF
ORO,D,15,STORAGE,20031213 0000,20031214 0000,2091863, ,AF
ORO,D,15,STORAGE,20031214 0000,20031215 0000,2108171, ,AF
ORO,D,15,STORAGE,20031215 0000,20031216 0000,2109050, ,AF
ORO,D,15,STORAGE,20031216 0000,20031217 0000,2110148, ,AF
ORO,D,15,STORAGE,20031217 0000,20031218 0000,2114764, ,AF
ORO,D,15,STORAGE,20031218 0000,20031219 0000,2119608, ,AF
ORO,D,15,STORAGE,20031219 0000,20031220 0000,2122254, ,AF
ORO,D,15,STORAGE,20031220 0000,20031221 0000,2127662, ,AF
ORO,D,15,STORAGE,20031221 0000,20031222 0000,2138176, ,AF
ORO,D,15,STORAGE,20031222 0000,20031223 0000,2144390, ,AF
ORO,D,15,STORAGE,20031223 0000,20031224 0000,2148614, ,AF
ORO,D,15,STORAGE,20031224 0000,20031225 0000,2171841, ,AF
ORO,D,15,STORAGE,20031225 0000,20031226 0000,2191069, ,AF
ORO,D,15,STORAGE,20031226 0000,20031227 0000,2201010, ,AF
ORO,D,15,STORAGE,20031227 0000,20031228 0000,2208941, ,AF
ORO,D,15,STORAGE,20031228 0000,20031229 0000,2219964, ,AF
ORO,D,15,STORAGE,20031229 0000,20031230 0000,2232853, ,AF
ORO,D,15,STORAGE,20031230 0000,20031231 0000,2242469, ,AF
ORO,D,15,STORAGE,20031231 0000,20040101 0000,2248206, ,AF
ORO,D,15,STORAGE,20040101 0000,20040102 0000,2265941, ,AF
ORO,D,15,STORAGE,20040102 0000,20040103 0000,2270911, ,AF
ORO,D,15,STORAGE,20040103 0000,20040104 0000,2277742, ,AF
ORO,D,15,STORAGE,20040104 0000,20040105 0000,2282033, ,AF
ORO,D,15,STORAGE,20040105 0000,20040106 0000,2283194, ,AF
ORO,D,15,STORAGE,20040106 0000,20040107 0000,2285865, ,AF
ORO,D,15,STORAGE,20040107 0000,20040108 0000,2292029, ,AF
ORO,D,15,STORAGE,20040108 0000,20040109 0000,2295406, ,AF
ORO,D,15,STORAGE,20040109 0000,20040110 0000,2301706, ,AF
ORO,D,15,STORAGE,20040110 0000,20040111 0000,2313518, ,AF
ORO,D,15,STORAGE,20040111 0000,20040112 0000,2324080, ,AF
ORO,D,15,STORAGE,20040112 0000,20040113 0000,2332200, ,AF
ORO,D,15,STORAGE,20040113 0000,20040114 0000,2339632, ,AF
ORO,D,15,STORAGE,20040114 0000,20040115 0000,2346014, ,AF
ORO,D,15,STORAGE,20040115 0000,20040116 0000,2354188, ,AF
ORO,D,15,STORAGE,20040116 0000,20040117 0000,2362500, ,AF
ORO,D,15,STORAGE,20040117 0000,20040118 0000,2366782, ,AF
ORO,D,15,STORAGE,20040118 0000,20040119 0000,2375125, ,AF
ORO,D,15,STORAGE,20040119 0000,20040120 0000,2380022, ,AF
ORO,D,15,STORAGE,20040120 0000,20040121 0000,2384326, ,AF
ORO,D,15,STORAGE,20040121 0000,20040122 0000,2389954, ,AF
ORO,D,15,STORAGE,20040122 0000,20040123 0000,2397873, ,AF
ORO,D,15,STORAGE,20040123 0000,20040124 0000,2404606, ,AF
ORO,D,15,STORAGE,20040124 0000,20040125 0000,2410870, ,AF
ORO,D,15,STORAGE,20040125 0000,20040126 0000,2420166, ,AF
ORO,D,15,STORAGE,20040126 0000,20040127 0000,2427388, ,AF
ORO,D,15,STORAGE,20040127 0000,20040128 0000,2436490, ,AF
ORO,D,15,STORAGE,20040128 0000,20040129 0000,2441962, ,AF
ORO,D,15,STORAGE,20040129 0000,20040130 0000,2448541, ,AF
ORO,D,15,STORAGE,20040130 0000,20040131 0000,2453300, ,AF
ORO,D,15,STORAGE,20040131 0000,20040201 0000,2458799, ,AF
ORO,D,15,STORAGE,20040201 0000,20040202 0000,2464552, ,AF
ORO,D,15,STORAGE,20040202 0000,20040203 0000,2470437, ,AF
ORO,D,15,STORAGE,20040203 0000,20040204 0000,2481498, ,AF
ORO,D,15,STORAGE,20040204 0000,20040205 0000,2489384, ,AF
ORO,D,15,STORAGE,20040205 0000,20040206 0000,2498278, ,AF
ORO,D,15,STORAGE,20040206 0000,20040207 0000,2505211, ,AF
ORO,D,15,STORAGE,20040207 0000,20040208 0000,2514641, ,AF
ORO,D,15,STORAGE,20040208 0000,20040209 0000,2520485, ,AF
ORO,D,15,STORAGE,20040209 0000,20040210 0000,2523722, ,AF
ORO,D,15,STORAGE,20040210 0000,20040211 0000,2525466, ,AF
ORO,D,15,STORAGE,20040211 0000,20040212 0000,2528334, ,AF
ORO,D,15,STORAGE,20040212 0000,20040213 0000,2531204, ,AF
ORO,D,15,STORAGE,20040213 0000,20040214 0000,2533201, ,AF
ORO,D,15,STORAGE,20040214 0000,20040215 0000,2540702, ,AF
ORO,D,15,STORAGE,20040215 0000,20040216 0000,2549975, ,AF
ORO,D,15,STORAGE,20040216 0000,20040217 0000,2569978, ,AF
ORO,D,15,STORAGE,20040217 0000,20040218 0000,2647222, ,AF
ORO,D,15,STORAGE,20040218 0000,20040219 0000,2754660, ,AF
ORO,D,15,STORAGE,20040219 0000,20040220 0000,2800040,r,AF
ORO,D,15,STORAGE,20040220 0000,20040221 0000,2818827, ,AF
ORO,D,15,STORAGE,20040221 0000,20040222 0000,2831488, ,AF
ORO,D,15,STORAGE,20040222 0000,20040223 0000,2837294, ,AF
ORO,D,15,STORAGE,20040223 0000,20040224 0000,2840537, ,AF
ORO,D,15,STORAGE,20040224 0000,20040225 0000,2846355, ,AF
ORO,D,15,STORAGE,20040225 0000,20040226 0000,2864812, ,AF
ORO,D,15,STORAGE,20040226 0000,20040227 0000,2877345, ,AF
ORO,D,15,STORAGE,20040227 0000,20040228 0000,2871210, ,AF
ORO,D,15,STORAGE,20040228 0000,20040229 0000,2866853, ,AF
ORO,D,15,STORAGE,20040229 0000,20040301 0000,2862905, ,AF
ORO,D,15,STORAGE,20040301 0000,20040302 0000,2858152, ,AF
ORO,D,15,STORAGE,20040302 0000,20040303 0000,2849064, ,AF
ORO,D,15,STORAGE,20040303 0000,20040304 0000,2844460, ,AF
ORO,D,15,STORAGE,20040304 0000,20040305 0000,2845001, ,AF
ORO,D,15,STORAGE,20040305 0000,20040306 0000,2847032, ,AF
ORO,D,15,STORAGE,20040306 0000,20040307 0000,2845543, ,AF
ORO,D,15,STORAGE,20040307 0000,20040308 0000,2846084, ,AF
ORO,D,15,STORAGE,20040308 0000,20040309 0000,2845814, ,AF
ORO,D,15,STORAGE,20040309 0000,20040310 0000,2856656, ,AF
ORO,D,15,STORAGE,20040310 0000,20040311 0000,2870938, ,AF
ORO,D,15,STORAGE,20040311 0000,20040312 0000,2884992, ,AF
ORO,D,15,STORAGE,20040312 0000,20040313 0000,2899782, ,AF
ORO,D,15,STORAGE,20040313 0000,20040314 0000,2918482, ,AF
ORO,D,15,STORAGE,20040314 0000,20040315 0000,2937682, ,AF
ORO,D,15,STORAGE,20040315 0000,20040316 0000,2950577, ,AF
ORO,D,15,STORAGE,20040316 0000,20040317 0000,2964210, ,AF
ORO,D,15,STORAGE,20040317 0000,20040318 0000,2973834, ,AF
ORO,D,15,STORAGE,20040318 0000,20040319 0000,2984881, ,AF
ORO,D,15,STORAGE,20040319 0000,20040320 0000,2996658, ,AF
ORO,D,15,STORAGE,20040320 0000,20040321 0000,3002700, ,AF
ORO,D,15,STORAGE,20040321 0000,20040322 0000,3005513, ,AF
ORO,D,15,STORAGE,20040322 0000,20040323 0000,3011849, ,AF
ORO,D,15,STORAGE,20040323 0000,20040324 0000,3020876, ,AF
ORO,D,15,STORAGE,20040324 0000,20040325 0000,3022430, ,AF
ORO,D,15,STORAGE,20040325 0000,20040326 0000,3023560, ,AF
ORO,D,15,STORAGE,20040326 0000,20040327 0000,3029216, ,AF
ORO,D,15,STORAGE,20040327 0000,20040328 0000,3040691, ,AF
ORO,D,15,STORAGE,20040328 0000,20040329 0000,3050632, ,AF
ORO,D,15,STORAGE,20040329 0000,20040330 0000,3049353, ,AF
ORO,D,15,STORAGE,20040330 0000,20040331 0000,3058175, ,AF
ORO,D,15,STORAGE,20040331 0000,20040401 0000,3065873, ,AF
ORO,D,15,STORAGE,20040401 0000,20040402 0000,3073013, ,AF
ORO,D,15,STORAGE,20040402 0000,20040403 0000,3076874, ,AF
ORO,D,15,STORAGE,20040403 0000,20040404 0000,3083316, ,AF
ORO,D,15,STORAGE,20040404 0000,20040405 0000,3090342, ,AF
ORO,D,15,STORAGE,20040405 0000,20040406 0000,3083889, ,AF
ORO,D,15,STORAGE,20040406 0000,20040407 0000,3081311, ,AF
ORO,D,15,STORAGE,20040407 0000,20040408 0000,3070728, ,AF
ORO,D,15,STORAGE,20040408 0000,20040409 0000,3059742, ,AF
ORO,D,15,STORAGE,20040409 0000,20040410 0000,3051202, ,AF
ORO,D,15,STORAGE,20040410 0000,20040411 0000,3050064, ,AF
ORO,D,15,STORAGE,20040411 0000,20040412 0000,3058744, ,AF
ORO,D,15,STORAGE,20040412 0000,20040413 0000,3056609, ,AF
ORO,D,15,STORAGE,20040413 0000,20040414 0000,3050491, ,AF
ORO,D,15,STORAGE,20040414 0000,20040415 0000,3042110, ,AF
ORO,D,15,STORAGE,20040415 0000,20040416 0000,3036579, ,AF
ORO,D,15,STORAGE,20040416 0000,20040417 0000,3026104, ,AF
ORO,D,15,STORAGE,20040417 0000,20040418 0000,3021582, ,AF
ORO,D,15,STORAGE,20040418 0000,20040419 0000,3014386, ,AF
ORO,D,15,STORAGE,20040419 0000,20040420 0000,3011004, ,AF
ORO,D,15,STORAGE,20040420 0000,20040421 0000,3012272, ,AF
ORO,D,15,STORAGE,20040421 0000,20040422 0000,3014668, ,AF
ORO,D,15,STORAGE,20040422 0000,20040423 0000,3021724, ,AF
ORO,D,15,STORAGE,20040423 0000,20040424 0000,3026670, ,AF
ORO,D,15,STORAGE,20040424 0000,20040425 0000,3037287, ,AF
ORO,D,15,STORAGE,20040425 0000,20040426 0000,3047648, ,AF
ORO,D,15,STORAGE,20040426 0000,20040427 0000,3046938, ,AF
ORO,D,15,STORAGE,20040427 0000,20040428 0000,3051628, ,AF
ORO,D,15,STORAGE,20040428 0000,20040429 0000,3051344, ,AF
ORO,D,15,STORAGE,20040429 0000,20040430 0000,3049779, ,AF
ORO,D,15,STORAGE,20040430 0000,20040501 0000,3048643, ,AF
ORO,D,15,STORAGE,20040501 0000,20040502 0000,3053762, ,AF
ORO,D,15,STORAGE,20040502 0000,20040503 0000,3062164, ,AF
ORO,D,15,STORAGE,20040503 0000,20040504 0000,3064447, ,AF
ORO,D,15,STORAGE,20040504 0000,20040505 0000,3064018, ,AF
ORO,D,15,STORAGE,20040505 0000,20040506 0000,3065730, ,AF
ORO,D,15,STORAGE,20040506 0000,20040507 0000,3065873, ,AF
ORO,D,15,STORAGE,20040507 0000,20040508 0000,3061309, ,AF
ORO,D,15,STORAGE,20040508 0000,20040509 0000,3066586, ,AF
ORO,D,15,STORAGE,20040509 0000,20040510 0000,3073300, ,AF
ORO,D,15,STORAGE,20040510 0000,20040511 0000,3073300, ,AF
ORO,D,15,STORAGE,20040511 0000,20040512 0000,3069299, ,AF
ORO,D,15,STORAGE,20040512 0000,20040513 0000,3065446, ,AF
ORO,D,15,STORAGE,20040513 0000,20040514 0000,3060597, ,AF
ORO,D,15,STORAGE,20040514 0000,20040514 0000,3054894, ,AF
ORO,D,15,STORAGE,20040515 0000,20040516 0000,3060454, ,AF
ORO,D,15,STORAGE,20040516 0000,20040517 0000,3063734, ,AF
ORO,D,15,STORAGE,20040517 0000,20040518 0000,3060170, ,AF
ORO,D,15,STORAGE,20040518 0000,20040519 0000,3061168, ,AF
ORO,D,15,STORAGE,20040519 0000,20040520 0000,3053904, ,AF
ORO,D,15,STORAGE,20040520 0000,20040521 0000,3046796, ,AF
ORO,D,15,STORAGE,20040521 0000,20040522 0000,3044522, ,AF
ORO,D,15,STORAGE,20040522 0000,20040523 0000,3051485, ,AF
ORO,D,15,STORAGE,20040523 0000,20040524 0000,3053762, ,AF
ORO,D,15,STORAGE,20040524 0000,20040525 0000,3046653, ,AF
ORO,D,15,STORAGE,20040525 0000,20040526 0000,3044239, ,AF
ORO,D,15,STORAGE,20040526 0000,20040527 0000,3041826, ,AF
ORO,D,15,STORAGE,20040527 0000,20040528 0000,3041258, ,AF
ORO,D,15,STORAGE,20040528 0000,20040529 0000,3038422, ,AF
ORO,D,15,STORAGE,20040529 0000,20040530 0000,3042677, ,AF
ORO,D,15,STORAGE,20040530 0000,20040531 0000,3042252, ,AF
ORO,D,15,STORAGE,20040531 0000,20040601 0000,3041684, ,AF
ORO,D,15,STORAGE,20040601 0000,20040602 0000,3036296, ,AF
ORO,D,15,STORAGE,20040602 0000,20040603 0000,3032046, ,AF
ORO,D,15,STORAGE,20040603 0000,20040604 0000,3023278, ,AF
ORO,D,15,STORAGE,20040604 0000,20040605 0000,3016784, ,AF
ORO,D,15,STORAGE,20040605 0000,20040606 0000,3014527, ,AF
ORO,D,15,STORAGE,20040606 0000,20040607 0000,3008610, ,AF
ORO,D,15,STORAGE,20040607 0000,20040608 0000,3000310, ,AF
ORO,D,15,STORAGE,20040608 0000,20040609 0000,2992869, ,AF
ORO,D,15,STORAGE,20040609 0000,20040610 0000,2978445, ,AF
ORO,D,15,STORAGE,20040610 0000,20040611 0000,2965882, ,AF
ORO,D,15,STORAGE,20040611 0000,20040612 0000,2952522, ,AF
ORO,D,15,STORAGE,20040612 0000,20040613 0000,2947800, ,AF
ORO,D,15,STORAGE,20040613 0000,20040614 0000,2929936, ,AF
ORO,D,15,STORAGE,20040614 0000,20040615 0000,2913248, ,AF
ORO,D,15,STORAGE,20040615 0000,20040616 0000,2902802, ,AF
ORO,D,15,STORAGE,20040616 0000,20040617 0000,2892381, ,AF
ORO,D,15,STORAGE,20040617 0000,20040618 0000,2881850, ,AF
ORO,D,15,STORAGE,20040618 0000,20040619 0000,2874208, ,AF
ORO,D,15,STORAGE,20040619 0000,20040620 0000,2873935, ,AF
ORO,D,15,STORAGE,20040620 0000,20040621 0000,2869303, ,AF
ORO,D,15,STORAGE,20040621 0000,20040622 0000,2859375, ,AF
ORO,D,15,STORAGE,20040622 0000,20040623 0000,2851910, ,AF
ORO,D,15,STORAGE,20040623 0000,20040624 0000,2840402, ,AF
ORO,D,15,STORAGE,20040624 0000,20040625 0000,2830139, ,AF
ORO,D,15,STORAGE,20040625 0000,20040626 0000,2818423, ,AF
ORO,D,15,STORAGE,20040626 0000,20040627 0000,2802453, ,AF
ORO,D,15,STORAGE,20040627 0000,20040628 0000,2793624, ,AF
ORO,D,15,STORAGE,20040628 0000,20040629 0000,2780548, ,AF
ORO,D,15,STORAGE,20040629 0000,20040630 0000,2768047, ,AF
ORO,D,15,STORAGE,20040630 0000,20040701 0000,2757705, ,AF
ORO,D,15,STORAGE,20040701 0000,20040702 0000,2747125, ,AF
ORO,D,15,STORAGE,20040702 0000,20040703 0000,2730255, ,AF
ORO,D,15,STORAGE,20040703 0000,20040704 0000,2714506, ,AF
ORO,D,15,STORAGE,20040704 0000,20040705 0000,2698821, ,AF
ORO,D,15,STORAGE,20040705 0000,20040706 0000,2683850, ,AF
ORO,D,15,STORAGE,20040706 0000,20040707 0000,2668660, ,AF
ORO,D,15,STORAGE,20040707 0000,20040708 0000,2650184, ,AF
ORO,D,15,STORAGE,20040708 0000,20040709 0000,2628594, ,AF
ORO,D,15,STORAGE,20040709 0000,20040710 0000,2606616, ,AF
ORO,D,15,STORAGE,20040710 0000,20040711 0000,2587935, ,AF
ORO,D,15,STORAGE,20040711 0000,20040712 0000,2566448, ,AF
ORO,D,15,STORAGE,20040712 0000,20040713 0000,2548344, ,AF
ORO,D,15,STORAGE,20040713 0000,20040714 0000,2530080, ,AF
ORO,D,15,STORAGE,20040714 0000,20040715 0000,2511288, ,AF
ORO,D,15,STORAGE,20040715 0000,20040716 0000,2491606, ,AF
ORO,D,15,STORAGE,20040716 0000,20040717 0000,2477192, ,AF
ORO,D,15,STORAGE,20040717 0000,20040718 0000,2464552, ,AF
ORO,D,15,STORAGE,20040718 0000,20040719 0000,2447932, ,AF
ORO,D,15,STORAGE,20040719 0000,20040720 0000,2431147, ,AF
ORO,D,15,STORAGE,20040720 0000,20040721 0000,2416783, ,AF
ORO,D,15,STORAGE,20040721 0000,20040722 0000,2403282, ,AF
ORO,D,15,STORAGE,20040722 0000,20040723 0000,2391872, ,AF
ORO,D,15,STORAGE,20040723 0000,20040724 0000,2377512, ,AF
ORO,D,15,STORAGE,20040724 0000,20040725 0000,2364998, ,AF
ORO,D,15,STORAGE,20040725 0000,20040726 0000,2349210, ,AF
ORO,D,15,STORAGE,20040726 0000,20040727 0000,2336681, ,AF
ORO,D,15,STORAGE,20040727 0000,20040728 0000,2321730, ,AF
ORO,D,15,STORAGE,20040728 0000,20040729 0000,2308484, ,AF
ORO,D,15,STORAGE,20040729 0000,20040730 0000,2293310, ,AF
ORO,D,15,STORAGE,20040730 0000,20040731 0000,2277974, ,AF
ORO,D,15,STORAGE,20040731 0000,20040801 0000,2265364, ,AF
ORO,D,15,STORAGE,20040801 0000,20040802 0000,2247058, ,AF
ORO,D,15,STORAGE,20040802 0000,20040803 0000,2232624, ,AF
ORO,D,15,STORAGE,20040803 0000,20040804 0000,2218029, ,AF
ORO,D,15,STORAGE,20040804 0000,20040805 0000,2202368, ,AF
ORO,D,15,STORAGE,20040805 0000,20040806 0000,2190276, ,AF
ORO,D,15,STORAGE,20040806 0000,20040807 0000,2174757, ,AF
ORO,D,15,STORAGE,20040807 0000,20040808 0000,2162663, ,AF
ORO,D,15,STORAGE,20040808 0000,20040809 0000,2150951, ,AF
ORO,D,15,STORAGE,20040809 0000,20040810 0000,2139173, ,AF
ORO,D,15,STORAGE,20040810 0000,20040811 0000,2124239, ,AF
ORO,D,15,STORAGE,20040811 0000,20040812 0000,2106526, ,AF
ORO,D,15,STORAGE,20040812 0000,20040813 0000,2095467, ,AF
ORO,D,15,STORAGE,20040813 0000,20040814 0000,2078250, ,AF
ORO,D,15,STORAGE,20040814 0000,20040815 0000,2062755, ,AF
ORO,D,15,STORAGE,20040815 0000,20040816 0000,2045623, ,AF
ORO,D,15,STORAGE,20040816 0000,20040817 0000,2031799, ,AF
ORO,D,15,STORAGE,20040817 0000,20040818 0000,2017190, ,AF
ORO,D,15,STORAGE,20040818 0000,20040819 0000,2006045, ,AF
ORO,D,15,STORAGE,20040819 0000,20040820 0000,1993257, ,AF
ORO,D,15,STORAGE,20040820 0000,20040821 0000,1980947, ,AF
ORO,D,15,STORAGE,20040821 0000,20040822 0000,1970783, ,AF
ORO,D,15,STORAGE,20040822 0000,20040823 0000,1964098, ,AF
ORO,D,15,STORAGE,20040823 0000,20040824 0000,1953580, ,AF
ORO,D,15,STORAGE,20040824 0000,20040825 0000,1943621, ,AF
ORO,D,15,STORAGE,20040825 0000,20040826 0000,1934421, ,AF
ORO,D,15,STORAGE,20040826 0000,20040827 0000,1922684, ,AF
ORO,D,15,STORAGE,20040827 0000,20040828 0000,1913146, ,AF
ORO,D,15,STORAGE,20040828 0000,20040829 0000,1905276, ,AF
ORO,D,15,STORAGE,20040829 0000,20040830 0000,1898752, ,AF
ORO,D,15,STORAGE,20040830 0000,20040831 0000,1891128, ,AF
ORO,D,15,STORAGE,20040831 0000,20040901 0000,1885961, ,AF
ORO,D,15,STORAGE,20040901 0000,20040902 0000,1880289, ,AF
ORO,D,15,STORAGE,20040902 0000,20040903 0000,1870302, ,AF
ORO,D,15,STORAGE,20040903 0000,20040904 0000,1860652, ,AF
ORO,D,15,STORAGE,20040904 0000,20040905 0000,1850138, ,AF
ORO,D,15,STORAGE,20040905 0000,20040906 0000,1844149, ,AF
ORO,D,15,STORAGE,20040906 0000,20040907 0000,1836384, ,AF
ORO,D,15,STORAGE,20040907 0000,20040908 0000,1829337, ,AF
ORO,D,15,STORAGE,20040908 0000,20040909 0000,1824089, ,AF
ORO,D,15,STORAGE,20040909 0000,20040910 0000,1819938, ,AF
ORO,D,15,STORAGE,20040910 0000,20040911 0000,1814118, ,AF
ORO,D,15,STORAGE,20040911 0000,20040912 0000,1816583, ,AF
ORO,D,15,STORAGE,20040912 0000,20040913 0000,1811755, ,AF
ORO,D,15,STORAGE,20040913 0000,20040914 0000,1803696, ,AF
ORO,D,15,STORAGE,20040914 0000,20040915 0000,1797327, ,AF
ORO,D,15,STORAGE,20040915 0000,20040916 0000,1790681, ,AF
ORO,D,15,STORAGE,20040916 0000,20040917 0000,1786683, ,AF
ORO,D,15,STORAGE,20040917 0000,20040918 0000,1780940, ,AF
ORO,D,15,STORAGE,20040918 0000,20040919 0000,1782301, ,AF
ORO,D,15,STORAGE,20040919 0000,20040920 0000,1782496, ,AF
ORO,D,15,STORAGE,20040920 0000,20040921 0000,1781718, ,AF
ORO,D,15,STORAGE,20040921 0000,20040922 0000,1777151, ,AF
ORO,D,15,STORAGE,20040922 0000,20040923 0000,1774919, ,AF
ORO,D,15,STORAGE,20040923 0000,20040924 0000,1769288, ,AF
ORO,D,15,STORAGE,20040924 0000,20040925 0000,1765610, ,AF
ORO,D,15,STORAGE,20040925 0000,20040926 0000,1765126, ,AF
ORO,D,15,STORAGE,20040926 0000,20040927 0000,1760488, ,AF
ORO,D,15,STORAGE,20040927 0000,20040928 0000,1757980, ,AF
ORO,D,15,STORAGE,20040928 0000,20040929 0000,1756534, ,AF
ORO,D,15,STORAGE,20040929 0000,20040930 0000,1754896, ,AF
ORO,D,15,STORAGE,20040930 0000,20041001 0000,1753067, ,AF
ORO,D,15,STORAGE,20041001 0000,20041002 0000,1751047, ,AF
ORO,D,15,STORAGE,20041002 0000,20041003 0000,1751816, ,AF
ORO,D,15,STORAGE,20041003 0000,20041004 0000,1750181, ,AF
ORO,D,15,STORAGE,20041004 0000,20041005 0000,1748452, ,AF
ORO,D,15,STORAGE,20041005 0000,20041006 0000,1743750, ,AF
ORO,D,15,STORAGE,20041006 0000,20041007 0000,1740971, ,AF
ORO,D,15,STORAGE,20041007 0000,20041008 0000,1735709, ,AF
ORO,D,15,STORAGE,20041008 0000,20041009 0000,1733043,r,AF
ORO,D,15,STORAGE,20041009 0000,20041010 0000,1733131, ,AF
ORO,D,15,STORAGE,20041010 0000,20041011 0000,1732367, ,AF
ORO,D,15,STORAGE,20041011 0000,20041012 0000,1725316, ,AF
ORO,D,15,STORAGE,20041012 0000,20041013 0000,1721607, ,AF
ORO,D,15,STORAGE,20041013 0000,20041014 0000,1715250, ,AF
ORO,D,15,STORAGE,20041014 0000,20041015 0000,1711368, ,AF
ORO,D,15,STORAGE,20041015 0000,20041016 0000,1700419, ,AF
ORO,D,15,STORAGE,20041016 0000,20041017 0000,1700042, ,AF
ORO,D,15,STORAGE,20041017 0000,20041018 0000,1700419, ,AF
ORO,D,15,STORAGE,20041018 0000,20041019 0000,1693835, ,AF
ORO,D,15,STORAGE,20041019 0000,20041020 0000,1690175, ,AF
ORO,D,15,STORAGE,20041020 0000,20041021 0000,1688207, ,AF
ORO,D,15,STORAGE,20041021 0000,20041022 0000,1677456, ,AF
ORO,D,15,STORAGE,20041022 0000,20041023 0000,1672145, ,AF
ORO,D,15,STORAGE,20041023 0000,20041024 0000,1672238, ,AF
ORO,D,15,STORAGE,20041024 0000,20041025 0000,1673262, ,AF
ORO,D,15,STORAGE,20041025 0000,20041026 0000,1669076, ,AF
ORO,D,15,STORAGE,20041026 0000,20041027 0000,1671959, ,AF
ORO,D,15,STORAGE,20041027 0000,20041028 0000,1668797, ,AF
ORO,D,15,STORAGE,20041028 0000,20041029 0000,1666010, ,AF
ORO,D,15,STORAGE,20041029 0000,20041030 0000,1664062, ,AF
ORO,D,15,STORAGE,20041030 0000,20041031 0000,1664433, ,AF
ORO,D,15,STORAGE,20041031 0000,20041101 0000,1665639, ,AF
ORO,D,15,STORAGE,20041101 0000,20041102 0000,1662763, ,AF
ORO,D,15,STORAGE,20041102 0000,20041103 0000,1660077, ,AF
ORO,D,15,STORAGE,20041103 0000,20041104 0000,1657670, ,AF
ORO,D,15,STORAGE,20041104 0000,20041105 0000,1654805, ,AF
ORO,D,15,STORAGE,20041105 0000,20041106 0000,1649729, ,AF
ORO,D,15,STORAGE,20041106 0000,20041107 0000,1653512, ,AF
ORO,D,15,STORAGE,20041107 0000,20041108 0000,1651850, ,AF
ORO,D,15,STORAGE,20041108 0000,20041109 0000,1648071, ,AF
ORO,D,15,STORAGE,20041109 0000,20041110 0000,1644848, ,AF
ORO,D,15,STORAGE,20041110 0000,20041111 0000,1641172, ,AF
ORO,D,15,STORAGE,20041111 0000,20041112 0000,1639336, ,AF
ORO,D,15,STORAGE,20041112 0000,20041113 0000,1638143, ,AF
ORO,D,15,STORAGE,20041113 0000,20041114 0000,1639244, ,AF
ORO,D,15,STORAGE,20041114 0000,20041115 0000,1639611, ,AF
ORO,D,15,STORAGE,20041115 0000,20041116 0000,1639336, ,AF
ORO,D,15,STORAGE,20041116 0000,20041117 0000,1636309, ,AF
ORO,D,15,STORAGE,20041117 0000,20041118 0000,1633012, ,AF
ORO,D,15,STORAGE,20041118 0000,20041119 0000,1630451, ,AF
ORO,D,15,STORAGE,20041119 0000,20041120 0000,1627253, ,AF
ORO,D,15,STORAGE,20041120 0000,20041121 0000,1628897, ,AF
ORO,D,15,STORAGE,20041121 0000,20041122 0000,1626066, ,AF
ORO,D,15,STORAGE,20041122 0000,20041123 0000,1625154, ,AF
ORO,D,15,STORAGE,20041123 0000,20041124 0000,1621326, ,AF
ORO,D,15,STORAGE,20041124 0000,20041125 0000,1617232, ,AF
ORO,D,15,STORAGE,20041125 0000,20041126 0000,1614779, ,AF
ORO,D,15,STORAGE,20041126 0000,20041127 0000,1612872, ,AF
ORO,D,15,STORAGE,20041127 0000,20041128 0000,1613780, ,AF
ORO,D,15,STORAGE,20041128 0000,20041129 0000,1612872, ,AF
ORO,D,15,STORAGE,20041129 0000,20041130 0000,1607435, ,AF
ORO,D,15,STORAGE,20041130 0000,20041201 0000,1604002, ,AF
ORO,D,15,STORAGE,20041201 0000,20041202 0000,1600657, ,AF
ORO,D,15,STORAGE,20041202 0000,20041203 0000,1600567, ,AF
ORO,D,15,STORAGE,20041203 0000,20041204 0000,1601198, ,AF
ORO,D,15,STORAGE,20041204 0000,20041205 0000,1604179, ,AF
ORO,D,15,STORAGE,20041205 0000,20041206 0000,1608431, ,AF
ORO,D,15,STORAGE,20041206 0000,20041207 0000,1608069, ,AF
ORO,D,15,STORAGE,20041207 0000,20041208 0000,1612147, ,AF
ORO,D,15,STORAGE,20041208 0000,20041209 0000,1628805, ,AF
ORO,D,15,STORAGE,20041209 0000,20041210 0000,1637684, ,AF
ORO,D,15,STORAGE,20041210 0000,20041211 0000,1643837, ,AF
ORO,D,15,STORAGE,20041211 0000,20041212 0000,1647886, ,AF
ORO,D,15,STORAGE,20041212 0000,20041213 0000,1650559, ,AF
ORO,D,15,STORAGE,20041213 0000,20041214 0000,1650744, ,AF
ORO,D,15,STORAGE,20041214 0000,20041215 0000,1648623, ,AF
ORO,D,15,STORAGE,20041215 0000,20041216 0000,1645492, ,AF
ORO,D,15,STORAGE,20041216 0000,20041217 0000,1640070, ,AF
ORO,D,15,STORAGE,20041217 0000,20041218 0000,1638877, ,AF
ORO,D,15,STORAGE,20041218 0000,20041219 0000,1638143, ,AF
ORO,D,15,STORAGE,20041219 0000,20041220 0000,1638051, ,AF
ORO,D,15,STORAGE,20041220 0000,20041221 0000,1638143, ,AF
ORO,D,15,STORAGE,20041221 0000,20041222 0000,1637868, ,AF
ORO,D,15,STORAGE,20041222 0000,20041223 0000,1636400, ,AF
ORO,D,15,STORAGE,20041223 0000,20041224 0000,1635118, ,AF
ORO,D,15,STORAGE,20041224 0000,20041225 0000,1631822, ,AF
ORO,D,15,STORAGE,20041225 0000,20041226 0000,1634477, ,AF
ORO,D,15,STORAGE,20041226 0000,20041227 0000,1634568, ,AF
ORO,D,15,STORAGE,20041227 0000,20041228 0000,1632828, ,AF
ORO,D,15,STORAGE,20041228 0000,20041229 0000,1632188, ,AF
ORO,D,15,STORAGE,20041229 0000,20041230 0000,1632737, ,AF
ORO,D,15,STORAGE,20041230 0000,20041231 0000,1642182, ,AF
ORO,D,15,STORAGE,20041231 0000,20050101 0000,1644209,r,AF
ORO,D,15,STORAGE,20050101 0000,20050102 0000,1654436, ,AF
ORO,D,15,STORAGE,20050102 0000,20050103 0000,1666753, ,AF
ORO,D,15,STORAGE,20050103 0000,20050104 0000,1669168, ,AF
ORO,D,15,STORAGE,20050104 0000,20050105 0000,1669540, ,AF
ORO,D,15,STORAGE,20050105 0000,20050106 0000,1676430, ,AF
ORO,D,15,STORAGE,20050106 0000,20050107 0000,1680629, ,AF
ORO,D,15,STORAGE,20050107 0000,20050108 0000,1688769, ,AF
ORO,D,15,STORAGE,20050108 0000,20050109 0000,1693647, ,AF
ORO,D,15,STORAGE,20050109 0000,20050110 0000,1700701, ,AF
ORO,D,15,STORAGE,20050110 0000,20050111 0000,1702398, ,AF
ORO,D,15,STORAGE,20050111 0000,20050112 0000,1707870, ,AF
ORO,D,15,STORAGE,20050112 0000,20050113 0000,1712977, ,AF
ORO,D,15,STORAGE,20050113 0000,20050114 0000,1716009, ,AF
ORO,D,15,STORAGE,20050114 0000,20050115 0000,1719708, ,AF
ORO,D,15,STORAGE,20050115 0000,20050116 0000,1723793, ,AF
ORO,D,15,STORAGE,20050116 0000,20050117 0000,1729887, ,AF
ORO,D,15,STORAGE,20050117 0000,20050118 0000,1733321, ,AF
ORO,D,15,STORAGE,20050118 0000,20050119 0000,1735709, ,AF
ORO,D,15,STORAGE,20050119 0000,20050120 0000,1738387, ,AF
ORO,D,15,STORAGE,20050120 0000,20050121 0000,1740397, ,AF
ORO,D,15,STORAGE,20050121 0000,20050122 0000,1742983, ,AF
ORO,D,15,STORAGE,20050122 0000,20050123 0000,1748452, ,AF
ORO,D,15,STORAGE,20050123 0000,20050124 0000,1756052, ,AF
ORO,D,15,STORAGE,20050124 0000,20050125 0000,1758076, ,AF
ORO,D,15,STORAGE,20050125 0000,20050126 0000,1761840, ,AF
ORO,D,15,STORAGE,20050126 0000,20050127 0000,1773271, ,AF
ORO,D,15,STORAGE,20050127 0000,20050128 0000,1785806, ,AF
ORO,D,15,STORAGE,20050128 0000,20050129 0000,1797034, ,AF
ORO,D,15,STORAGE,20050129 0000,20050130 0000,1804776, ,AF
ORO,D,15,STORAGE,20050130 0000,20050131 0000,1811558, ,AF
ORO,D,15,STORAGE,20050131 0000,20050201 0000,1814709,r,AF
ORO,D,15,STORAGE,20050201 0000,20050202 0000,1821518, ,AF
ORO,D,15,STORAGE,20050202 0000,20050203 0000,1826761, ,AF
ORO,D,15,STORAGE,20050203 0000,20050204 0000,1831717, ,AF
ORO,D,15,STORAGE,20050204 0000,20050205 0000,1837180, ,AF
ORO,D,15,STORAGE,20050205 0000,20050206 0000,1843351, ,AF
ORO,D,15,STORAGE,20050206 0000,20050207 0000,1850338, ,AF
ORO,D,15,STORAGE,20050207 0000,20050208 0000,1856842, ,AF
ORO,D,15,STORAGE,20050208 0000,20050209 0000,1860852, ,AF
ORO,D,15,STORAGE,20050209 0000,20050210 0000,1869094, ,AF
ORO,D,15,STORAGE,20050210 0000,20050211 0000,1876451, ,AF
ORO,D,15,STORAGE,20050211 0000,20050212 0000,1881098, ,AF
ORO,D,15,STORAGE,20050212 0000,20050213 0000,1885348, ,AF
ORO,D,15,STORAGE,20050213 0000,20050214 0000,1893870, ,AF
ORO,D,15,STORAGE,20050214 0000,20050215 0000,1905582, ,AF
ORO,D,15,STORAGE,20050215 0000,20050216 0000,1913351, ,AF
ORO,D,15,STORAGE,20050216 0000,20050217 0000,1920219, ,AF
ORO,D,15,STORAGE,20050217 0000,20050218 0000,1927002, ,AF
ORO,D,15,STORAGE,20050218 0000,20050219 0000,1929781, ,AF
ORO,D,15,STORAGE,20050219 0000,20050220 0000,1935866, ,AF
ORO,D,15,STORAGE,20050220 0000,20050221 0000,1953164, ,AF
ORO,D,15,STORAGE,20050221 0000,20050222 0000,1965036, ,AF
ORO,D,15,STORAGE,20050222 0000,20050223 0000,1976856, ,AF
ORO,D,15,STORAGE,20050223 0000,20050224 0000,1986832, ,AF
ORO,D,15,STORAGE,20050224 0000,20050225 0000,1993046, ,AF
ORO,D,15,STORAGE,20050225 0000,20050226 0000,1999802, ,AF
ORO,D,15,STORAGE,20050226 0000,20050227 0000,2004139, ,AF
ORO,D,15,STORAGE,20050227 0000,20050228 0000,2014108, ,AF
ORO,D,15,STORAGE,20050228 0000,20050301 0000,2023476,r,AF
ORO,D,15,STORAGE,20050301 0000,20050302 0000,2032761, ,AF
ORO,D,15,STORAGE,20050302 0000,20050303 0000,2045086, ,AF
ORO,D,15,STORAGE,20050303 0000,20050304 0000,2056063, ,AF
ORO,D,15,STORAGE,20050304 0000,20050305 0000,2064269, ,AF
ORO,D,15,STORAGE,20050305 0000,20050306 0000,2074450, ,AF
ORO,D,15,STORAGE,20050306 0000,20050307 0000,2079989, ,AF
ORO,D,15,STORAGE,20050307 0000,20050308 0000,2086955, ,AF
ORO,D,15,STORAGE,20050308 0000,20050309 0000,2094702, ,AF
ORO,D,15,STORAGE,20050309 0000,20050310 0000,2104442, ,AF
ORO,D,15,STORAGE,20050310 0000,20050311 0000,2113774, ,AF
ORO,D,15,STORAGE,20050311 0000,20050312 0000,2126116, ,AF
ORO,D,15,STORAGE,20050312 0000,20050313 0000,2136846, ,AF
ORO,D,15,STORAGE,20050313 0000,20050314 0000,2147947, ,AF
ORO,D,15,STORAGE,20050314 0000,20050315 0000,2157192, ,AF
ORO,D,15,STORAGE,20050315 0000,20050316 0000,2157304, ,AF
ORO,D,15,STORAGE,20050316 0000,20050317 0000,2159424, ,AF
ORO,D,15,STORAGE,20050317 0000,20050318 0000,2165235, ,AF
ORO,D,15,STORAGE,20050318 0000,20050319 0000,2171505, ,AF
ORO,D,15,STORAGE,20050319 0000,20050320 0000,2180822, ,AF
ORO,D,15,STORAGE,20050320 0000,20050321 0000,2199878, ,AF
ORO,D,15,STORAGE,20050321 0000,20050322 0000,2219053, ,AF
ORO,D,15,STORAGE,20050322 0000,20050323 0000,2251884, ,AF
ORO,D,15,STORAGE,20050323 0000,20050324 0000,2285284, ,AF
ORO,D,15,STORAGE,20050324 0000,20050325 0000,2308835, ,AF
ORO,D,15,STORAGE,20050325 0000,20050326 0000,2328550, ,AF
ORO,D,15,STORAGE,20050326 0000,20050327 0000,2345423, ,AF
ORO,D,15,STORAGE,20050327 0000,20050328 0000,2364640, ,AF
ORO,D,15,STORAGE,20050328 0000,20050329 0000,2392111, ,AF
ORO,D,15,STORAGE,20050329 0000,20050330 0000,2418353, ,AF
ORO,D,15,STORAGE,20050330 0000,20050331 0000,2441962, ,AF
ORO,D,15,STORAGE,20050331 0000,20050401 0000,2457576, ,AF
ORO,D,15,STORAGE,20050401 0000,20050402 0000,2465164, ,AF
ORO,D,15,STORAGE,20050402 0000,20050403 0000,2480513, ,AF
ORO,D,15,STORAGE,20050403 0000,20050404 0000,2498030, ,AF
ORO,D,15,STORAGE,20050404 0000,20050405 0000,2515386, ,AF
ORO,D,15,STORAGE,20050405 0000,20050406 0000,2530080, ,AF
ORO,D,15,STORAGE,20050406 0000,20050407 0000,2539451, ,AF
ORO,D,15,STORAGE,20050407 0000,20050408 0000,2555248, ,AF
ORO,D,15,STORAGE,20050408 0000,20050409 0000,2574648, ,AF
ORO,D,15,STORAGE,20050409 0000,20050410 0000,2593009, ,AF
ORO,D,15,STORAGE,20050410 0000,20050411 0000,2609548, ,AF
ORO,D,15,STORAGE,20050411 0000,20050412 0000,2622959, ,AF
ORO,D,15,STORAGE,20050412 0000,20050413 0000,2633980, ,AF
ORO,D,15,STORAGE,20050413 0000,20050414 0000,2648767, ,AF
ORO,D,15,STORAGE,20050414 0000,20050415 0000,2658572, ,AF
ORO,D,15,STORAGE,20050415 0000,20050416 0000,2669955, ,AF
ORO,D,15,STORAGE,20050416 0000,20050417 0000,2680602, ,AF
ORO,D,15,STORAGE,20050417 0000,20050418 0000,2692434, ,AF
ORO,D,15,STORAGE,20050418 0000,20050419 0000,2706264, ,AF
ORO,D,15,STORAGE,20050419 0000,20050420 0000,2717913, ,AF
ORO,D,15,STORAGE,20050420 0000,20050421 0000,2730387, ,AF
ORO,D,15,STORAGE,20050421 0000,20050422 0000,2740790, ,AF
ORO,D,15,STORAGE,20050422 0000,20050423 0000,2750824, ,AF
ORO,D,15,STORAGE,20050423 0000,20050424 0000,2764862, ,AF
ORO,D,15,STORAGE,20050424 0000,20050425 0000,2779616, ,AF
ORO,D,15,STORAGE,20050425 0000,20050426 0000,2792554, ,AF
ORO,D,15,STORAGE,20050426 0000,20050427 0000,2804195, ,AF
ORO,D,15,STORAGE,20050427 0000,20050428 0000,2814794, ,AF
ORO,D,15,STORAGE,20050428 0000,20050429 0000,2825826, ,AF
ORO,D,15,STORAGE,20050429 0000,20050430 0000,2834457, ,AF
ORO,D,15,STORAGE,20050430 0000,20050501 0000,2841886,r,AF
ORO,D,15,STORAGE,20050501 0000,20050502 0000,2854894, ,AF
ORO,D,15,STORAGE,20050502 0000,20050503 0000,2863996, ,AF
ORO,D,15,STORAGE,20050503 0000,20050504 0000,2870801, ,AF
ORO,D,15,STORAGE,20050504 0000,20050505 0000,2874753, ,AF
ORO,D,15,STORAGE,20050505 0000,20050506 0000,2884583, ,AF
ORO,D,15,STORAGE,20050506 0000,20050507 0000,2900605, ,AF
ORO,D,15,STORAGE,20050507 0000,20050508 0000,2915176, ,AF
ORO,D,15,STORAGE,20050508 0000,20050509 0000,2936021, ,AF
ORO,D,15,STORAGE,20050509 0000,20050510 0000,2965464, ,AF
ORO,D,15,STORAGE,20050510 0000,20050511 0000,2986002, ,AF
ORO,D,15,STORAGE,20050511 0000,20050512 0000,3005935, ,AF
ORO,D,15,STORAGE,20050512 0000,20050513 0000,3017489, ,AF
ORO,D,15,STORAGE,20050513 0000,20050514 0000,3033604, ,AF
ORO,D,15,STORAGE,20050514 0000,20050515 0000,3051912, ,AF
ORO,D,15,STORAGE,20050515 0000,20050516 0000,3073728, ,AF
ORO,D,15,STORAGE,20050516 0000,20050517 0000,3101692, ,AF
ORO,D,15,STORAGE,20050517 0000,20050518 0000,3120434, ,AF
ORO,D,15,STORAGE,20050518 0000,20050519 0000,3172464, ,AF
ORO,D,15,STORAGE,20050519 0000,20050520 0000,3264605, ,AF
ORO,D,15,STORAGE,20050520 0000,20050521 0000,3310496, ,AF
ORO,D,15,STORAGE,20050521 0000,20050522 0000,3343319, ,AF
ORO,D,15,STORAGE,20050522 0000,20050523 0000,3370874, ,AF
ORO,D,15,STORAGE,20050523 0000,20050524 0000,3390305, ,AF
ORO,D,15,STORAGE,20050524 0000,20050525 0000,3407661, ,AF
ORO,D,15,STORAGE,20050525 0000,20050526 0000,3422765, ,AF
ORO,D,15,STORAGE,20050526 0000,20050527 0000,3435594, ,AF
ORO,D,15,STORAGE,20050527 0000,20050528 0000,3447682, ,AF
ORO,D,15,STORAGE,20050528 0000,20050529 0000,3461511, ,AF
ORO,D,15,STORAGE,20050529 0000,20050530 0000,3480845, ,AF
ORO,D,15,STORAGE,20050530 0000,20050531 0000,3491793, ,AF
ORO,D,15,STORAGE,20050531 0000,20050601 0000,3495082, ,AF
ORO,D,15,STORAGE,20050601 0000,20050602 0000,3499471, ,AF
ORO,D,15,STORAGE,20050602 0000,20050603 0000,3500569, ,AF
ORO,D,15,STORAGE,20050603 0000,20050604 0000,3505905, ,AF
ORO,D,15,STORAGE,20050604 0000,20050605 0000,3509990, ,AF
ORO,D,15,STORAGE,20050605 0000,20050606 0000,3516280, ,AF
ORO,D,15,STORAGE,20050606 0000,20050607 0000,3521161, ,AF
ORO,D,15,STORAGE,20050607 0000,20050608 0000,3520688, ,AF
ORO,D,15,STORAGE,20050608 0000,20050609 0000,3519428, ,AF
ORO,D,15,STORAGE,20050609 0000,20050610 0000,3523524, ,AF
ORO,D,15,STORAGE,20050610 0000,20050611 0000,3519271, ,AF
ORO,D,15,STORAGE,20050611 0000,20050612 0000,3517854, ,AF
ORO,D,15,STORAGE,20050612 0000,20050613 0000,3527307, ,AF
ORO,D,15,STORAGE,20050613 0000,20050614 0000,3526519, ,AF
ORO,D,15,STORAGE,20050614 0000,20050615 0000,3526046, ,AF
ORO,D,15,STORAGE,20050615 0000,20050616 0000,3528727, ,AF
ORO,D,15,STORAGE,20050616 0000,20050617 0000,3526519, ,AF
ORO,D,15,STORAGE,20050617 0000,20050618 0000,3521161, ,AF
ORO,D,15,STORAGE,20050618 0000,20050619 0000,3516123, ,AF
ORO,D,15,STORAGE,20050619 0000,20050620 0000,3512033, ,AF
ORO,D,15,STORAGE,20050620 0000,20050621 0000,3503550, ,AF
ORO,D,15,STORAGE,20050621 0000,20050622 0000,3499158, ,AF
ORO,D,15,STORAGE,20050622 0000,20050623 0000,3496806, ,AF
ORO,D,15,STORAGE,20050623 0000,20050624 0000,3492262, ,AF
ORO,D,15,STORAGE,20050624 0000,20050625 0000,3489288, ,AF
ORO,D,15,STORAGE,20050625 0000,20050626 0000,3484282, ,AF
ORO,D,15,STORAGE,20050626 0000,20050627 0000,3488662, ,AF
ORO,D,15,STORAGE,20050627 0000,20050628 0000,3489914, ,AF
ORO,D,15,STORAGE,20050628 0000,20050629 0000,3488192, ,AF
ORO,D,15,STORAGE,20050629 0000,20050630 0000,3483033, ,AF
ORO,D,15,STORAGE,20050630 0000,20050701 0000,3480532, ,AF
ORO,D,15,STORAGE,20050701 0000,20050702 0000,3478502, ,AF
ORO,D,15,STORAGE,20050702 0000,20050703 0000,3473663, ,AF
ORO,D,15,STORAGE,20050703 0000,20050704 0000,3471168, ,AF
ORO,D,15,STORAGE,20050704 0000,20050705 0000,3466804, ,AF
ORO,D,15,STORAGE,20050705 0000,20050706 0000,3462912, ,AF
ORO,D,15,STORAGE,20050706 0000,20050707 0000,3454047, ,AF
ORO,D,15,STORAGE,20050707 0000,20050708 0000,3445976, ,AF
ORO,D,15,STORAGE,20050708 0000,20050709 0000,3441634, ,AF
ORO,D,15,STORAGE,20050709 0000,20050710 0000,3437766, ,AF
ORO,D,15,STORAGE,20050710 0000,20050711 0000,3430953, ,AF
ORO,D,15,STORAGE,20050711 0000,20050712 0000,3423073, ,AF
ORO,D,15,STORAGE,20050712 0000,20050713 0000,3411048, ,AF
ORO,D,15,STORAGE,20050713 0000,20050714 0000,3399359, ,AF
ORO,D,15,STORAGE,20050714 0000,20050715 0000,3389385, ,AF
ORO,D,15,STORAGE,20050715 0000,20050716 0000,3381115, ,AF
ORO,D,15,STORAGE,20050716 0000,20050717 0000,3370569, ,AF
ORO,D,15,STORAGE,20050717 0000,20050718 0000,3366601, ,AF
ORO,D,15,STORAGE,20050718 0000,20050719 0000,3355783, ,AF
ORO,D,15,STORAGE,20050719 0000,20050720 0000,3345596, ,AF
ORO,D,15,STORAGE,20050720 0000,20050721 0000,3336797, ,AF
ORO,D,15,STORAGE,20050721 0000,20050722 0000,3326803, ,AF
ORO,D,15,STORAGE,20050722 0000,20050723 0000,3317888, ,AF
ORO,D,15,STORAGE,20050723 0000,20050724 0000,3317132, ,AF
ORO,D,15,STORAGE,20050724 0000,20050725 0000,3312456, ,AF
ORO,D,15,STORAGE,20050725 0000,20050726 0000,3306730, ,AF
ORO,D,15,STORAGE,20050726 0000,20050727 0000,3295599, ,AF
ORO,D,15,STORAGE,20050727 0000,20050728 0000,3286294, ,AF
ORO,D,15,STORAGE,20050728 0000,20050729 0000,3277157, ,AF
ORO,D,15,STORAGE,20050729 0000,20050730 0000,3271624, ,AF
ORO,D,15,STORAGE,20050730 0000,20050731 0000,3263412, ,AF
ORO,D,15,STORAGE,20050731 0000,20050801 0000,3255959, ,AF
ORO,D,15,STORAGE,20050801 0000,20050802 0000,3248815, ,AF
ORO,D,15,STORAGE,20050802 0000,20050803 0000,3242722, ,AF
ORO,D,15,STORAGE,20050803 0000,20050804 0000,3237527, ,AF
ORO,D,15,STORAGE,20050804 0000,20050805 0000,3231024, ,AF
ORO,D,15,STORAGE,20050805 0000,20050806 0000,3222592, ,AF
ORO,D,15,STORAGE,20050806 0000,20050807 0000,3217272, ,AF
ORO,D,15,STORAGE,20050807 0000,20050808 0000,3208718, ,AF
ORO,D,15,STORAGE,20050808 0000,20050809 0000,3201502, ,AF
ORO,D,15,STORAGE,20050809 0000,20050810 0000,3191508, ,AF
ORO,D,15,STORAGE,20050810 0000,20050811 0000,3184614, ,AF
ORO,D,15,STORAGE,20050811 0000,20050812 0000,3173341, ,AF
ORO,D,15,STORAGE,20050812 0000,20050812 0000,3164431, ,AF
ORO,D,15,STORAGE,20050813 0000,20050813 0000,3161367, ,AF
ORO,D,15,STORAGE,20050814 0000,20050814 0000,3163702, ,AF
ORO,D,15,STORAGE,20050815 0000,20050815 0000,3152473, ,AF
ORO,D,15,STORAGE,20050816 0000,20050816 0000,3140274, ,AF
ORO,D,15,STORAGE,20050817 0000,20050817 0000,3130271, ,AF
ORO,D,15,STORAGE,20050818 0000,20050818 0000,3117835, ,AF
ORO,D,15,STORAGE,20050819 0000,20050819 0000,3109036, ,AF
ORO,D,15,STORAGE,20050820 0000,20050820 0000,3102268, ,AF
ORO,D,15,STORAGE,20050821 0000,20050821 0000,3109180, ,AF
ORO,D,15,STORAGE,20050822 0000,20050822 0000,3103419, ,AF
ORO,D,15,STORAGE,20050823 0000,20050823 0000,3094792, ,AF
ORO,D,15,STORAGE,20050824 0000,20050824 0000,3086900, ,AF
ORO,D,15,STORAGE,20050825 0000,20050825 0000,3077732, ,AF
ORO,D,15,STORAGE,20050826 0000,20050826 0000,3072013, ,AF
ORO,D,15,STORAGE,20050827 0000,20050827 0000,3063020, ,AF
ORO,D,15,STORAGE,20050828 0000,20050828 0000,3057747, ,AF
ORO,D,15,STORAGE,20050829 0000,20050829 0000,3051202, ,AF
ORO,D,15,STORAGE,20050830 0000,20050831 0000,3040549, ,AF
ORO,D,15,STORAGE,20050831 0000,20050901 0000,3032324, ,AF
ORO,D,15,STORAGE,20050901 0000,20050902 0000,3023843, ,AF
ORO,D,15,STORAGE,20050902 0000,20050903 0000,3019747, ,AF
ORO,D,15,STORAGE,20050903 0000,20050904 0000,3017771, ,AF
ORO,D,15,STORAGE,20050904 0000,20050905 0000,3015796, ,AF
ORO,D,15,STORAGE,20050905 0000,20050906 0000,3011427, ,AF
ORO,D,15,STORAGE,20050906 0000,20050907 0000,3001716, ,AF
ORO,D,15,STORAGE,20050907 0000,20050908 0000,2996939, ,AF
ORO,D,15,STORAGE,20050908 0000,20050909 0000,2996518, ,AF
ORO,D,15,STORAGE,20050909 0000,20050910 0000,2996939, ,AF
ORO,D,15,STORAGE,20050910 0000,20050911 0000,3001153, ,AF
ORO,D,15,STORAGE,20050911 0000,20050912 0000,3001576, ,AF
ORO,D,15,STORAGE,20050912 0000,20050913 0000,2995536, ,AF
ORO,D,15,STORAGE,20050913 0000,20050914 0000,2987822, ,AF
ORO,D,15,STORAGE,20050914 0000,20050915 0000,2977327, ,AF
ORO,D,15,STORAGE,20050915 0000,20050916 0000,2970066, ,AF
ORO,D,15,STORAGE,20050916 0000,20050917 0000,2960450, ,AF
ORO,D,15,STORAGE,20050917 0000,20050918 0000,2959196, ,AF
ORO,D,15,STORAGE,20050918 0000,20050919 0000,2958084, ,AF
ORO,D,15,STORAGE,20050919 0000,20050920 0000,2949050, ,AF
ORO,D,15,STORAGE,20050920 0000,20050921 0000,2941560, ,AF
ORO,D,15,STORAGE,20050921 0000,20050922 0000,2934360, ,AF
ORO,D,15,STORAGE,20050922 0000,20050923 0000,2927588, ,AF
ORO,D,15,STORAGE,20050923 0000,20050924 0000,2918207, ,AF
ORO,D,15,STORAGE,20050924 0000,20050925 0000,2919034, ,AF
ORO,D,15,STORAGE,20050925 0000,20050926 0000,2918207, ,AF
ORO,D,15,STORAGE,20050926 0000,20050927 0000,2912974, ,AF
ORO,D,15,STORAGE,20050927 0000,20050928 0000,2905548, ,AF
ORO,D,15,STORAGE,20050928 0000,20050929 0000,2893066, ,AF
ORO,D,15,STORAGE,20050929 0000,20050930 0000,2885950, ,AF
ORO,D,15,STORAGE,20050930 0000,20051001 0000,2877345, ,AF
ORO,D,15,STORAGE,20051001 0000,20051002 0000,2871891, ,AF
ORO,D,15,STORAGE,20051002 0000,20051003 0000,2874890, ,AF
ORO,D,15,STORAGE,20051003 0000,20051004 0000,2863996, ,AF
ORO,D,15,STORAGE,20051004 0000,20051005 0000,2854080, ,AF
ORO,D,15,STORAGE,20051005 0000,20051006 0000,2846084, ,AF
ORO,D,15,STORAGE,20051006 0000,20051007 0000,2839590, ,AF
ORO,D,15,STORAGE,20051007 0000,20051008 0000,2830544, ,AF
ORO,D,15,STORAGE,20051008 0000,20051009 0000,2828386, ,AF
ORO,D,15,STORAGE,20051009 0000,20051010 0000,2832567, ,AF
ORO,D,15,STORAGE,20051010 0000,20051011 0000,2828386, ,AF
ORO,D,15,STORAGE,20051011 0000,20051012 0000,2822728, ,AF
ORO,D,15,STORAGE,20051012 0000,20051013 0000,2819499, ,AF
ORO,D,15,STORAGE,20051013 0000,20051014 0000,2813048, ,AF
ORO,D,15,STORAGE,20051014 0000,20051015 0000,2803659, ,AF
ORO,D,15,STORAGE,20051015 0000,20051016 0000,2803525, ,AF
ORO,D,15,STORAGE,20051016 0000,20051017 0000,2808082, ,AF
ORO,D,15,STORAGE,20051017 0000,20051018 0000,2800712, ,AF
ORO,D,15,STORAGE,20051018 0000,20051019 0000,2792020, ,AF
ORO,D,15,STORAGE,20051019 0000,20051020 0000,2788549, ,AF
ORO,D,15,STORAGE,20051020 0000,20051021 0000,2783080, ,AF
ORO,D,15,STORAGE,20051021 0000,20051022 0000,2779484, ,AF
ORO,D,15,STORAGE,20051022 0000,20051023 0000,2778817, ,AF
ORO,D,15,STORAGE,20051023 0000,20051024 0000,2782547, ,AF
ORO,D,15,STORAGE,20051024 0000,20051025 0000,2777486, ,AF
ORO,D,15,STORAGE,20051025 0000,20051026 0000,2769376, ,AF
ORO,D,15,STORAGE,20051026 0000,20051027 0000,2760884, ,AF
ORO,D,15,STORAGE,20051027 0000,20051028 0000,2753337, ,AF
ORO,D,15,STORAGE,20051028 0000,20051029 0000,2748578, ,AF
ORO,D,15,STORAGE,20051029 0000,20051030 0000,2748974, ,AF
ORO,D,15,STORAGE,20051030 0000,20051031 0000,2750296, ,AF
ORO,D,15,STORAGE,20051031 0000,20051101 0000,2740130, ,AF
ORO,D,15,STORAGE,20051101 0000,20051102 0000,2729598, ,AF
ORO,D,15,STORAGE,20051102 0000,20051103 0000,2721848, ,AF
ORO,D,15,STORAGE,20051103 0000,20051104 0000,2716340, ,AF
ORO,D,15,STORAGE,20051104 0000,20051105 0000,2707310, ,AF
ORO,D,15,STORAGE,20051105 0000,20051106 0000,2703520, ,AF
ORO,D,15,STORAGE,20051106 0000,20051107 0000,2702606, ,AF
ORO,D,15,STORAGE,20051107 0000,20051108 0000,2695301, ,AF
ORO,D,15,STORAGE,20051108 0000,20051109 0000,2703520, ,AF
ORO,D,15,STORAGE,20051109 0000,20051110 0000,2698952, ,AF
ORO,D,15,STORAGE,20051110 0000,20051111 0000,2695171, ,AF
ORO,D,15,STORAGE,20051111 0000,20051112 0000,2688530, ,AF
ORO,D,15,STORAGE,20051112 0000,20051113 0000,2683980, ,AF
ORO,D,15,STORAGE,20051113 0000,20051114 0000,2682550, ,AF
ORO,D,15,STORAGE,20051114 0000,20051115 0000,2676048, ,AF
ORO,D,15,STORAGE,20051115 0000,20051116 0000,2672288, ,AF
ORO,D,15,STORAGE,20051116 0000,20051117 0000,2666588, ,AF
ORO,D,15,STORAGE,20051117 0000,20051118 0000,2665552, ,AF
ORO,D,15,STORAGE,20051118 0000,20051119 0000,2659476, ,AF
ORO,D,15,STORAGE,20051119 0000,20051120 0000,2657022, ,AF
ORO,D,15,STORAGE,20051120 0000,20051121 0000,2660639, ,AF
ORO,D,15,STORAGE,20051121 0000,20051122 0000,2652892, ,AF
ORO,D,15,STORAGE,20051122 0000,20051123 0000,2641688, ,AF
ORO,D,15,STORAGE,20051123 0000,20051124 0000,2633595, ,AF
ORO,D,15,STORAGE,20051124 0000,20051125 0000,2630901, ,AF
ORO,D,15,STORAGE,20051125 0000,20051126 0000,2631286, ,AF
ORO,D,15,STORAGE,20051126 0000,20051127 0000,2631158, ,AF
ORO,D,15,STORAGE,20051127 0000,20051128 0000,2632184, ,AF
ORO,D,15,STORAGE,20051128 0000,20051129 0000,2624623, ,AF
ORO,D,15,STORAGE,20051129 0000,20051130 0000,2620785, ,AF
ORO,D,15,STORAGE,20051130 0000,20051201 0000,2615800, ,AF
ORO,D,15,STORAGE,20051201 0000,20051202 0000,2648896, ,AF
ORO,D,15,STORAGE,20051202 0000,20051203 0000,2673843, ,AF
ORO,D,15,STORAGE,20051203 0000,20051204 0000,2681122, ,AF
ORO,D,15,STORAGE,20051204 0000,20051205 0000,2686969, ,AF
ORO,D,15,STORAGE,20051205 0000,20051206 0000,2688140, ,AF
ORO,D,15,STORAGE,20051206 0000,20051207 0000,2689832, ,AF
ORO,D,15,STORAGE,20051207 0000,20051208 0000,2684110, ,AF
ORO,D,15,STORAGE,20051208 0000,20051209 0000,2679304, ,AF
ORO,D,15,STORAGE,20051209 0000,20051210 0000,2679824, ,AF
ORO,D,15,STORAGE,20051210 0000,20051211 0000,2680083, ,AF
ORO,D,15,STORAGE,20051211 0000,20051212 0000,2680472, ,AF
ORO,D,15,STORAGE,20051212 0000,20051213 0000,2678136, ,AF
ORO,D,15,STORAGE,20051213 0000,20051214 0000,2675530, ,AF
ORO,D,15,STORAGE,20051214 0000,20051215 0000,2674492, ,AF
ORO,D,15,STORAGE,20051215 0000,20051216 0000,2671640, ,AF
ORO,D,15,STORAGE,20051216 0000,20051217 0000,2665165, ,AF
ORO,D,15,STORAGE,20051217 0000,20051218 0000,2661414, ,AF
ORO,D,15,STORAGE,20051218 0000,20051219 0000,2677098, ,AF
ORO,D,15,STORAGE,20051219 0000,20051220 0000,2704304, ,AF
ORO,D,15,STORAGE,20051220 0000,20051221 0000,2717520, ,AF
ORO,D,15,STORAGE,20051221 0000,20051222 0000,2741713, ,AF
ORO,D,15,STORAGE,20051222 0000,20051223 0000,2831353, ,AF
ORO,D,15,STORAGE,20051223 0000,20051224 0000,2854894, ,AF
ORO,D,15,STORAGE,20051224 0000,20051225 0000,2830409, ,AF
ORO,D,15,STORAGE,20051225 0000,20051226 0000,2798838, ,AF
ORO,D,15,STORAGE,20051226 0000,20051227 0000,2789616, ,AF
ORO,D,15,STORAGE,20051227 0000,20051228 0000,2762342, ,AF
ORO,D,15,STORAGE,20051228 0000,20051229 0000,2813316, ,AF
ORO,D,15,STORAGE,20051229 0000,20051230 0000,2806742, ,AF
ORO,D,15,STORAGE,20051230 0000,20051231 0000,2794826, ,AF
ORO,D,15,STORAGE,20051231 0000,20060101 0000,2924550, ,AF
ORO,D,15,STORAGE,20060101 0000,20060102 0000,2901704, ,AF
ORO,D,15,STORAGE,20060102 0000,20060103 0000,2849064, ,AF
ORO,D,15,STORAGE,20060103 0000,20060104 0000,2782680, ,AF
ORO,D,15,STORAGE,20060104 0000,20060105 0000,2752147, ,AF
ORO,D,15,STORAGE,20060105 0000,20060106 0000,2741186, ,AF
ORO,D,15,STORAGE,20060106 0000,20060107 0000,2738681, ,AF
ORO,D,15,STORAGE,20060107 0000,20060108 0000,2738945, ,AF
ORO,D,15,STORAGE,20060108 0000,20060109 0000,2739340, ,AF
ORO,D,15,STORAGE,20060109 0000,20060110 0000,2739472, ,AF
ORO,D,15,STORAGE,20060110 0000,20060111 0000,2736836, ,AF
ORO,D,15,STORAGE,20060111 0000,20060112 0000,2735782, ,AF
ORO,D,15,STORAGE,20060112 0000,20060113 0000,2734202, ,AF
ORO,D,15,STORAGE,20060113 0000,20060114 0000,2732228, ,AF
ORO,D,15,STORAGE,20060114 0000,20060115 0000,2738549, ,AF
ORO,D,15,STORAGE,20060115 0000,20060116 0000,2749502, ,AF
ORO,D,15,STORAGE,20060116 0000,20060117 0000,2751221, ,AF
ORO,D,15,STORAGE,20060117 0000,20060118 0000,2750560, ,AF
ORO,D,15,STORAGE,20060118 0000,20060119 0000,2755586, ,AF
ORO,D,15,STORAGE,20060119 0000,20060120 0000,2761281, ,AF
ORO,D,15,STORAGE,20060120 0000,20060121 0000,2764596, ,AF
ORO,D,15,STORAGE,20060121 0000,20060122 0000,2767516, ,AF
ORO,D,15,STORAGE,20060122 0000,20060123 0000,2769907, ,AF
ORO,D,15,STORAGE,20060123 0000,20060124 0000,2772963, ,AF
ORO,D,15,STORAGE,20060124 0000,20060125 0000,2775224, ,AF
ORO,D,15,STORAGE,20060125 0000,20060126 0000,2776688, ,AF
ORO,D,15,STORAGE,20060126 0000,20060127 0000,2775224, ,AF
ORO,D,15,STORAGE,20060127 0000,20060128 0000,2772831, ,AF
ORO,D,15,STORAGE,20060128 0000,20060129 0000,2777220, ,AF
ORO,D,15,STORAGE,20060129 0000,20060130 0000,2785347, ,AF
ORO,D,15,STORAGE,20060130 0000,20060131 0000,2789750, ,AF
ORO,D,15,STORAGE,20060131 0000,20060201 0000,2790017, ,AF
ORO,D,15,STORAGE,20060201 0000,20060202 0000,2790684, ,AF
ORO,D,15,STORAGE,20060202 0000,20060203 0000,2801114, ,AF
ORO,D,15,STORAGE,20060203 0000,20060204 0000,2806339, ,AF
ORO,D,15,STORAGE,20060204 0000,20060205 0000,2812108, ,AF
ORO,D,15,STORAGE,20060205 0000,20060206 0000,2815600, ,AF
ORO,D,15,STORAGE,20060206 0000,20060207 0000,2815600, ,AF
ORO,D,15,STORAGE,20060207 0000,20060208 0000,2817886, ,AF
ORO,D,15,STORAGE,20060208 0000,20060209 0000,2818423, ,AF
ORO,D,15,STORAGE,20060209 0000,20060210 0000,2819365, ,AF
ORO,D,15,STORAGE,20060210 0000,20060211 0000,2817886, ,AF
ORO,D,15,STORAGE,20060211 0000,20060212 0000,2817079, ,AF
ORO,D,15,STORAGE,20060212 0000,20060213 0000,2820306, ,AF
ORO,D,15,STORAGE,20060213 0000,20060214 0000,2822459, ,AF
ORO,D,15,STORAGE,20060214 0000,20060215 0000,2830948, ,AF
ORO,D,15,STORAGE,20060215 0000,20060216 0000,2836888, ,AF
ORO,D,15,STORAGE,20060216 0000,20060217 0000,2837834, ,AF
ORO,D,15,STORAGE,20060217 0000,20060218 0000,2846761, ,AF
ORO,D,15,STORAGE,20060218 0000,20060219 0000,2856116, ,AF
ORO,D,15,STORAGE,20060219 0000,20060220 0000,2864132, ,AF
ORO,D,15,STORAGE,20060220 0000,20060221 0000,2869711, ,AF
ORO,D,15,STORAGE,20060221 0000,20060222 0000,2876663, ,AF
ORO,D,15,STORAGE,20060222 0000,20060223 0000,2883626, ,AF
ORO,D,15,STORAGE,20060223 0000,20060224 0000,2892244, ,AF
ORO,D,15,STORAGE,20060224 0000,20060225 0000,2897314, ,AF
ORO,D,15,STORAGE,20060225 0000,20060226 0000,2900194, ,AF
ORO,D,15,STORAGE,20060226 0000,20060227 0000,2907609, ,AF
ORO,D,15,STORAGE,20060227 0000,20060228 0000,2951134, ,AF
ORO,D,15,STORAGE,20060228 0000,20060301 0000,3007906, ,AF
ORO,D,15,STORAGE,20060301 0000,20060302 0000,2991888, ,AF
ORO,D,15,STORAGE,20060302 0000,20060303 0000,2965324, ,AF
ORO,D,15,STORAGE,20060303 0000,20060304 0000,2931180, ,AF
ORO,D,15,STORAGE,20060304 0000,20060305 0000,2901155, ,AF
ORO,D,15,STORAGE,20060305 0000,20060306 0000,2876117, ,AF
ORO,D,15,STORAGE,20060306 0000,20060307 0000,2864404, ,AF
ORO,D,15,STORAGE,20060307 0000,20060308 0000,2846355, ,AF
ORO,D,15,STORAGE,20060308 0000,20060309 0000,2827308, ,AF
ORO,D,15,STORAGE,20060309 0000,20060310 0000,2813316, ,AF
ORO,D,15,STORAGE,20060310 0000,20060311 0000,2805669, ,AF
ORO,D,15,STORAGE,20060311 0000,20060312 0000,2801248, ,AF
ORO,D,15,STORAGE,20060312 0000,20060313 0000,2799374, ,AF
ORO,D,15,STORAGE,20060313 0000,20060314 0000,2797367, ,AF
ORO,D,15,STORAGE,20060314 0000,20060315 0000,2802052, ,AF
ORO,D,15,STORAGE,20060315 0000,20060316 0000,2803391, ,AF
ORO,D,15,STORAGE,20060316 0000,20060317 0000,2803659, ,AF
ORO,D,15,STORAGE,20060317 0000,20060318 0000,2811706, ,AF
ORO,D,15,STORAGE,20060318 0000,20060319 0000,2811706, ,AF
ORO,D,15,STORAGE,20060319 0000,20060320 0000,2819230, ,AF
ORO,D,15,STORAGE,20060320 0000,20060321 0000,2817751, ,AF
ORO,D,15,STORAGE,20060321 0000,20060322 0000,2810900, ,AF
ORO,D,15,STORAGE,20060322 0000,20060323 0000,2807680, ,AF
ORO,D,15,STORAGE,20060323 0000,20060324 0000,2802856, ,AF
ORO,D,15,STORAGE,20060324 0000,20060325 0000,2804999, ,AF
ORO,D,15,STORAGE,20060325 0000,20060326 0000,2845814, ,AF
ORO,D,15,STORAGE,20060326 0000,20060327 0000,2861956, ,AF
ORO,D,15,STORAGE,20060327 0000,20060328 0000,2871618, ,AF
ORO,D,15,STORAGE,20060328 0000,20060329 0000,2886360, ,AF
ORO,D,15,STORAGE,20060329 0000,20060330 0000,2894024, ,AF
ORO,D,15,STORAGE,20060330 0000,20060331 0000,2896080, ,AF
ORO,D,15,STORAGE,20060331 0000,20060401 0000,2898959, ,AF
ORO,D,15,STORAGE,20060401 0000,20060402 0000,2898274, ,AF
ORO,D,15,STORAGE,20060402 0000,20060403 0000,2896354, ,AF
ORO,D,15,STORAGE,20060403 0000,20060404 0000,2940452, ,AF
ORO,D,15,STORAGE,20060404 0000,20060405 0000,2965324, ,AF
ORO,D,15,STORAGE,20060405 0000,20060406 0000,2975091, ,AF
ORO,D,15,STORAGE,20060406 0000,20060407 0000,2970763, ,AF
ORO,D,15,STORAGE,20060407 0000,20060408 0000,2958780, ,AF
ORO,D,15,STORAGE,20060408 0000,20060409 0000,2942808, ,AF
ORO,D,15,STORAGE,20060409 0000,20060410 0000,2930765, ,AF
ORO,D,15,STORAGE,20060410 0000,20060411 0000,2930904, ,AF
ORO,D,15,STORAGE,20060411 0000,20060412 0000,2932148, ,AF
ORO,D,15,STORAGE,20060412 0000,20060413 0000,2952940, ,AF
ORO,D,15,STORAGE,20060413 0000,20060414 0000,2958919, ,AF
ORO,D,15,STORAGE,20060414 0000,20060415 0000,2951689, ,AF
ORO,D,15,STORAGE,20060415 0000,20060416 0000,2953217, ,AF
ORO,D,15,STORAGE,20060416 0000,20060417 0000,2982362, ,AF
ORO,D,15,STORAGE,20060417 0000,20060418 0000,2995395, ,AF
ORO,D,15,STORAGE,20060418 0000,20060419 0000,2998203, ,AF
ORO,D,15,STORAGE,20060419 0000,20060420 0000,3002700, ,AF
ORO,D,15,STORAGE,20060420 0000,20060421 0000,3010300, ,AF
ORO,D,15,STORAGE,20060421 0000,20060422 0000,3017066, ,AF
ORO,D,15,STORAGE,20060422 0000,20060423 0000,3025963, ,AF
ORO,D,15,STORAGE,20060423 0000,20060424 0000,3033887, ,AF
ORO,D,15,STORAGE,20060424 0000,20060425 0000,3041968, ,AF
ORO,D,15,STORAGE,20060425 0000,20060426 0000,3048926, ,AF
ORO,D,15,STORAGE,20060426 0000,20060427 0000,3059742, ,AF
ORO,D,15,STORAGE,20060427 0000,20060428 0000,3072585, ,AF
ORO,D,15,STORAGE,20060428 0000,20060429 0000,3090054, ,AF
ORO,D,15,STORAGE,20060429 0000,20060430 0000,3112208, ,AF
ORO,D,15,STORAGE,20060430 0000,20060501 0000,3136502, ,AF
ORO,D,15,STORAGE,20060501 0000,20060502 0000,3156703, ,AF
ORO,D,15,STORAGE,20060502 0000,20060503 0000,3173049, ,AF
ORO,D,15,STORAGE,20060503 0000,20060504 0000,3189160, ,AF
ORO,D,15,STORAGE,20060504 0000,20060505 0000,3206360, ,AF
ORO,D,15,STORAGE,20060505 0000,20060506 0000,3223626, ,AF
ORO,D,15,STORAGE,20060506 0000,20060507 0000,3238714, ,AF
ORO,D,15,STORAGE,20060507 0000,20060508 0000,3251641, ,AF
ORO,D,15,STORAGE,20060508 0000,20060509 0000,3266694, ,AF
ORO,D,15,STORAGE,20060509 0000,20060510 0000,3276409, ,AF
ORO,D,15,STORAGE,20060510 0000,20060511 0000,3280450, ,AF
ORO,D,15,STORAGE,20060511 0000,20060512 0000,3284195, ,AF
ORO,D,15,STORAGE,20060512 0000,20060513 0000,3290643, ,AF
ORO,D,15,STORAGE,20060513 0000,20060514 0000,3294848, ,AF
ORO,D,15,STORAGE,20060514 0000,20060515 0000,3298004, ,AF
ORO,D,15,STORAGE,20060515 0000,20060516 0000,3300258, ,AF
ORO,D,15,STORAGE,20060516 0000,20060517 0000,3309291, ,AF
ORO,D,15,STORAGE,20060517 0000,20060518 0000,3319549, ,AF
ORO,D,15,STORAGE,20060518 0000,20060519 0000,3330889, ,AF
ORO,D,15,STORAGE,20060519 0000,20060520 0000,3343168, ,AF
ORO,D,15,STORAGE,20060520 0000,20060521 0000,3354718, ,AF
ORO,D,15,STORAGE,20060521 0000,20060522 0000,3362332, ,AF
ORO,D,15,STORAGE,20060522 0000,20060523 0000,3374081, ,AF
ORO,D,15,STORAGE,20060523 0000,20060524 0000,3385249, ,AF
ORO,D,15,STORAGE,20060524 0000,20060525 0000,3398284, ,AF
ORO,D,15,STORAGE,20060525 0000,20060526 0000,3409970, ,AF
ORO,D,15,STORAGE,20060526 0000,20060527 0000,3424463, ,AF
ORO,D,15,STORAGE,20060527 0000,20060528 0000,3437916, ,AF
ORO,D,15,STORAGE,20060528 0000,20060529 0000,3453270, ,AF
ORO,D,15,STORAGE,20060529 0000,20060530 0000,3464157, ,AF
ORO,D,15,STORAGE,20060530 0000,20060531 0000,3472884, ,AF
ORO,D,15,STORAGE,20060531 0000,20060601 0000,3479595, ,AF
ORO,D,15,STORAGE,20060601 0000,20060602 0000,3490384, ,AF
ORO,D,15,STORAGE,20060602 0000,20060603 0000,3502765, ,AF
ORO,D,15,STORAGE,20060603 0000,20060604 0000,3513134, ,AF
ORO,D,15,STORAGE,20060604 0000,20060605 0000,3524627, ,AF
ORO,D,15,STORAGE,20060605 0000,20060606 0000,3532672, ,AF
ORO,D,15,STORAGE,20060606 0000,20060607 0000,3533304, ,AF
ORO,D,15,STORAGE,20060607 0000,20060608 0000,3530620, ,AF
ORO,D,15,STORAGE,20060608 0000,20060609 0000,3526676, ,AF
ORO,D,15,STORAGE,20060609 0000,20060610 0000,3522736, ,AF
ORO,D,15,STORAGE,20060610 0000,20060611 0000,3520688, ,AF
ORO,D,15,STORAGE,20060611 0000,20060612 0000,3519271, ,AF
ORO,D,15,STORAGE,20060612 0000,20060613 0000,3516280, ,AF
ORO,D,15,STORAGE,20060613 0000,20060614 0000,3518483, ,AF
ORO,D,15,STORAGE,20060614 0000,20060615 0000,3518640, ,AF
ORO,D,15,STORAGE,20060615 0000,20060616 0000,3518169, ,AF
ORO,D,15,STORAGE,20060616 0000,20060617 0000,3521318, ,AF
ORO,D,15,STORAGE,20060617 0000,20060618 0000,3521318, ,AF
ORO,D,15,STORAGE,20060618 0000,20060619 0000,3529516, ,AF
ORO,D,15,STORAGE,20060619 0000,20060620 0000,3527465, ,AF
ORO,D,15,STORAGE,20060620 0000,20060621 0000,3526361, ,AF
ORO,D,15,STORAGE,20060621 0000,20060622 0000,3524627, ,AF
ORO,D,15,STORAGE,20060622 0000,20060623 0000,3520216, ,AF
ORO,D,15,STORAGE,20060623 0000,20060624 0000,3514706, ,AF
ORO,D,15,STORAGE,20060624 0000,20060625 0000,3506219, ,AF
ORO,D,15,STORAGE,20060625 0000,20060626 0000,3505590, ,AF
ORO,D,15,STORAGE,20060626 0000,20060627 0000,3500569, ,AF
ORO,D,15,STORAGE,20060627 0000,20060628 0000,3495865, ,AF
ORO,D,15,STORAGE,20060628 0000,20060629 0000,3490854, ,AF
ORO,D,15,STORAGE,20060629 0000,20060630 0000,3486159, ,AF
ORO,D,15,STORAGE,20060630 0000,20060701 0000,3476472, ,AF
ORO,D,15,STORAGE,20060701 0000,20060702 0000,3469298, ,AF
ORO,D,15,STORAGE,20060702 0000,20060703 0000,3470233, ,AF
ORO,D,15,STORAGE,20060703 0000,20060704 0000,3463379, ,AF
ORO,D,15,STORAGE,20060704 0000,20060705 0000,3466492, ,AF
ORO,D,15,STORAGE,20060705 0000,20060706 0000,3463223, ,AF
ORO,D,15,STORAGE,20060706 0000,20060707 0000,3459177, ,AF
ORO,D,15,STORAGE,20060707 0000,20060708 0000,3451096, ,AF
ORO,D,15,STORAGE,20060708 0000,20060709 0000,3445199, ,AF
ORO,D,15,STORAGE,20060709 0000,20060710 0000,3443649, ,AF
ORO,D,15,STORAGE,20060710 0000,20060711 0000,3433428, ,AF
ORO,D,15,STORAGE,20060711 0000,20060712 0000,3424000, ,AF
ORO,D,15,STORAGE,20060712 0000,20060713 0000,3416286, ,AF
ORO,D,15,STORAGE,20060713 0000,20060714 0000,3408277, ,AF
ORO,D,15,STORAGE,20060714 0000,20060715 0000,3399052, ,AF
ORO,D,15,STORAGE,20060715 0000,20060716 0000,3393065, ,AF
ORO,D,15,STORAGE,20060716 0000,20060717 0000,3388619, ,AF
ORO,D,15,STORAGE,20060717 0000,20060718 0000,3378668, ,AF
ORO,D,15,STORAGE,20060718 0000,20060719 0000,3371485, ,AF
ORO,D,15,STORAGE,20060719 0000,20060720 0000,3362941, ,AF
ORO,D,15,STORAGE,20060720 0000,20060721 0000,3353652, ,AF
ORO,D,15,STORAGE,20060721 0000,20060722 0000,3345444, ,AF
ORO,D,15,STORAGE,20060722 0000,20060723 0000,3334068, ,AF
ORO,D,15,STORAGE,20060723 0000,20060724 0000,3329526, ,AF
ORO,D,15,STORAGE,20060724 0000,20060725 0000,3323023, ,AF
ORO,D,15,STORAGE,20060725 0000,20060726 0000,3312004, ,AF
ORO,D,15,STORAGE,20060726 0000,20060727 0000,3302966, ,AF
ORO,D,15,STORAGE,20060727 0000,20060728 0000,3293046, ,AF
ORO,D,15,STORAGE,20060728 0000,20060729 0000,3286144, ,AF
ORO,D,15,STORAGE,20060729 0000,20060730 0000,3276110, ,AF
ORO,D,15,STORAGE,20060730 0000,20060731 0000,3267292, ,AF
ORO,D,15,STORAGE,20060731 0000,20060801 0000,3258938, ,AF
ORO,D,15,STORAGE,20060801 0000,20060802 0000,3250005, ,AF
ORO,D,15,STORAGE,20060802 0000,20060803 0000,3244207, ,AF
ORO,D,15,STORAGE,20060803 0000,20060804 0000,3236934, ,AF
ORO,D,15,STORAGE,20060804 0000,20060805 0000,3226880, ,AF
ORO,D,15,STORAGE,20060805 0000,20060806 0000,3218602, ,AF
ORO,D,15,STORAGE,20060806 0000,20060807 0000,3217568, ,AF
ORO,D,15,STORAGE,20060807 0000,20060808 0000,3208864, ,AF
ORO,D,15,STORAGE,20060808 0000,20060809 0000,3200031, ,AF
ORO,D,15,STORAGE,20060809 0000,20060810 0000,3191215, ,AF
ORO,D,15,STORAGE,20060810 0000,20060811 0000,3178607, ,AF
ORO,D,15,STORAGE,20060811 0000,20060812 0000,3169833, ,AF
ORO,D,15,STORAGE,20060812 0000,20060813 0000,3160492, ,AF
ORO,D,15,STORAGE,20060813 0000,20060814 0000,3155101, ,AF
ORO,D,15,STORAGE,20060814 0000,20060815 0000,3149862, ,AF
ORO,D,15,STORAGE,20060815 0000,20060816 0000,3138097, ,AF
ORO,D,15,STORAGE,20060816 0000,20060817 0000,3127231, ,AF
ORO,D,15,STORAGE,20060817 0000,20060818 0000,3122025, ,AF
ORO,D,15,STORAGE,20060818 0000,20060819 0000,3113794, ,AF
ORO,D,15,STORAGE,20060819 0000,20060820 0000,3107018, ,AF
ORO,D,15,STORAGE,20060820 0000,20060821 0000,3106442, ,AF
ORO,D,15,STORAGE,20060821 0000,20060822 0000,3096660, ,AF
ORO,D,15,STORAGE,20060822 0000,20060823 0000,3085322, ,AF
ORO,D,15,STORAGE,20060823 0000,20060824 0000,3075301, ,AF
ORO,D,15,STORAGE,20060824 0000,20060825 0000,3065588, ,AF
ORO,D,15,STORAGE,20060825 0000,20060826 0000,3058744, ,AF
ORO,D,15,STORAGE,20060826 0000,20060827 0000,3049353, ,AF
ORO,D,15,STORAGE,20060827 0000,20060828 0000,3047648, ,AF
ORO,D,15,STORAGE,20060828 0000,20060829 0000,3041258, ,AF
ORO,D,15,STORAGE,20060829 0000,20060830 0000,3030772, ,AF
ORO,D,15,STORAGE,20060830 0000,20060831 0000,3022148, ,AF
ORO,D,15,STORAGE,20060831 0000,20060901 0000,3014386, ,AF
ORO,D,15,STORAGE,20060901 0000,20060902 0000,3004668, ,AF
ORO,D,15,STORAGE,20060902 0000,20060903 0000,3003262, ,AF
ORO,D,15,STORAGE,20060903 0000,20060904 0000,3000310, ,AF
ORO,D,15,STORAGE,20060904 0000,20060905 0000,2997641, ,AF
ORO,D,15,STORAGE,20060905 0000,20060906 0000,2986702, ,AF
ORO,D,15,STORAGE,20060906 0000,20060907 0000,2974533, ,AF
ORO,D,15,STORAGE,20060907 0000,20060908 0000,2965464, ,AF
ORO,D,15,STORAGE,20060908 0000,20060909 0000,2952661, ,AF
ORO,D,15,STORAGE,20060909 0000,20060910 0000,2950161, ,AF
ORO,D,15,STORAGE,20060910 0000,20060911 0000,2949467, ,AF
ORO,D,15,STORAGE,20060911 0000,20060912 0000,2942531, ,AF
ORO,D,15,STORAGE,20060912 0000,20060913 0000,2933254, ,AF
ORO,D,15,STORAGE,20060913 0000,20060914 0000,2922066, ,AF
ORO,D,15,STORAGE,20060914 0000,20060915 0000,2912698, ,AF
ORO,D,15,STORAGE,20060915 0000,20060916 0000,2904037, ,AF
ORO,D,15,STORAGE,20060916 0000,20060917 0000,2898959, ,AF
ORO,D,15,STORAGE,20060917 0000,20060918 0000,2899234, ,AF
ORO,D,15,STORAGE,20060918 0000,20060919 0000,2891970, ,AF
ORO,D,15,STORAGE,20060919 0000,20060920 0000,2882123, ,AF
ORO,D,15,STORAGE,20060920 0000,20060921 0000,2876663, ,AF
ORO,D,15,STORAGE,20060921 0000,20060922 0000,2870665, ,AF
ORO,D,15,STORAGE,20060922 0000,20060923 0000,2865628, ,AF
ORO,D,15,STORAGE,20060923 0000,20060924 0000,2862772, ,AF
ORO,D,15,STORAGE,20060924 0000,20060925 0000,2863452, ,AF
ORO,D,15,STORAGE,20060925 0000,20060926 0000,2856795, ,AF
ORO,D,15,STORAGE,20060926 0000,20060927 0000,2853267, ,AF
ORO,D,15,STORAGE,20060927 0000,20060928 0000,2850148, ,AF
ORO,D,15,STORAGE,20060928 0000,20060929 0000,2846355, ,AF
ORO,D,15,STORAGE,20060929 0000,20060930 0000,2839185, ,AF
ORO,D,15,STORAGE,20060930 0000,20061001 0000,2832969, ,AF
ORO,D,15,STORAGE,20061001 0000,20061002 0000,2837158, ,AF
ORO,D,15,STORAGE,20061002 0000,20061003 0000,2831758, ,AF
ORO,D,15,STORAGE,20061003 0000,20061004 0000,2826230, ,AF
ORO,D,15,STORAGE,20061004 0000,20061005 0000,2821517, ,AF
ORO,D,15,STORAGE,20061005 0000,20061006 0000,2817616, ,AF
ORO,D,15,STORAGE,20061006 0000,20061007 0000,2812780, ,AF
ORO,D,15,STORAGE,20061007 0000,20061008 0000,2818288, ,AF
ORO,D,15,STORAGE,20061008 0000,20061009 0000,2822459, ,AF
ORO,D,15,STORAGE,20061009 0000,20061010 0000,2817213, ,AF
ORO,D,15,STORAGE,20061010 0000,20061011 0000,2812108, ,AF
ORO,D,15,STORAGE,20061011 0000,20061012 0000,2805267, ,AF
ORO,D,15,STORAGE,20061012 0000,20061013 0000,2799508, ,AF
ORO,D,15,STORAGE,20061013 0000,20061014 0000,2795094, ,AF
ORO,D,15,STORAGE,20061014 0000,20061015 0000,2795896, ,AF
ORO,D,15,STORAGE,20061015 0000,20061016 0000,2801516, ,AF
ORO,D,15,STORAGE,20061016 0000,20061017 0000,2797769, ,AF
ORO,D,15,STORAGE,20061017 0000,20061018 0000,2795896, ,AF
ORO,D,15,STORAGE,20061018 0000,20061019 0000,2790150, ,AF
ORO,D,15,STORAGE,20061019 0000,20061020 0000,2784946, ,AF
ORO,D,15,STORAGE,20061020 0000,20061021 0000,2783614, ,AF
ORO,D,15,STORAGE,20061021 0000,20061022 0000,2786280, ,AF
ORO,D,15,STORAGE,20061022 0000,20061023 0000,2790551, ,AF
ORO,D,15,STORAGE,20061023 0000,20061024 0000,2783080, ,AF
ORO,D,15,STORAGE,20061024 0000,20061025 0000,2774027, ,AF
ORO,D,15,STORAGE,20061025 0000,20061026 0000,2769110, ,AF
ORO,D,15,STORAGE,20061026 0000,20061027 0000,2765791, ,AF
ORO,D,15,STORAGE,20061027 0000,20061028 0000,2762475, ,AF
ORO,D,15,STORAGE,20061028 0000,20061029 0000,2765128, ,AF
ORO,D,15,STORAGE,20061029 0000,20061030 0000,2770306, ,AF
ORO,D,15,STORAGE,20061030 0000,20061031 0000,2762873, ,AF
ORO,D,15,STORAGE,20061031 0000,20061101 0000,2759691, ,AF
ORO,D,15,STORAGE,20061101 0000,20061102 0000,2752014, ,AF
ORO,D,15,STORAGE,20061102 0000,20061103 0000,2748710, ,AF
ORO,D,15,STORAGE,20061103 0000,20061104 0000,2744616, ,AF
ORO,D,15,STORAGE,20061104 0000,20061105 0000,2739867, ,AF
ORO,D,15,STORAGE,20061105 0000,20061106 0000,2741977, ,AF
ORO,D,15,STORAGE,20061106 0000,20061107 0000,2735519, ,AF
ORO,D,15,STORAGE,20061107 0000,20061108 0000,2725130, ,AF
ORO,D,15,STORAGE,20061108 0000,20061109 0000,2719094, ,AF
ORO,D,15,STORAGE,20061109 0000,20061109 0000,2715683, ,AF
ORO,D,15,STORAGE,20061110 0000,20061110 0000,2707699, ,AF
ORO,D,15,STORAGE,20061111 0000,20061111 0000,2704954, ,AF
ORO,D,15,STORAGE,20061112 0000,20061112 0000,2709007, ,AF
ORO,D,15,STORAGE,20061113 0000,20061114 0000,2704565, ,AF
ORO,D,15,STORAGE,20061114 0000,20061115 0000,2702345, ,AF
ORO,D,15,STORAGE,20061115 0000,20061116 0000,2701170, ,AF
ORO,D,15,STORAGE,20061116 0000,20061117 0000,2697386, ,AF
ORO,D,15,STORAGE,20061117 0000,20061118 0000,2697256, ,AF
ORO,D,15,STORAGE,20061118 0000,20061119 0000,2702868, ,AF
ORO,D,15,STORAGE,20061119 0000,20061120 0000,2706394, ,AF
ORO,D,15,STORAGE,20061120 0000,20061121 0000,2701300, ,AF
ORO,D,15,STORAGE,20061121 0000,20061122 0000,2696083, ,AF
ORO,D,15,STORAGE,20061122 0000,20061123 0000,2693998, ,AF
ORO,D,15,STORAGE,20061123 0000,20061124 0000,2699996, ,AF
ORO,D,15,STORAGE,20061124 0000,20061125 0000,2700257, ,AF
ORO,D,15,STORAGE,20061125 0000,20061126 0000,2699996, ,AF
ORO,D,15,STORAGE,20061126 0000,20061127 0000,2703259, ,AF
ORO,D,15,STORAGE,20061127 0000,20061128 0000,2689050, ,AF
ORO,D,15,STORAGE,20061128 0000,20061129 0000,2692695, ,AF
ORO,D,15,STORAGE,20061129 0000,20061130 0000,2688660, ,AF
ORO,D,15,STORAGE,20061130 0000,20061201 0000,2679694, ,AF
ORO,D,15,STORAGE,20061201 0000,20061202 0000,2673973, ,AF
ORO,D,15,STORAGE,20061202 0000,20061203 0000,2678136, ,AF
ORO,D,15,STORAGE,20061203 0000,20061204 0000,2682160, ,AF
ORO,D,15,STORAGE,20061204 0000,20061205 0000,2676178, ,AF
ORO,D,15,STORAGE,20061205 0000,20061206 0000,2670992, ,AF
ORO,D,15,STORAGE,20061206 0000,20061207 0000,2669178, ,AF
ORO,D,15,STORAGE,20061207 0000,20061208 0000,2666329, ,AF
ORO,D,15,STORAGE,20061208 0000,20061209 0000,2664648, ,AF
ORO,D,15,STORAGE,20061209 0000,20061210 0000,2676450, ,AF
ORO,D,15,STORAGE,20061210 0000,20061211 0000,2689310, ,AF
ORO,D,15,STORAGE,20061211 0000,20061212 0000,2688010, ,AF
ORO,D,15,STORAGE,20061212 0000,20061213 0000,2689310, ,AF
ORO,D,15,STORAGE,20061213 0000,20061214 0000,2698430, ,AF
ORO,D,15,STORAGE,20061214 0000,20061215 0000,2708225, ,AF
ORO,D,15,STORAGE,20061215 0000,20061216 0000,2719094, ,AF
ORO,D,15,STORAGE,20061216 0000,20061217 0000,2724605, ,AF
ORO,D,15,STORAGE,20061217 0000,20061218 0000,2727232, ,AF
ORO,D,15,STORAGE,20061218 0000,20061218 0000,2726966, ,AF
ORO,D,15,STORAGE,20061219 0000,20061220 0000,2726444, ,AF
ORO,D,15,STORAGE,20061220 0000,20061221 0000,2726838, ,AF
ORO,D,15,STORAGE,20061221 0000,20061222 0000,2729730, ,AF
ORO,D,15,STORAGE,20061222 0000,20061223 0000,2732754, ,AF
ORO,D,15,STORAGE,20061223 0000,20061224 0000,2742109, ,AF
ORO,D,15,STORAGE,20061224 0000,20061225 0000,2744088, ,AF
ORO,D,15,STORAGE,20061225 0000,20061226 0000,2751352, ,AF
ORO,D,15,STORAGE,20061226 0000,20061227 0000,2752278, ,AF
ORO,D,15,STORAGE,20061227 0000,20061228 0000,2767118, ,AF
ORO,D,15,STORAGE,20061228 0000,20061229 0000,2776954, ,AF
ORO,D,15,STORAGE,20061229 0000,20061230 0000,2780282, ,AF
ORO,D,15,STORAGE,20061230 0000,20061231 0000,2786280, ,AF
ORO,D,15,STORAGE,20061231 0000,20070101 0000,2792688, ,AF
ORO,D,15,STORAGE,20070101 0000,20070102 0000,2800578, ,AF
ORO,D,15,STORAGE,20070102 0000,20070103 0000,2805535, ,AF
ORO,D,15,STORAGE,20070103 0000,20070104 0000,2805267, ,AF
ORO,D,15,STORAGE,20070104 0000,20070105 0000,2812780, ,AF
ORO,D,15,STORAGE,20070105 0000,20070106 0000,2813988, ,AF
ORO,D,15,STORAGE,20070106 0000,20070107 0000,2817886, ,AF
ORO,D,15,STORAGE,20070107 0000,20070108 0000,2819768, ,AF
ORO,D,15,STORAGE,20070108 0000,20070109 0000,2821786, ,AF
ORO,D,15,STORAGE,20070109 0000,20070110 0000,2815869, ,AF
ORO,D,15,STORAGE,20070110 0000,20070111 0000,2811780,e,AF
ORO,D,15,STORAGE,20070111 0000,20070112 0000,2807680, ,AF
ORO,D,15,STORAGE,20070112 0000,20070113 0000,2805669, ,AF
ORO,D,15,STORAGE,20070113 0000,20070114 0000,2801516, ,AF
ORO,D,15,STORAGE,20070114 0000,20070115 0000,2799106, ,AF
ORO,D,15,STORAGE,20070115 0000,20070116 0000,2794692, ,AF
ORO,D,15,STORAGE,20070116 0000,20070117 0000,2794426, ,AF
ORO,D,15,STORAGE,20070117 0000,20070118 0000,2797233, ,AF
ORO,D,15,STORAGE,20070118 0000,20070119 0000,2800444, ,AF
ORO,D,15,STORAGE,20070119 0000,20070120 0000,2794558, ,AF
ORO,D,15,STORAGE,20070120 0000,20070121 0000,2798571, ,AF
ORO,D,15,STORAGE,20070121 0000,20070122 0000,2800043, ,AF
ORO,D,15,STORAGE,20070122 0000,20070123 0000,2799374, ,AF
ORO,D,15,STORAGE,20070123 0000,20070124 0000,2797501, ,AF
ORO,D,15,STORAGE,20070124 0000,20070125 0000,2797099, ,AF
ORO,D,15,STORAGE,20070125 0000,20070126 0000,2794960, ,AF
ORO,D,15,STORAGE,20070126 0000,20070127 0000,2795228, ,AF
ORO,D,15,STORAGE,20070127 0000,20070128 0000,2800177, ,AF
ORO,D,15,STORAGE,20070128 0000,20070129 0000,2803123, ,AF
ORO,D,15,STORAGE,20070129 0000,20070130 0000,2797233, ,AF
ORO,D,15,STORAGE,20070130 0000,20070131 0000,2794826, ,AF
ORO,D,15,STORAGE,20070131 0000,20070201 0000,2794558, ,AF
ORO,D,15,STORAGE,20070201 0000,20070202 0000,2794826, ,AF
ORO,D,15,STORAGE,20070202 0000,20070203 0000,2795896, ,AF
ORO,D,15,STORAGE,20070203 0000,20070204 0000,2797233, ,AF
ORO,D,15,STORAGE,20070204 0000,20070205 0000,2799106, ,AF
ORO,D,15,STORAGE,20070205 0000,20070206 0000,2796832, ,AF
ORO,D,15,STORAGE,20070206 0000,20070207 0000,2794960, ,AF
ORO,D,15,STORAGE,20070207 0000,20070208 0000,2795362, ,AF
ORO,D,15,STORAGE,20070208 0000,20070209 0000,2795362, ,AF
ORO,D,15,STORAGE,20070209 0000,20070210 0000,2821382, ,AF
ORO,D,15,STORAGE,20070210 0000,20070211 0000,2873254, ,AF
ORO,D,15,STORAGE,20070211 0000,20070212 0000,2919722, ,AF
ORO,D,15,STORAGE,20070212 0000,20070213 0000,2940452, ,AF
ORO,D,15,STORAGE,20070213 0000,20070214 0000,2951689, ,AF
ORO,D,15,STORAGE,20070214 0000,20070215 0000,2961006, ,AF
ORO,D,15,STORAGE,20070215 0000,20070216 0000,2968531, ,AF
ORO,D,15,STORAGE,20070216 0000,20070217 0000,2973974, ,AF
ORO,D,15,STORAGE,20070217 0000,20070218 0000,2980962, ,AF
ORO,D,15,STORAGE,20070218 0000,20070219 0000,2988943, ,AF
ORO,D,15,STORAGE,20070219 0000,20070220 0000,2993852, ,AF
ORO,D,15,STORAGE,20070220 0000,20070221 0000,2996939, ,AF
ORO,D,15,STORAGE,20070221 0000,20070222 0000,3001435, ,AF
ORO,D,15,STORAGE,20070222 0000,20070223 0000,3007906, ,AF
ORO,D,15,STORAGE,20070223 0000,20070224 0000,3012272, ,AF
ORO,D,15,STORAGE,20070224 0000,20070225 0000,3019606, ,AF
ORO,D,15,STORAGE,20070225 0000,20070226 0000,3028791, ,AF
ORO,D,15,STORAGE,20070226 0000,20070227 0000,3026670, ,AF
ORO,D,15,STORAGE,20070227 0000,20070228 0000,3021865, ,AF
ORO,D,15,STORAGE,20070228 0000,20070301 0000,3009314, ,AF
ORO,D,15,STORAGE,20070301 0000,20070301 0000,2997496,r,AF
ORO,D,15,STORAGE,20070302 0000,20070303 0000,2984460, ,AF
ORO,D,15,STORAGE,20070303 0000,20070304 0000,2975231, ,AF
ORO,D,15,STORAGE,20070304 0000,20070305 0000,2975091, ,AF
ORO,D,15,STORAGE,20070305 0000,20070306 0000,2968112, ,AF
ORO,D,15,STORAGE,20070306 0000,20070307 0000,2960866, ,AF
ORO,D,15,STORAGE,20070307 0000,20070308 0000,2967136, ,AF
ORO,D,15,STORAGE,20070308 0000,20070309 0000,2972717, ,AF
ORO,D,15,STORAGE,20070309 0000,20070310 0000,2977606, ,AF
ORO,D,15,STORAGE,20070310 0000,20070311 0000,2983061, ,AF
ORO,D,15,STORAGE,20070311 0000,20070312 0000,2988943, ,AF
ORO,D,15,STORAGE,20070312 0000,20070313 0000,2987542, ,AF
ORO,D,15,STORAGE,20070313 0000,20070314 0000,2992729, ,AF
ORO,D,15,STORAGE,20070314 0000,20070315 0000,3000451, ,AF
ORO,D,15,STORAGE,20070315 0000,20070316 0000,3005935, ,AF
ORO,D,15,STORAGE,20070316 0000,20070317 0000,3014809, ,AF
ORO,D,15,STORAGE,20070317 0000,20070317 0000,3024686, ,AF
ORO,D,15,STORAGE,20070318 0000,20070318 0000,3036715, ,AF
ORO,D,15,STORAGE,20070319 0000,20070320 0000,3043955, ,AF
ORO,D,15,STORAGE,20070320 0000,20070321 0000,3052481, ,AF
ORO,D,15,STORAGE,20070321 0000,20070322 0000,3061880, ,AF
ORO,D,15,STORAGE,20070322 0000,20070323 0000,3070728, ,AF
ORO,D,15,STORAGE,20070323 0000,20070324 0000,3077589, ,AF
ORO,D,15,STORAGE,20070324 0000,20070325 0000,3084892, ,AF
ORO,D,15,STORAGE,20070325 0000,20070326 0000,3093787, ,AF
ORO,D,15,STORAGE,20070326 0000,20070327 0000,3103132, ,AF
ORO,D,15,STORAGE,20070327 0000,20070328 0000,3113650, ,AF
ORO,D,15,STORAGE,20070328 0000,20070329 0000,3115526, ,AF
ORO,D,15,STORAGE,20070329 0000,20070330 0000,3111486, ,AF
ORO,D,15,STORAGE,20070330 0000,20070331 0000,3118124, ,AF
ORO,D,15,STORAGE,20070331 0000,20070401 0000,3123325, ,AF
ORO,D,15,STORAGE,20070401 0000,20070402 0000,3126652, ,AF
ORO,D,15,STORAGE,20070402 0000,20070403 0000,3131574, ,AF
ORO,D,15,STORAGE,20070403 0000,20070404 0000,3133023, ,AF
ORO,D,15,STORAGE,20070404 0000,20070405 0000,3135632, ,AF
ORO,D,15,STORAGE,20070405 0000,20070406 0000,3134617, ,AF
ORO,D,15,STORAGE,20070406 0000,20070407 0000,3128099, ,AF
ORO,D,15,STORAGE,20070407 0000,20070408 0000,3120291, ,AF
ORO,D,15,STORAGE,20070408 0000,20070409 0000,3117113, ,AF
ORO,D,15,STORAGE,20070409 0000,20070410 0000,3115670, ,AF
ORO,D,15,STORAGE,20070410 0000,20070411 0000,3111486, ,AF
ORO,D,15,STORAGE,20070411 0000,20070412 0000,3111342, ,AF
ORO,D,15,STORAGE,20070412 0000,20070413 0000,3111486, ,AF
ORO,D,15,STORAGE,20070413 0000,20070414 0000,3109612, ,AF
ORO,D,15,STORAGE,20070414 0000,20070415 0000,3111486, ,AF
ORO,D,15,STORAGE,20070415 0000,20070416 0000,3108891, ,AF
ORO,D,15,STORAGE,20070416 0000,20070417 0000,3102844, ,AF
ORO,D,15,STORAGE,20070417 0000,20070418 0000,3094648, ,AF
ORO,D,15,STORAGE,20070418 0000,20070419 0000,3093069, ,AF
ORO,D,15,STORAGE,20070419 0000,20070420 0000,3088906, ,AF
ORO,D,15,STORAGE,20070420 0000,20070421 0000,3082457, ,AF
ORO,D,15,STORAGE,20070421 0000,20070422 0000,3086612, ,AF
ORO,D,15,STORAGE,20070422 0000,20070423 0000,3092208, ,AF
ORO,D,15,STORAGE,20070423 0000,20070423 0000,3091770, ,AF
ORO,D,15,STORAGE,20070424 0000,20070425 0000,3092494, ,AF
ORO,D,15,STORAGE,20070425 0000,20070426 0000,3091920, ,AF
ORO,D,15,STORAGE,20070426 0000,20070427 0000,3088620, ,AF
ORO,D,15,STORAGE,20070427 0000,20070428 0000,3082457, ,AF
ORO,D,15,STORAGE,20070428 0000,20070429 0000,3079736, ,AF
ORO,D,15,STORAGE,20070429 0000,20070430 0000,3083746, ,AF
ORO,D,15,STORAGE,20070430 0000,20070501 0000,3077732, ,AF
ORO,D,15,STORAGE,20070501 0000,20070502 0000,3081598, ,AF
ORO,D,15,STORAGE,20070502 0000,20070503 0000,3081884, ,AF
ORO,D,15,STORAGE,20070503 0000,20070504 0000,3086900, ,AF
ORO,D,15,STORAGE,20070504 0000,20070505 0000,3085609, ,AF
ORO,D,15,STORAGE,20070505 0000,20070506 0000,3086612, ,AF
ORO,D,15,STORAGE,20070506 0000,20070507 0000,3089194, ,AF
ORO,D,15,STORAGE,20070507 0000,20070508 0000,3077303, ,AF
ORO,D,15,STORAGE,20070508 0000,20070509 0000,3071584, ,AF
ORO,D,15,STORAGE,20070509 0000,20070510 0000,3064018, ,AF
ORO,D,15,STORAGE,20070510 0000,20070511 0000,3060027, ,AF
ORO,D,15,STORAGE,20070511 0000,20070512 0000,3055896, ,AF
ORO,D,15,STORAGE,20070512 0000,20070513 0000,3054900, ,AF
ORO,D,15,STORAGE,20070513 0000,20070514 0000,3054473, ,AF
ORO,D,15,STORAGE,20070514 0000,20070515 0000,3048500, ,AF
ORO,D,15,STORAGE,20070515 0000,20070516 0000,3042677, ,AF
ORO,D,15,STORAGE,20070516 0000,20070517 0000,3035020, ,AF
ORO,D,15,STORAGE,20070517 0000,20070518 0000,3026529, ,AF
ORO,D,15,STORAGE,20070518 0000,20070519 0000,3016502, ,AF
ORO,D,15,STORAGE,20070519 0000,20070520 0000,3008892, ,AF
ORO,D,15,STORAGE,20070520 0000,20070521 0000,3003825, ,AF
ORO,D,15,STORAGE,20070521 0000,20070522 0000,2997782, ,AF
ORO,D,15,STORAGE,20070522 0000,20070523 0000,2994974, ,AF
ORO,D,15,STORAGE,20070523 0000,20070524 0000,2989784, ,AF
ORO,D,15,STORAGE,20070524 0000,20070525 0000,2986561, ,AF
ORO,D,15,STORAGE,20070525 0000,20070526 0000,2981662, ,AF
ORO,D,15,STORAGE,20070526 0000,20070527 0000,2979704, ,AF
ORO,D,15,STORAGE,20070527 0000,20070528 0000,2976209, ,AF
ORO,D,15,STORAGE,20070528 0000,20070529 0000,2972158, ,AF
ORO,D,15,STORAGE,20070529 0000,20070529 0000,2966714, ,AF
ORO,D,15,STORAGE,20070530 0000,20070530 0000,2965041,r,AF
ORO,D,15,STORAGE,20070531 0000,20070601 0000,2965184, ,AF
ORO,D,15,STORAGE,20070601 0000,20070602 0000,2963234, ,AF
ORO,D,15,STORAGE,20070602 0000,20070603 0000,2962956, ,AF
ORO,D,15,STORAGE,20070603 0000,20070604 0000,2959754, ,AF
ORO,D,15,STORAGE,20070604 0000,20070605 0000,2949605, ,AF
ORO,D,15,STORAGE,20070605 0000,20070606 0000,2943500, ,AF
ORO,D,15,STORAGE,20070606 0000,20070607 0000,2938928, ,AF
ORO,D,15,STORAGE,20070607 0000,20070607 0000,2929380, ,AF
ORO,D,15,STORAGE,20070608 0000,20070609 0000,2920964, ,AF
ORO,D,15,STORAGE,20070609 0000,20070610 0000,2910497, ,AF
ORO,D,15,STORAGE,20070610 0000,20070611 0000,2905823, ,AF
ORO,D,15,STORAGE,20070611 0000,20070612 0000,2897999, ,AF
ORO,D,15,STORAGE,20070612 0000,20070613 0000,2888959, ,AF
ORO,D,15,STORAGE,20070613 0000,20070614 0000,2881576, ,AF
ORO,D,15,STORAGE,20070614 0000,20070615 0000,2874208, ,AF
ORO,D,15,STORAGE,20070615 0000,20070616 0000,2869848, ,AF
ORO,D,15,STORAGE,20070616 0000,20070617 0000,2861685, ,AF
ORO,D,15,STORAGE,20070617 0000,20070618 0000,2848657, ,AF
ORO,D,15,STORAGE,20070618 0000,20070619 0000,2835402, ,AF
ORO,D,15,STORAGE,20070619 0000,20070620 0000,2822998, ,AF
ORO,D,15,STORAGE,20070620 0000,20070621 0000,2812511, ,AF
ORO,D,15,STORAGE,20070621 0000,20070622 0000,2800043, ,AF
ORO,D,15,STORAGE,20070622 0000,20070623 0000,2788282, ,AF
ORO,D,15,STORAGE,20070623 0000,20070624 0000,2773628, ,AF
ORO,D,15,STORAGE,20070624 0000,20070625 0000,2757837, ,AF
ORO,D,15,STORAGE,20070625 0000,20070626 0000,2742504, ,AF
ORO,D,15,STORAGE,20070626 0000,20070627 0000,2727232, ,AF
ORO,D,15,STORAGE,20070627 0000,20070628 0000,2706787, ,AF
ORO,D,15,STORAGE,20070628 0000,20070629 0000,2685669, ,AF
ORO,D,15,STORAGE,20070629 0000,20070630 0000,2664518, ,AF
ORO,D,15,STORAGE,20070630 0000,20070701 0000,2643746, ,AF
ORO,D,15,STORAGE,20070701 0000,20070702 0000,2626160, ,AF
ORO,D,15,STORAGE,20070702 0000,20070703 0000,2608146, ,AF
ORO,D,15,STORAGE,20070703 0000,20070704 0000,2590852, ,AF
ORO,D,15,STORAGE,20070704 0000,20070705 0000,2577808, ,AF
ORO,D,15,STORAGE,20070705 0000,20070706 0000,2571366, ,AF
ORO,D,15,STORAGE,20070706 0000,20070707 0000,2558516, ,AF
ORO,D,15,STORAGE,20070707 0000,20070708 0000,2539200, ,AF
ORO,D,15,STORAGE,20070708 0000,20070709 0000,2519988, ,AF
ORO,D,15,STORAGE,20070709 0000,20070710 0000,2498154, ,AF
ORO,D,15,STORAGE,20070710 0000,20070711 0000,2478914, ,AF
ORO,D,15,STORAGE,20070711 0000,20070712 0000,2457332, ,AF
ORO,D,15,STORAGE,20070712 0000,20070713 0000,2443180, ,AF
ORO,D,15,STORAGE,20070713 0000,20070714 0000,2429206, ,AF
ORO,D,15,STORAGE,20070714 0000,20070715 0000,2418836, ,AF
ORO,D,15,STORAGE,20070715 0000,20070716 0000,2408941, ,AF
ORO,D,15,STORAGE,20070716 0000,20070717 0000,2392832, ,AF
ORO,D,15,STORAGE,20070717 0000,20070718 0000,2375960, ,AF
ORO,D,15,STORAGE,20070718 0000,20070719 0000,2361430, ,AF
ORO,D,15,STORAGE,20070719 0000,20070720 0000,2348145, ,AF
ORO,D,15,STORAGE,20070720 0000,20070721 0000,2336917, ,AF
ORO,D,15,STORAGE,20070721 0000,20070722 0000,2329138, ,AF
ORO,D,15,STORAGE,20070722 0000,20070723 0000,2319030, ,AF
ORO,D,15,STORAGE,20070723 0000,20070724 0000,2305210, ,AF
ORO,D,15,STORAGE,20070724 0000,20070725 0000,2290632, ,AF
ORO,D,15,STORAGE,20070725 0000,20070726 0000,2277626, ,AF
ORO,D,15,STORAGE,20070726 0000,20070727 0000,2264325, ,AF
ORO,D,15,STORAGE,20070727 0000,20070728 0000,2249124, ,AF
ORO,D,15,STORAGE,20070728 0000,20070728 0000,2231817, ,AF
ORO,D,15,STORAGE,20070729 0000,20070730 0000,2218029, ,AF
ORO,D,15,STORAGE,20070730 0000,20070731 0000,2204973, ,AF
ORO,D,15,STORAGE,20070731 0000,20070801 0000,2194341, ,AF
ORO,D,15,STORAGE,20070801 0000,20070802 0000,2186786, ,AF
ORO,D,15,STORAGE,20070802 0000,20070803 0000,2175655, ,AF
ORO,D,15,STORAGE,20070803 0000,20070804 0000,2160764, ,AF
ORO,D,15,STORAGE,20070804 0000,20070805 0000,2151062, ,AF
ORO,D,15,STORAGE,20070805 0000,20070806 0000,2142058, ,AF
ORO,D,15,STORAGE,20070806 0000,20070807 0000,2126668, ,AF
ORO,D,15,STORAGE,20070807 0000,20070808 0000,2112345, ,AF
ORO,D,15,STORAGE,20070808 0000,20070809 0000,2100936, ,AF
ORO,D,15,STORAGE,20070809 0000,20070810 0000,2087064, ,AF
ORO,D,15,STORAGE,20070810 0000,20070811 0000,2074342, ,AF
ORO,D,15,STORAGE,20070811 0000,20070812 0000,2060811, ,AF
ORO,D,15,STORAGE,20070812 0000,20070813 0000,2047128, ,AF
ORO,D,15,STORAGE,20070813 0000,20070814 0000,2032761, ,AF
ORO,D,15,STORAGE,20070814 0000,20070815 0000,2018254, ,AF
ORO,D,15,STORAGE,20070815 0000,20070816 0000,2002446, ,AF
ORO,D,15,STORAGE,20070816 0000,20070817 0000,1987358, ,AF
ORO,D,15,STORAGE,20070817 0000,20070818 0000,1974236, ,AF
ORO,D,15,STORAGE,20070818 0000,20070819 0000,1963680, ,AF
ORO,D,15,STORAGE,20070819 0000,20070820 0000,1954308, ,AF
ORO,D,15,STORAGE,20070820 0000,20070821 0000,1938036, ,AF
ORO,D,15,STORAGE,20070821 0000,20070822 0000,1926899, ,AF
ORO,D,15,STORAGE,20070822 0000,20070823 0000,1919295, ,AF
ORO,D,15,STORAGE,20070823 0000,20070824 0000,1906807, ,AF
ORO,D,15,STORAGE,20070824 0000,20070825 0000,1894073, ,AF
ORO,D,15,STORAGE,20070825 0000,20070826 0000,1886462, ,AF
ORO,D,15,STORAGE,20070826 0000,20070827 0000,1882109, ,AF
ORO,D,15,STORAGE,20070827 0000,20070828 0000,1870504, ,AF
ORO,D,15,STORAGE,20070828 0000,20070829 0000,1855740, ,AF
ORO,D,15,STORAGE,20070829 0000,20070830 0000,1845744, ,AF
ORO,D,15,STORAGE,20070830 0000,20070831 0000,1834000, ,AF
ORO,D,15,STORAGE,20070831 0000,20070901 0000,1823397, ,AF
ORO,D,15,STORAGE,20070901 0000,20070902 0000,1812148, ,AF
ORO,D,15,STORAGE,20070902 0000,20070903 0000,1805463, ,AF
ORO,D,15,STORAGE,20070903 0000,20070904 0000,1801539, ,AF
ORO,D,15,STORAGE,20070904 0000,20070905 0000,1786196, ,AF
ORO,D,15,STORAGE,20070905 0000,20070906 0000,1771420, ,AF
ORO,D,15,STORAGE,20070906 0000,20070907 0000,1753837, ,AF
ORO,D,15,STORAGE,20070907 0000,20070908 0000,1735805, ,AF
ORO,D,15,STORAGE,20070908 0000,20070909 0000,1722558, ,AF
ORO,D,15,STORAGE,20070909 0000,20070910 0000,1708721, ,AF
ORO,D,15,STORAGE,20070910 0000,20070911 0000,1692051, ,AF
ORO,D,15,STORAGE,20070911 0000,20070912 0000,1682872, ,AF
ORO,D,15,STORAGE,20070912 0000,20070913 0000,1678575, ,AF
ORO,D,15,STORAGE,20070913 0000,20070914 0000,1679415, ,AF
ORO,D,15,STORAGE,20070914 0000,20070915 0000,1673914, ,AF
ORO,D,15,STORAGE,20070915 0000,20070916 0000,1665268, ,AF
ORO,D,15,STORAGE,20070916 0000,20070917 0000,1657393, ,AF
ORO,D,15,STORAGE,20070917 0000,20070918 0000,1647518, ,AF
ORO,D,15,STORAGE,20070918 0000,20070919 0000,1636492, ,AF
ORO,D,15,STORAGE,20070919 0000,20070920 0000,1625427, ,AF
ORO,D,15,STORAGE,20070920 0000,20070921 0000,1612782, ,AF
ORO,D,15,STORAGE,20070921 0000,20070922 0000,1596420, ,AF
ORO,D,15,STORAGE,20070922 0000,20070923 0000,1586532, ,AF
ORO,D,15,STORAGE,20070923 0000,20070924 0000,1586892, ,AF
ORO,D,15,STORAGE,20070924 0000,20070925 0000,1582053, ,AF
ORO,D,15,STORAGE,20070925 0000,20070926 0000,1577671, ,AF
ORO,D,15,STORAGE,20070926 0000,20070927 0000,1572585, ,AF
ORO,D,15,STORAGE,20070927 0000,20070928 0000,1569468, ,AF
ORO,D,15,STORAGE,20070928 0000,20070929 0000,1566443, ,AF
ORO,D,15,STORAGE,20070929 0000,20070930 0000,1568577, ,AF
ORO,D,15,STORAGE,20070930 0000,20071001 0000,1568222, ,AF
ORO,D,15,STORAGE,20071001 0000,20071002 0000,1564933, ,AF
ORO,D,15,STORAGE,20071002 0000,20071003 0000,1559255, ,AF
ORO,D,15,STORAGE,20071003 0000,20071004 0000,1555714, ,AF
ORO,D,15,STORAGE,20071004 0000,20071005 0000,1552620, ,AF
ORO,D,15,STORAGE,20071005 0000,20071006 0000,1545124, ,AF
ORO,D,15,STORAGE,20071006 0000,20071007 0000,1540551, ,AF
ORO,D,15,STORAGE,20071007 0000,20071008 0000,1536162, ,AF
ORO,D,15,STORAGE,20071008 0000,20071009 0000,1530121, ,AF
ORO,D,15,STORAGE,20071009 0000,20071010 0000,1526189, ,AF
ORO,D,15,STORAGE,20071010 0000,20071011 0000,1521220, ,AF
ORO,D,15,STORAGE,20071011 0000,20071012 0000,1518957, ,AF
ORO,D,15,STORAGE,20071012 0000,20071013 0000,1515914, ,AF
ORO,D,15,STORAGE,20071013 0000,20071014 0000,1512342, ,AF
ORO,D,15,STORAGE,20071014 0000,20071015 0000,1510694, ,AF
ORO,D,15,STORAGE,20071015 0000,20071016 0000,1502992, ,AF
ORO,D,15,STORAGE,20071016 0000,20071017 0000,1497127, ,AF
ORO,D,15,STORAGE,20071017 0000,20071018 0000,1492652, ,AF
ORO,D,15,STORAGE,20071018 0000,20071019 0000,1489302, ,AF
ORO,D,15,STORAGE,20071019 0000,20071020 0000,1485100, ,AF
ORO,D,15,STORAGE,20071020 0000,20071021 0000,1486557, ,AF
ORO,D,15,STORAGE,20071021 0000,20071022 0000,1484758, ,AF
ORO,D,15,STORAGE,20071022 0000,20071023 0000,1479967, ,AF
ORO,D,15,STORAGE,20071023 0000,20071024 0000,1476808, ,AF
ORO,D,15,STORAGE,20071024 0000,20071025 0000,1475954, ,AF
ORO,D,15,STORAGE,20071025 0000,20071026 0000,1470247, ,AF
ORO,D,15,STORAGE,20071026 0000,20071027 0000,1463877, ,AF
ORO,D,15,STORAGE,20071027 0000,20071028 0000,1462775, ,AF
ORO,D,15,STORAGE,20071028 0000,20071029 0000,1464047, ,AF
ORO,D,15,STORAGE,20071029 0000,20071030 0000,1460233, ,AF
ORO,D,15,STORAGE,20071030 0000,20071031 0000,1454737, ,AF
ORO,D,15,STORAGE,20071031 0000,20071101 0000,1446394, ,AF
ORO,D,15,STORAGE,20071101 0000,20071102 0000,1440264, ,AF
ORO,D,15,STORAGE,20071102 0000,20071103 0000,1434987, ,AF
ORO,D,15,STORAGE,20071103 0000,20071104 0000,1433900, ,AF
ORO,D,15,STORAGE,20071104 0000,20071105 0000,1430058, ,AF
ORO,D,15,STORAGE,20071105 0000,20071106 0000,1424142, ,AF
ORO,D,15,STORAGE,20071106 0000,20071107 0000,1411615, ,AF
ORO,D,15,STORAGE,20071107 0000,20071108 0000,1402208, ,AF
ORO,D,15,STORAGE,20071108 0000,20071109 0000,1388669, ,AF
ORO,D,15,STORAGE,20071109 0000,20071110 0000,1382464, ,AF
ORO,D,15,STORAGE,20071110 0000,20071111 0000,1382137, ,AF
ORO,D,15,STORAGE,20071111 0000,20071112 0000,1380263, ,AF
ORO,D,15,STORAGE,20071112 0000,20071113 0000,1377903, ,AF
ORO,D,15,STORAGE,20071113 0000,20071114 0000,1369056, ,AF
ORO,D,15,STORAGE,20071114 0000,20071115 0000,1364849, ,AF
ORO,D,15,STORAGE,20071115 0000,20071116 0000,1360974, ,AF
ORO,D,15,STORAGE,20071116 0000,20071117 0000,1351318, ,AF
ORO,D,15,STORAGE,20071117 0000,20071118 0000,1346428, ,AF
ORO,D,15,STORAGE,20071118 0000,20071119 0000,1341070, ,AF
ORO,D,15,STORAGE,20071119 0000,20071120 0000,1337082, ,AF
ORO,D,15,STORAGE,20071120 0000,20071121 0000,1332544, ,AF
ORO,D,15,STORAGE,20071121 0000,20071122 0000,1328018, ,AF
ORO,D,15,STORAGE,20071122 0000,20071123 0000,1320339, ,AF
ORO,D,15,STORAGE,20071123 0000,20071124 0000,1313949, ,AF
ORO,D,15,STORAGE,20071124 0000,20071125 0000,1304992, ,AF
ORO,D,15,STORAGE,20071125 0000,20071126 0000,1298106, ,AF
ORO,D,15,STORAGE,20071126 0000,20071127 0000,1291322, ,AF
ORO,D,15,STORAGE,20071127 0000,20071128 0000,1288289, ,AF
ORO,D,15,STORAGE,20071128 0000,20071129 0000,1286039, ,AF
ORO,D,15,STORAGE,20071129 0000,20071130 0000,1279066, ,AF
ORO,D,15,STORAGE,20071130 0000,20071201 0000,1275358, ,AF
ORO,D,15,STORAGE,20071201 0000,20071202 0000,1271887, ,AF
ORO,D,15,STORAGE,20071202 0000,20071203 0000,1264966, ,AF
ORO,D,15,STORAGE,20071203 0000,20071204 0000,1263750,e,AF
ORO,D,15,STORAGE,20071204 0000,20071205 0000,1262511, ,AF
ORO,D,15,STORAGE,20071205 0000,20071206 0000,1261132, ,AF
ORO,D,15,STORAGE,20071206 0000,20071207 0000,1261209, ,AF
ORO,D,15,STORAGE,20071207 0000,20071208 0000,1259983, ,AF
ORO,D,15,STORAGE,20071208 0000,20071209 0000,1257917, ,AF
ORO,D,15,STORAGE,20071209 0000,20071210 0000,1257994, ,AF
ORO,D,15,STORAGE,20071210 0000,20071211 0000,1251891, ,AF
ORO,D,15,STORAGE,20071211 0000,20071212 0000,1246029, ,AF
ORO,D,15,STORAGE,20071212 0000,20071213 0000,1244662, ,AF
ORO,D,15,STORAGE,20071213 0000,20071214 0000,1242309, ,AF
ORO,D,15,STORAGE,20071214 0000,20071215 0000,1238597, ,AF
ORO,D,15,STORAGE,20071215 0000,20071216 0000,1235271, ,AF
ORO,D,15,STORAGE,20071216 0000,20071217 0000,1236782, ,AF
ORO,D,15,STORAGE,20071217 0000,20071218 0000,1237841, ,AF
ORO,D,15,STORAGE,20071218 0000,20071218 0000,1236026, ,AF
ORO,D,15,STORAGE,20071219 0000,20071220 0000,1239278, ,AF
ORO,D,15,STORAGE,20071220 0000,20071221 0000,1239430, ,AF
ORO,D,15,STORAGE,20071221 0000,20071222 0000,1239051,r,AF
ORO,D,15,STORAGE,20071222 0000,20071223 0000,1238219,r,AF
ORO,D,15,STORAGE,20071223 0000,20071224 0000,1238824,r,AF
ORO,D,15,STORAGE,20071224 0000,20071225 0000,1236782,r,AF
ORO,D,15,STORAGE,20071225 0000,20071226 0000,1237538,r,AF
ORO,D,15,STORAGE,20071226 0000,20071227 0000,1236404, ,AF
ORO,D,15,STORAGE,20071227 0000,20071228 0000,1235649, ,AF
ORO,D,15,STORAGE,20071228 0000,20071229 0000,1231875,r,AF
ORO,D,15,STORAGE,20071229 0000,20071230 0000,1229616,r,AF
ORO,D,15,STORAGE,20071230 0000,20071231 0000,1229390,r,AF
ORO,D,15,STORAGE,20071231 0000,20080101 0000,1226833,r,AF
ORO,D,15,STORAGE,20080101 0000,20080102 0000,1227133,r,AF
ORO,D,15,STORAGE,20080102 0000,20080103 0000,1227735,r,AF
ORO,D,15,STORAGE,20080103 0000,20080104 0000,1228713,r,AF
ORO,D,15,STORAGE,20080104 0000,20080105 0000,1231122,r,AF
ORO,D,15,STORAGE,20080105 0000,20080106 0000,1248691,r,AF
ORO,D,15,STORAGE,20080106 0000,20080107 0000,1258070,r,AF
ORO,D,15,STORAGE,20080107 0000,20080108 0000,1258453,r,AF
ORO,D,15,STORAGE,20080108 0000,20080109 0000,1259907,r,AF
ORO,D,15,STORAGE,20080109 0000,20080110 0000,1262665,r,AF
ORO,D,15,STORAGE,20080110 0000,20080111 0000,1268270, ,AF
ORO,D,15,STORAGE,20080111 0000,20080112 0000,1267270, ,AF
ORO,D,15,STORAGE,20080112 0000,20080113 0000,1266195, ,AF
ORO,D,15,STORAGE,20080113 0000,20080114 0000,1266118, ,AF
ORO,D,15,STORAGE,20080114 0000,20080115 0000,1268424, ,AF
ORO,D,15,STORAGE,20080115 0000,20080116 0000,1271425, ,AF
ORO,D,15,STORAGE,20080116 0000,20080117 0000,1273429, ,AF
ORO,D,15,STORAGE,20080117 0000,20080118 0000,1276516, ,AF
ORO,D,15,STORAGE,20080118 0000,20080119 0000,1278834, ,AF
ORO,D,15,STORAGE,20080119 0000,20080120 0000,1279607, ,AF
ORO,D,15,STORAGE,20080120 0000,20080121 0000,1282317, ,AF
ORO,D,15,STORAGE,20080121 0000,20080122 0000,1285806, ,AF
ORO,D,15,STORAGE,20080122 0000,20080123 0000,1288680,r,AF
ORO,D,15,STORAGE,20080123 0000,20080124 0000,1290079, ,AF
ORO,D,15,STORAGE,20080124 0000,20080125 0000,1291945, ,AF
ORO,D,15,STORAGE,20080125 0000,20080126 0000,1294672, ,AF
ORO,D,15,STORAGE,20080126 0000,20080127 0000,1300686, ,AF
ORO,D,15,STORAGE,20080127 0000,20080128 0000,1306796, ,AF
ORO,D,15,STORAGE,20080128 0000,20080129 0000,1316944, ,AF
ORO,D,15,STORAGE,20080129 0000,20080130 0000,1325085, ,AF
ORO,D,15,STORAGE,20080130 0000,20080131 0000,1327780, ,AF
ORO,D,15,STORAGE,20080131 0000,20080201 0000,1329605, ,AF
ORO,D,15,STORAGE,20080201 0000,20080202 0000,1331670, ,AF
ORO,D,15,STORAGE,20080202 0000,20080203 0000,1335728, ,AF
ORO,D,15,STORAGE,20080203 0000,20080204 0000,1340112, ,AF
ORO,D,15,STORAGE,20080204 0000,20080205 0000,1339155, ,AF
ORO,D,15,STORAGE,20080205 0000,20080206 0000,1341550, ,AF
ORO,D,15,STORAGE,20080206 0000,20080207 0000,1342348, ,AF
ORO,D,15,STORAGE,20080207 0000,20080208 0000,1347149, ,AF
ORO,D,15,STORAGE,20080208 0000,20080209 0000,1350114, ,AF
ORO,D,15,STORAGE,20080209 0000,20080210 0000,1352764, ,AF
ORO,D,15,STORAGE,20080210 0000,20080211 0000,1355496, ,AF
ORO,D,15,STORAGE,20080211 0000,20080212 0000,1357670, ,AF
ORO,D,15,STORAGE,20080212 0000,20080213 0000,1360087, ,AF
ORO,D,15,STORAGE,20080213 0000,20080214 0000,1363153, ,AF
ORO,D,15,STORAGE,20080214 0000,20080215 0000,1368408, ,AF
ORO,D,15,STORAGE,20080215 0000,20080216 0000,1370109, ,AF
ORO,D,15,STORAGE,20080216 0000,20080217 0000,1373596, ,AF
ORO,D,15,STORAGE,20080217 0000,20080218 0000,1378880, ,AF
ORO,D,15,STORAGE,20080218 0000,20080219 0000,1381078, ,AF
ORO,D,15,STORAGE,20080219 0000,20080220 0000,1383687, ,AF
ORO,D,15,STORAGE,20080220 0000,20080221 0000,1388669, ,AF
ORO,D,15,STORAGE,20080221 0000,20080222 0000,1392516, ,AF
ORO,D,15,STORAGE,20080222 0000,20080223 0000,1396782, ,AF
ORO,D,15,STORAGE,20080223 0000,20080224 0000,1401467, ,AF
ORO,D,15,STORAGE,20080224 0000,20080225 0000,1412524, ,AF
ORO,D,15,STORAGE,20080225 0000,20080226 0000,1423642, ,AF
ORO,D,15,STORAGE,20080226 0000,20080227 0000,1431393, ,AF
ORO,D,15,STORAGE,20080227 0000,20080228 0000,1433900, ,AF
ORO,D,15,STORAGE,20080228 0000,20080229 0000,1441354, ,AF
ORO,D,15,STORAGE,20080229 0000,20080301 0000,1449003, ,AF
ORO,D,15,STORAGE,20080301 0000,20080302 0000,1455835, ,AF
ORO,D,15,STORAGE,20080302 0000,20080303 0000,1463198, ,AF
ORO,D,15,STORAGE,20080303 0000,20080304 0000,1471098, ,AF
ORO,D,15,STORAGE,20080304 0000,20080305 0000,1477746, ,AF
ORO,D,15,STORAGE,20080305 0000,20080306 0000,1484844, ,AF
ORO,D,15,STORAGE,20080306 0000,20080307 0000,1491019, ,AF
ORO,D,15,STORAGE,20080307 0000,20080308 0000,1495146, ,AF
ORO,D,15,STORAGE,20080308 0000,20080309 0000,1500144, ,AF
ORO,D,15,STORAGE,20080309 0000,20080310 0000,1506537, ,AF
ORO,D,15,STORAGE,20080310 0000,20080311 0000,1512342, ,AF
ORO,D,15,STORAGE,20080311 0000,20080312 0000,1517305, ,AF
ORO,D,15,STORAGE,20080312 0000,20080313 0000,1523572, ,AF
ORO,D,15,STORAGE,20080313 0000,20080314 0000,1527936, ,AF
ORO,D,15,STORAGE,20080314 0000,20080315 0000,1539848, ,AF
ORO,D,15,STORAGE,20080315 0000,20080316 0000,1549001, ,AF
ORO,D,15,STORAGE,20080316 0000,20080317 0000,1554210, ,AF
ORO,D,15,STORAGE,20080317 0000,20080318 0000,1560673, ,AF
ORO,D,15,STORAGE,20080318 0000,20080319 0000,1565821, ,AF
ORO,D,15,STORAGE,20080319 0000,20080320 0000,1574368, ,AF
ORO,D,15,STORAGE,20080320 0000,20080321 0000,1583486, ,AF
ORO,D,15,STORAGE,20080321 0000,20080322 0000,1591201, ,AF
ORO,D,15,STORAGE,20080322 0000,20080323 0000,1598673, ,AF
ORO,D,15,STORAGE,20080323 0000,20080324 0000,1605174, ,AF
ORO,D,15,STORAGE,20080324 0000,20080325 0000,1612328, ,AF
ORO,D,15,STORAGE,20080325 0000,20080326 0000,1622601, ,AF
ORO,D,15,STORAGE,20080326 0000,20080327 0000,1634018, ,AF
ORO,D,15,STORAGE,20080327 0000,20080328 0000,1643837, ,AF
ORO,D,15,STORAGE,20080328 0000,20080329 0000,1652128, ,AF
ORO,D,15,STORAGE,20080329 0000,20080330 0000,1661374, ,AF
ORO,D,15,STORAGE,20080330 0000,20080331 0000,1669168, ,AF
ORO,D,15,STORAGE,20080331 0000,20080401 0000,1676803, ,AF
ORO,D,15,STORAGE,20080401 0000,20080402 0000,1683059, ,AF
ORO,D,15,STORAGE,20080402 0000,20080403 0000,1684368, ,AF
ORO,D,15,STORAGE,20080403 0000,20080404 0000,1686989, ,AF
ORO,D,15,STORAGE,20080404 0000,20080405 0000,1691582, ,AF
ORO,D,15,STORAGE,20080405 0000,20080406 0000,1697595, ,AF
ORO,D,15,STORAGE,20080406 0000,20080407 0000,1703717, ,AF
ORO,D,15,STORAGE,20080407 0000,20080408 0000,1710422, ,AF
ORO,D,15,STORAGE,20080408 0000,20080409 0000,1712504, ,AF
ORO,D,15,STORAGE,20080409 0000,20080410 0000,1712788, ,AF
ORO,D,15,STORAGE,20080410 0000,20080411 0000,1707682, ,AF
ORO,D,15,STORAGE,20080411 0000,20080412 0000,1706076, ,AF
ORO,D,15,STORAGE,20080412 0000,20080413 0000,1708154, ,AF
ORO,D,15,STORAGE,20080413 0000,20080414 0000,1712220, ,AF
ORO,D,15,STORAGE,20080414 0000,20080415 0000,1716767, ,AF
ORO,D,15,STORAGE,20080415 0000,20080416 0000,1720847, ,AF
ORO,D,15,STORAGE,20080416 0000,20080417 0000,1720942, ,AF
ORO,D,15,STORAGE,20080417 0000,20080418 0000,1718190, ,AF
ORO,D,15,STORAGE,20080418 0000,20080419 0000,1717905, ,AF
ORO,D,15,STORAGE,20080419 0000,20080420 0000,1718095, ,AF
ORO,D,15,STORAGE,20080420 0000,20080421 0000,1716956, ,AF
ORO,D,15,STORAGE,20080421 0000,20080422 0000,1710422, ,AF
ORO,D,15,STORAGE,20080422 0000,20080423 0000,1703151, ,AF
ORO,D,15,STORAGE,20080423 0000,20080424 0000,1705321, ,AF
ORO,D,15,STORAGE,20080424 0000,20080425 0000,1705793, ,AF
ORO,D,15,STORAGE,20080425 0000,20080426 0000,1706737, ,AF
ORO,D,15,STORAGE,20080426 0000,20080427 0000,1706737, ,AF
ORO,D,15,STORAGE,20080427 0000,20080428 0000,1714303, ,AF
ORO,D,15,STORAGE,20080428 0000,20080429 0000,1712788, ,AF
ORO,D,15,STORAGE,20080429 0000,20080430 0000,1713734, ,AF
ORO,D,15,STORAGE,20080430 0000,20080501 0000,1707115, ,AF
ORO,D,15,STORAGE,20080501 0000,20080502 0000,1705698, ,AF
ORO,D,15,STORAGE,20080502 0000,20080503 0000,1706170, ,AF
ORO,D,15,STORAGE,20080503 0000,20080504 0000,1710990, ,AF
ORO,D,15,STORAGE,20080504 0000,20080505 0000,1713924, ,AF
ORO,D,15,STORAGE,20080505 0000,20080506 0000,1713734, ,AF
ORO,D,15,STORAGE,20080506 0000,20080507 0000,1716578, ,AF
ORO,D,15,STORAGE,20080507 0000,20080508 0000,1717620, ,AF
ORO,D,15,STORAGE,20080508 0000,20080509 0000,1716672, ,AF
ORO,D,15,STORAGE,20080509 0000,20080510 0000,1721037, ,AF
ORO,D,15,STORAGE,20080510 0000,20080510 0000,1724000,e,AF
ORO,D,15,STORAGE,20080511 0000,20080511 0000,1727000,e,AF
ORO,D,15,STORAGE,20080512 0000,20080513 0000,1729411, ,AF
ORO,D,15,STORAGE,20080513 0000,20080514 0000,1732272, ,AF
ORO,D,15,STORAGE,20080514 0000,20080515 0000,1736092, ,AF
ORO,D,15,STORAGE,20080515 0000,20080516 0000,1742312, ,AF
ORO,D,15,STORAGE,20080516 0000,20080517 0000,1749893, ,AF
ORO,D,15,STORAGE,20080517 0000,20080518 0000,1756438, ,AF
ORO,D,15,STORAGE,20080518 0000,20080519 0000,1762516, ,AF
ORO,D,15,STORAGE,20080519 0000,20080520 0000,1764836, ,AF
ORO,D,15,STORAGE,20080520 0000,20080521 0000,1767835, ,AF
ORO,D,15,STORAGE,20080521 0000,20080522 0000,1770451, ,AF
ORO,D,15,STORAGE,20080522 0000,20080523 0000,1774822, ,AF
ORO,D,15,STORAGE,20080523 0000,20080524 0000,1777345, ,AF
ORO,D,15,STORAGE,20080524 0000,20080525 0000,1780162, ,AF
ORO,D,15,STORAGE,20080525 0000,20080526 0000,1781134, ,AF
ORO,D,15,STORAGE,20080526 0000,20080527 0000,1781620, ,AF
ORO,D,15,STORAGE,20080527 0000,20080528 0000,1777248, ,AF
ORO,D,15,STORAGE,20080528 0000,20080529 0000,1776278, ,AF
ORO,D,15,STORAGE,20080529 0000,20080530 0000,1769772, ,AF
ORO,D,15,STORAGE,20080530 0000,20080531 0000,1766287, ,AF
ORO,D,15,STORAGE,20080531 0000,20080601 0000,1765513, ,AF
ORO,D,15,STORAGE,20080601 0000,20080602 0000,1762034, ,AF
ORO,D,15,STORAGE,20080602 0000,20080603 0000,1760682, ,AF
ORO,D,15,STORAGE,20080603 0000,20080604 0000,1757112, ,AF
ORO,D,15,STORAGE,20080604 0000,20080605 0000,1750758, ,AF
ORO,D,15,STORAGE,20080605 0000,20080606 0000,1747588, ,AF
ORO,D,15,STORAGE,20080606 0000,20080607 0000,1743942, ,AF
ORO,D,15,STORAGE,20080607 0000,20080608 0000,1738004, ,AF
ORO,D,15,STORAGE,20080608 0000,20080609 0000,1733512, ,AF
ORO,D,15,STORAGE,20080609 0000,20080610 0000,1727505, ,AF
ORO,D,15,STORAGE,20080610 0000,20080611 0000,1719518, ,AF
ORO,D,15,STORAGE,20080611 0000,20080612 0000,1717052, ,AF
ORO,D,15,STORAGE,20080612 0000,20080613 0000,1712788, ,AF
ORO,D,15,STORAGE,20080613 0000,20080614 0000,1703057, ,AF
ORO,D,15,STORAGE,20080614 0000,20080615 0000,1693929, ,AF
ORO,D,15,STORAGE,20080615 0000,20080616 0000,1688019, ,AF
ORO,D,15,STORAGE,20080616 0000,20080617 0000,1676057, ,AF
ORO,D,15,STORAGE,20080617 0000,20080618 0000,1657948, ,AF
ORO,D,15,STORAGE,20080618 0000,20080619 0000,1648531, ,AF
ORO,D,15,STORAGE,20080619 0000,20080620 0000,1636400, ,AF
ORO,D,15,STORAGE,20080620 0000,20080621 0000,1619324, ,AF
ORO,D,15,STORAGE,20080621 0000,20080622 0000,1601198, ,AF
ORO,D,15,STORAGE,20080622 0000,20080623 0000,1588147, ,AF
ORO,D,15,STORAGE,20080623 0000,20080624 0000,1580711, ,AF
ORO,D,15,STORAGE,20080624 0000,20080625 0000,1567777, ,AF
ORO,D,15,STORAGE,20080625 0000,20080626 0000,1564045, ,AF
ORO,D,15,STORAGE,20080626 0000,20080627 0000,1556156, ,AF
ORO,D,15,STORAGE,20080627 0000,20080628 0000,1547590, ,AF
ORO,D,15,STORAGE,20080628 0000,20080629 0000,1536338, ,AF
ORO,D,15,STORAGE,20080629 0000,20080630 0000,1529946, ,AF
ORO,D,15,STORAGE,20080630 0000,20080701 0000,1521481, ,AF
ORO,D,15,STORAGE,20080701 0000,20080702 0000,1511301, ,AF
ORO,D,15,STORAGE,20080702 0000,20080703 0000,1507056, ,AF
ORO,D,15,STORAGE,20080703 0000,20080704 0000,1498161, ,AF
ORO,D,15,STORAGE,20080704 0000,20080705 0000,1491448, ,AF
ORO,D,15,STORAGE,20080705 0000,20080706 0000,1484073, ,AF
ORO,D,15,STORAGE,20080706 0000,20080707 0000,1480480, ,AF
ORO,D,15,STORAGE,20080707 0000,20080708 0000,1470332, ,AF
ORO,D,15,STORAGE,20080708 0000,20080709 0000,1461165, ,AF
ORO,D,15,STORAGE,20080709 0000,20080710 0000,1456342, ,AF
ORO,D,15,STORAGE,20080710 0000,20080711 0000,1446142, ,AF
ORO,D,15,STORAGE,20080711 0000,20080712 0000,1431393, ,AF
ORO,D,15,STORAGE,20080712 0000,20080713 0000,1428640, ,AF
ORO,D,15,STORAGE,20080713 0000,20080714 0000,1420234, ,AF
ORO,D,15,STORAGE,20080714 0000,20080715 0000,1410788, ,AF
ORO,D,15,STORAGE,20080715 0000,20080716 0000,1406823, ,AF
ORO,D,15,STORAGE,20080716 0000,20080717 0000,1399000, ,AF
ORO,D,15,STORAGE,20080717 0000,20080718 0000,1389078, ,AF
ORO,D,15,STORAGE,20080718 0000,20080719 0000,1376927, ,AF
ORO,D,15,STORAGE,20080719 0000,20080720 0000,1368651, ,AF
ORO,D,15,STORAGE,20080720 0000,20080721 0000,1360974, ,AF
ORO,D,15,STORAGE,20080721 0000,20080722 0000,1355738, ,AF
ORO,D,15,STORAGE,20080722 0000,20080723 0000,1349793, ,AF
ORO,D,15,STORAGE,20080723 0000,20080724 0000,1344987, ,AF
ORO,D,15,STORAGE,20080724 0000,20080725 0000,1339793, ,AF
ORO,D,15,STORAGE,20080725 0000,20080726 0000,1331034, ,AF
ORO,D,15,STORAGE,20080726 0000,20080727 0000,1326828, ,AF
ORO,D,15,STORAGE,20080727 0000,20080728 0000,1324451, ,AF
ORO,D,15,STORAGE,20080728 0000,20080729 0000,1323501, ,AF
ORO,D,15,STORAGE,20080729 0000,20080730 0000,1315524, ,AF
ORO,D,15,STORAGE,20080730 0000,20080731 0000,1306796, ,AF
ORO,D,15,STORAGE,20080731 0000,20080801 0000,1296076, ,AF
ORO,D,15,STORAGE,20080801 0000,20080802 0000,1288523, ,AF
ORO,D,15,STORAGE,20080802 0000,20080803 0000,1284410,r,AF
ORO,D,15,STORAGE,20080803 0000,20080804 0000,1280613,r,AF
ORO,D,15,STORAGE,20080804 0000,20080805 0000,1272889,r,AF
ORO,D,15,STORAGE,20080805 0000,20080806 0000,1266041,r,AF
ORO,D,15,STORAGE,20080806 0000,20080807 0000,1260366,r,AF
ORO,D,15,STORAGE,20080807 0000,20080808 0000,1252196,r,AF
ORO,D,15,STORAGE,20080808 0000,20080809 0000,1245117,r,AF
ORO,D,15,STORAGE,20080809 0000,20080810 0000,1240035,r,AF
ORO,D,15,STORAGE,20080810 0000,20080811 0000,1235271,r,AF
ORO,D,15,STORAGE,20080811 0000,20080812 0000,1231499,r,AF
ORO,D,15,STORAGE,20080812 0000,20080813 0000,1224354,r,AF
ORO,D,15,STORAGE,20080813 0000,20080814 0000,1217016,r,AF
ORO,D,15,STORAGE,20080814 0000,20080815 0000,1209411,r,AF
ORO,D,15,STORAGE,20080815 0000,20080816 0000,1200359,r,AF
ORO,D,15,STORAGE,20080816 0000,20080816 0000,1192313,r,AF
ORO,D,15,STORAGE,20080817 0000,20080818 0000,1185405,r,AF
ORO,D,15,STORAGE,20080818 0000,20080819 0000,1180060,r,AF
ORO,D,15,STORAGE,20080819 0000,20080819 0000,1173203,r,AF
ORO,D,15,STORAGE,20080820 0000,20080820 0000,1169131,r,AF
ORO,D,15,STORAGE,20080821 0000,20080821 0000,1166446,r,AF
ORO,D,15,STORAGE,20080822 0000,20080822 0000,1163404,r,AF
ORO,D,15,STORAGE,20080823 0000,20080823 0000,1158491,r,AF
ORO,D,15,STORAGE,20080824 0000,20080824 0000,1156940,r,AF
ORO,D,15,STORAGE,20080825 0000,20080825 0000,1153040,r,AF
ORO,D,15,STORAGE,20080826 0000,20080826 0000,1149138,r,AF
ORO,D,15,STORAGE,20080827 0000,20080827 0000,1145555,r,AF
ORO,D,15,STORAGE,20080828 0000,20080828 0000,1140909,r,AF
ORO,D,15,STORAGE,20080829 0000,20080829 0000,1135565,r,AF
ORO,D,15,STORAGE,20080830 0000,20080830 0000,1131089,r,AF
ORO,D,15,STORAGE,20080831 0000,20080831 0000,1127759,r,AF
ORO,D,15,STORAGE,20080901 0000,20080901 0000,1126131,r,AF
ORO,D,15,STORAGE,20080902 0000,20080902 0000,1125424,r,AF
ORO,D,15,STORAGE,20080903 0000,20080903 0000,1123164,r,AF
ORO,D,15,STORAGE,20080904 0000,20080904 0000,1122458,r,AF
ORO,D,15,STORAGE,20080905 0000,20080905 0000,1120484,r,AF
ORO,D,15,STORAGE,20080906 0000,20080906 0000,1120695,r,AF
ORO,D,15,STORAGE,20080907 0000,20080907 0000,1120484,r,AF
ORO,D,15,STORAGE,20080908 0000,20080908 0000,1118934,r,AF
ORO,D,15,STORAGE,20080909 0000,20080909 0000,1121048,r,AF
ORO,D,15,STORAGE,20080910 0000,20080910 0000,1121964,r,AF
ORO,D,15,STORAGE,20080911 0000,20080911 0000,1121259,r,AF
ORO,D,15,STORAGE,20080912 0000,20080912 0000,1118230,r,AF
ORO,D,15,STORAGE,20080913 0000,20080913 0000,1114575,r,AF
ORO,D,15,STORAGE,20080914 0000,20080914 0000,1111629,r,AF
ORO,D,15,STORAGE,20080915 0000,20080915 0000,1113663,r,AF
ORO,D,15,STORAGE,20080916 0000,20080916 0000,1112611,r,AF
ORO,D,15,STORAGE,20080917 0000,20080917 0000,1108759,r,AF
ORO,D,15,STORAGE,20080918 0000,20080918 0000,1103173,r,AF
ORO,D,15,STORAGE,20080919 0000,20080919 0000,1100387,r,AF
ORO,D,15,STORAGE,20080920 0000,20080920 0000,1101083,r,AF
ORO,D,15,STORAGE,20080921 0000,20080921 0000,1101988,r,AF
ORO,D,15,STORAGE,20080922 0000,20080922 0000,1102685,r,AF
ORO,D,15,STORAGE,20080923 0000,20080923 0000,1103451,r,AF
ORO,D,15,STORAGE,20080924 0000,20080924 0000,1104777,r,AF
ORO,D,15,STORAGE,20080925 0000,20080925 0000,1105126,r,AF
ORO,D,15,STORAGE,20080926 0000,20080926 0000,1101779,r,AF
ORO,D,15,STORAGE,20080927 0000,20080927 0000,1100596,r,AF
ORO,D,15,STORAGE,20080928 0000,20080928 0000,1099691,r,AF
ORO,D,15,STORAGE,20080929 0000,20080929 0000,1100039,r,AF
ORO,D,15,STORAGE,20080930 0000,20080930 0000,1097190,r,AF
ORO,D,15,STORAGE,20081001 0000,20081001 0000,1097259,r,AF
ORO,D,15,STORAGE,20081002 0000,20081002 0000,1096912,r,AF
ORO,D,15,STORAGE,20081003 0000,20081003 0000,1096565,r,AF
ORO,D,15,STORAGE,20081004 0000,20081004 0000,1095871,r,AF
ORO,D,15,STORAGE,20081005 0000,20081005 0000,1093791,r,AF
ORO,D,15,STORAGE,20081006 0000,20081006 0000,1091022,r,AF
ORO,D,15,STORAGE,20081007 0000,20081007 0000,1087568,r,AF
ORO,D,15,STORAGE,20081008 0000,20081008 0000,1087361,r,AF
ORO,D,15,STORAGE,20081009 0000,20081009 0000,1088258,r,AF
ORO,D,15,STORAGE,20081010 0000,20081010 0000,1086878,r,AF
ORO,D,15,STORAGE,20081011 0000,20081011 0000,1083433,r,AF
ORO,D,15,STORAGE,20081012 0000,20081012 0000,1085154,r,AF
ORO,D,15,STORAGE,20081013 0000,20081013 0000,1085843,r,AF
ORO,D,15,STORAGE,20081014 0000,20081014 0000,1085154,r,AF
ORO,D,15,STORAGE,20081015 0000,20081015 0000,1084259,r,AF
ORO,D,15,STORAGE,20081016 0000,20081016 0000,1082951,r,AF
ORO,D,15,STORAGE,20081017 0000,20081017 0000,1085843,r,AF
ORO,D,15,STORAGE,20081018 0000,20081018 0000,1087223,r,AF
ORO,D,15,STORAGE,20081019 0000,20081019 0000,1087016,r,AF
ORO,D,15,STORAGE,20081020 0000,20081020 0000,1088120,r,AF
ORO,D,15,STORAGE,20081021 0000,20081021 0000,1081026,r,AF
ORO,D,15,STORAGE,20081022 0000,20081022 0000,1076223,r,AF
ORO,D,15,STORAGE,20081023 0000,20081023 0000,1070411,r,AF
ORO,D,15,STORAGE,20081024 0000,20081024 0000,1064621,r,AF
ORO,D,15,STORAGE,20081025 0000,20081025 0000,1058853,r,AF
ORO,D,15,STORAGE,20081026 0000,20081026 0000,1058175,r,AF
ORO,D,15,STORAGE,20081027 0000,20081027 0000,1055335,r,AF
ORO,D,15,STORAGE,20081028 0000,20081028 0000,1050073,r,AF
ORO,D,15,STORAGE,20081029 0000,20081029 0000,1042014,r,AF
ORO,D,15,STORAGE,20081030 0000,20081030 0000,1032326,r,AF
ORO,D,15,STORAGE,20081031 0000,20081031 0000,1029201,r,AF
ORO,D,15,STORAGE,20081101 0000,20081101 0000,1025686,r,AF
ORO,D,15,STORAGE,20081102 0000,20081102 0000,1031993,r,AF
ORO,D,15,STORAGE,20081103 0000,20081103 0000,1032659,r,AF
ORO,D,15,STORAGE,20081104 0000,20081104 0000,1032992,r,AF
ORO,D,15,STORAGE,20081105 0000,20081105 0000,1032659,r,AF
ORO,D,15,STORAGE,20081106 0000,20081106 0000,1032326,r,AF
ORO,D,15,STORAGE,20081107 0000,20081107 0000,1029999,r,AF
ORO,D,15,STORAGE,20081108 0000,20081108 0000,1030796,r,AF
ORO,D,15,STORAGE,20081109 0000,20081109 0000,1031860,r,AF
ORO,D,15,STORAGE,20081110 0000,20081110 0000,1032260,r,AF
ORO,D,15,STORAGE,20081111 0000,20081111 0000,1033997,r,AF
ORO,D,15,STORAGE,20081112 0000,20081112 0000,1036998,r,AF
ORO,D,15,STORAGE,20081113 0000,20081113 0000,1035130,r,AF
ORO,D,15,STORAGE,20081114 0000,20081114 0000,1029666,r,AF
ORO,D,15,STORAGE,20081115 0000,20081115 0000,1025222,r,AF
ORO,D,15,STORAGE,20081116 0000,20081116 0000,1020724,r,AF
ORO,D,15,STORAGE,20081117 0000,20081117 0000,1016108,r,AF
ORO,D,15,STORAGE,20081118 0000,20081118 0000,1010194,r,AF
ORO,D,15,STORAGE,20081119 0000,20081119 0000,1009211,r,AF
ORO,D,15,STORAGE,20081120 0000,20081120 0000,1006788,r,AF
ORO,D,15,STORAGE,20081121 0000,20081121 0000,1004630,r,AF
ORO,D,15,STORAGE,20081122 0000,20081122 0000,1004304,r,AF
ORO,D,15,STORAGE,20081123 0000,20081123 0000,1003324,r,AF
ORO,D,15,STORAGE,20081124 0000,20081124 0000,1001693,r,AF
ORO,D,15,STORAGE,20081125 0000,20081125 0000,1000520,r,AF
ORO,D,15,STORAGE,20081126 0000,20081126 0000,999738,r,AF
ORO,D,15,STORAGE,20081127 0000,20081127 0000,999087,r,AF
ORO,D,15,STORAGE,20081128 0000,20081128 0000,999282,r,AF
ORO,D,15,STORAGE,20081129 0000,20081129 0000,999412,r,AF
ORO,D,15,STORAGE,20081130 0000,20081130 0000,999087,r,AF
ORO,D,15,STORAGE,20081201 0000,20081201 0000,1001693,r,AF
ORO,D,15,STORAGE,20081202 0000,20081202 0000,1002345,r,AF
ORO,D,15,STORAGE,20081203 0000,20081203 0000,1001171,r,AF
ORO,D,15,STORAGE,20081204 0000,20081204 0000,1002867,r,AF
ORO,D,15,STORAGE,20081205 0000,20081205 0000,1001367,r,AF
ORO,D,15,STORAGE,20081206 0000,20081206 0000,1000455,r,AF
ORO,D,15,STORAGE,20081207 0000,20081207 0000,994537,r,AF
ORO,D,15,STORAGE,20081208 0000,20081208 0000,993889,r,AF
ORO,D,15,STORAGE,20081209 0000,20081209 0000,992592,r,AF
ORO,D,15,STORAGE,20081210 0000,20081210 0000,988709,r,AF
ORO,D,15,STORAGE,20081211 0000,20081211 0000,986061,r,AF
ORO,D,15,STORAGE,20081212 0000,20081212 0000,983290,r,AF
ORO,D,15,STORAGE,20081213 0000,20081213 0000,979496,r,AF
ORO,D,15,STORAGE,20081214 0000,20081214 0000,978725,r,AF
ORO,D,15,STORAGE,20081215 0000,20081215 0000,976993,r,AF
ORO,D,15,STORAGE,20081216 0000,20081216 0000,973599,r,AF
ORO,D,15,STORAGE,20081217 0000,20081217 0000,971234,r,AF
ORO,D,15,STORAGE,20081218 0000,20081218 0000,968810,r,AF
ORO,D,15,STORAGE,20081219 0000,20081219 0000,966389,r,AF
ORO,D,15,STORAGE,20081220 0000,20081220 0000,964990,r,AF
ORO,D,15,STORAGE,20081221 0000,20081221 0000,965244,r,AF
ORO,D,15,STORAGE,20081222 0000,20081222 0000,966262,r,AF
ORO,D,15,STORAGE,20081223 0000,20081223 0000,968300,r,AF
ORO,D,15,STORAGE,20081224 0000,20081224 0000,969575,r,AF
ORO,D,15,STORAGE,20081225 0000,20081225 0000,976480,r,AF
ORO,D,15,STORAGE,20081226 0000,20081226 0000,981745,r,AF
ORO,D,15,STORAGE,20081227 0000,20081227 0000,982903,r,AF
ORO,D,15,STORAGE,20081228 0000,20081228 0000,983225,r,AF
ORO,D,15,STORAGE,20081229 0000,20081229 0000,982260,r,AF
ORO,D,15,STORAGE,20081230 0000,20081230 0000,982131,r,AF
ORO,D,15,STORAGE,20081231 0000,20081231 0000,981102, ,AF
ORO,D,15,STORAGE,20090101 0000,20090101 0000,979688, ,AF
ORO,D,15,STORAGE,20090102 0000,20090102 0000,978532, ,AF
ORO,D,15,STORAGE,20090103 0000,20090103 0000,975839, ,AF
ORO,D,15,STORAGE,20090104 0000,20090104 0000,975199, ,AF
ORO,D,15,STORAGE,20090105 0000,20090105 0000,974879, ,AF
ORO,D,15,STORAGE,20090106 0000,20090106 0000,972678, ,AF
ORO,D,15,STORAGE,20090107 0000,20090107 0000,972768, ,AF
ORO,D,15,STORAGE,20090108 0000,20090108 0000,971362, ,AF
ORO,D,15,STORAGE,20090109 0000,20090109 0000,969447, ,AF
ORO,D,15,STORAGE,20090110 0000,20090110 0000,971043, ,AF
ORO,D,15,STORAGE,20090111 0000,20090111 0000,973151, ,AF
ORO,D,15,STORAGE,20090112 0000,20090112 0000,974623, ,AF
ORO,D,15,STORAGE,20090113 0000,20090113 0000,976416, ,AF
ORO,D,15,STORAGE,20090114 0000,20090114 0000,976993, ,AF
ORO,D,15,STORAGE,20090115 0000,20090115 0000,976480, ,AF
ORO,D,15,STORAGE,20090116 0000,20090116 0000,974559, ,AF
ORO,D,15,STORAGE,20090117 0000,20090117 0000,973279, ,AF
ORO,D,15,STORAGE,20090118 0000,20090118 0000,972959, ,AF
ORO,D,15,STORAGE,20090119 0000,20090119 0000,974559, ,AF
ORO,D,15,STORAGE,20090120 0000,20090120 0000,969766, ,AF
ORO,D,15,STORAGE,20090121 0000,20090122 0000,970404, ,AF
ORO,D,15,STORAGE,20090122 0000,20090122 0000,969766, ,AF
ORO,D,15,STORAGE,20090123 0000,20090123 0000,973791, ,AF
ORO,D,15,STORAGE,20090124 0000,20090124 0000,978532, ,AF
ORO,D,15,STORAGE,20090125 0000,20090125 0000,991296, ,AF
ORO,D,15,STORAGE,20090126 0000,20090126 0000,998762, ,AF
ORO,D,15,STORAGE,20090127 0000,20090127 0000,1004369, ,AF
ORO,D,15,STORAGE,20090128 0000,20090128 0000,1011244, ,AF
ORO,D,15,STORAGE,20090129 0000,20090129 0000,1014595, ,AF
ORO,D,15,STORAGE,20090130 0000,20090130 0000,1017623, ,AF
ORO,D,15,STORAGE,20090131 0000,20090131 0000,1020262, ,AF
ORO,D,15,STORAGE,20090201 0000,20090201 0000,1022442, ,AF
ORO,D,15,STORAGE,20090202 0000,20090203 0000,1024758, ,AF
ORO,D,15,STORAGE,20090203 0000,20090204 0000,1024697, ,AF
ORO,D,15,STORAGE,20090204 0000,20090205 0000,1026485, ,AF
ORO,D,15,STORAGE,20090205 0000,20090206 0000,1029671, ,AF
ORO,D,15,STORAGE,20090206 0000,20090207 0000,1033330, ,AF
ORO,D,15,STORAGE,20090207 0000,20090208 0000,1036063, ,AF
ORO,D,15,STORAGE,20090208 0000,20090209 0000,1036530, ,AF
ORO,D,15,STORAGE,20090209 0000,20090210 0000,1039737, ,AF
ORO,D,15,STORAGE,20090210 0000,20090211 0000,1043085, ,AF
ORO,D,15,STORAGE,20090211 0000,20090212 0000,1044627, ,AF
ORO,D,15,STORAGE,20090212 0000,20090213 0000,1045500, ,AF
ORO,D,15,STORAGE,20090213 0000,20090214 0000,1049533, ,AF
ORO,D,15,STORAGE,20090214 0000,20090215 0000,1051891, ,AF
ORO,D,15,STORAGE,20090215 0000,20090216 0000,1059597, ,AF
ORO,D,15,STORAGE,20090216 0000,20090217 0000,1069386, ,AF
ORO,D,15,STORAGE,20090217 0000,20090218 0000,1078896, ,AF
ORO,D,15,STORAGE,20090218 0000,20090219 0000,1085842, ,AF
ORO,D,15,STORAGE,20090219 0000,20090220 0000,1090191, ,AF
ORO,D,15,STORAGE,20090220 0000,20090221 0000,1093028, ,AF
ORO,D,15,STORAGE,20090221 0000,20090222 0000,1097953, ,AF
ORO,D,15,STORAGE,20090222 0000,20090223 0000,1117104, ,AF
ORO,D,15,STORAGE,20090223 0000,20090224 0000,1188491, ,AF
ORO,D,15,STORAGE,20090224 0000,20090225 0000,1252892, ,AF
ORO,D,15,STORAGE,20090225 0000,20090226 0000,1287745, ,AF
ORO,D,15,STORAGE,20090226 0000,20090227 0000,1319706, ,AF
ORO,D,15,STORAGE,20090227 0000,20090228 0000,1343307, ,AF
ORO,D,15,STORAGE,20090228 0000,20090301 0000,1360570, ,AF
ORO,D,15,STORAGE,20090301 0000,20090302 0000,1384829, ,AF
ORO,D,15,STORAGE,20090302 0000,20090303 0000,1462012, ,AF
ORO,D,15,STORAGE,20090303 0000,20090304 0000,1531345, ,AF
ORO,D,15,STORAGE,20090304 0000,20090305 0000,1574012, ,AF
ORO,D,15,STORAGE,20090305 0000,20090306 0000,1603186, ,AF
ORO,D,15,STORAGE,20090306 0000,20090307 0000,1625337, ,AF
ORO,D,15,STORAGE,20090307 0000,20090308 0000,1643929, ,AF
ORO,D,15,STORAGE,20090308 0000,20090309 0000,1659336, ,AF
ORO,D,15,STORAGE,20090309 0000,20090310 0000,1673541, ,AF
ORO,D,15,STORAGE,20090310 0000,20090311 0000,1685678, ,AF
ORO,D,15,STORAGE,20090311 0000,20090312 0000,1696748, ,AF
ORO,D,15,STORAGE,20090312 0000,20090313 0000,1707682, ,AF
ORO,D,15,STORAGE,20090313 0000,20090314 0000,1717620, ,AF
ORO,D,15,STORAGE,20090314 0000,20090315 0000,1727886, ,AF
ORO,D,15,STORAGE,20090315 0000,20090316 0000,1739535, ,AF
ORO,D,15,STORAGE,20090316 0000,20090317 0000,1755089, ,AF
ORO,D,15,STORAGE,20090317 0000,20090318 0000,1771904, ,AF
ORO,D,15,STORAGE,20090318 0000,20090319 0000,1786390, ,AF
ORO,D,15,STORAGE,20090319 0000,20090320 0000,1802618, ,AF
ORO,D,15,STORAGE,20090320 0000,20090321 0000,1818655, ,AF
ORO,D,15,STORAGE,20090321 0000,20090322 0000,1835390, ,AF
ORO,D,15,STORAGE,20090322 0000,20090323 0000,1853237, ,AF
ORO,D,15,STORAGE,20090323 0000,20090324 0000,1868289, ,AF
ORO,D,15,STORAGE,20090324 0000,20090325 0000,1881705, ,AF
ORO,D,15,STORAGE,20090325 0000,20090326 0000,1894683, ,AF
ORO,D,15,STORAGE,20090326 0000,20090327 0000,1907829, ,AF
ORO,D,15,STORAGE,20090327 0000,20090328 0000,1921656, ,AF
ORO,D,15,STORAGE,20090328 0000,20090329 0000,1936279, ,AF
ORO,D,15,STORAGE,20090329 0000,20090330 0000,1951398, ,AF
ORO,D,15,STORAGE,20090330 0000,20090331 0000,1965141, ,AF
ORO,D,15,STORAGE,20090331 0000,20090401 0000,1977695, ,AF
ORO,D,15,STORAGE,20090401 0000,20090402 0000,1989884, ,AF
ORO,D,15,STORAGE,20090402 0000,20090403 0000,1999590, ,AF
ORO,D,15,STORAGE,20090403 0000,20090404 0000,2005304, ,AF
ORO,D,15,STORAGE,20090404 0000,20090405 0000,2012621, ,AF
ORO,D,15,STORAGE,20090405 0000,20090406 0000,2019744, ,AF
ORO,D,15,STORAGE,20090406 0000,20090407 0000,2025712, ,AF
ORO,D,15,STORAGE,20090407 0000,20090408 0000,2031692, ,AF
ORO,D,15,STORAGE,20090408 0000,20090409 0000,2036185, ,AF
ORO,D,15,STORAGE,20090409 0000,20090410 0000,2040471, ,AF
ORO,D,15,STORAGE,20090410 0000,20090411 0000,2043583, ,AF
ORO,D,15,STORAGE,20090411 0000,20090412 0000,2042510, ,AF
ORO,D,15,STORAGE,20090412 0000,20090413 0000,2045409, ,AF
ORO,D,15,STORAGE,20090413 0000,20090414 0000,2043905, ,AF
ORO,D,15,STORAGE,20090414 0000,20090415 0000,2042295, ,AF
ORO,D,15,STORAGE,20090415 0000,20090416 0000,2045623, ,AF
ORO,D,15,STORAGE,20090416 0000,20090417 0000,2051107, ,AF
ORO,D,15,STORAGE,20090417 0000,20090418 0000,2058435, ,AF
ORO,D,15,STORAGE,20090418 0000,20090419 0000,2065350, ,AF
ORO,D,15,STORAGE,20090419 0000,20090420 0000,2075969, ,AF
ORO,D,15,STORAGE,20090420 0000,20090421 0000,2083796, ,AF
ORO,D,15,STORAGE,20090421 0000,20090422 0000,2088481, ,AF
ORO,D,15,STORAGE,20090422 0000,20090423 0000,2086955, ,AF
ORO,D,15,STORAGE,20090423 0000,20090424 0000,2084559, ,AF
ORO,D,15,STORAGE,20090424 0000,20090425 0000,2080206, ,AF
ORO,D,15,STORAGE,20090425 0000,20090426 0000,2075644, ,AF
ORO,D,15,STORAGE,20090426 0000,20090427 0000,2077924, ,AF
ORO,D,15,STORAGE,20090427 0000,20090428 0000,2073256, ,AF
ORO,D,15,STORAGE,20090428 0000,20090429 0000,2069355, ,AF
ORO,D,15,STORAGE,20090429 0000,20090430 0000,2061999, ,AF
ORO,D,15,STORAGE,20090430 0000,20090501 0000,2055092, ,AF
ORO,D,15,STORAGE,20090501 0000,20090502 0000,2050999, ,AF
ORO,D,15,STORAGE,20090502 0000,20090503 0000,2068813, ,AF
ORO,D,15,STORAGE,20090503 0000,20090504 0000,2091972, ,AF
ORO,D,15,STORAGE,20090504 0000,20090505 0000,2106854, ,AF
ORO,D,15,STORAGE,20090505 0000,20090506 0000,2152176, ,AF
ORO,D,15,STORAGE,20090506 0000,20090507 0000,2173299, ,AF
ORO,D,15,STORAGE,20090507 0000,20090508 0000,2189942, ,AF
ORO,D,15,STORAGE,20090508 0000,20090509 0000,2206560, ,AF
ORO,D,15,STORAGE,20090509 0000,20090510 0000,2222355, ,AF
ORO,D,15,STORAGE,20090510 0000,20090511 0000,2238573, ,AF
ORO,D,15,STORAGE,20090511 0000,20090512 0000,2248435, ,AF
ORO,D,15,STORAGE,20090512 0000,20090513 0000,2255900, ,AF
ORO,D,15,STORAGE,20090513 0000,20090514 0000,2260623, ,AF
ORO,D,15,STORAGE,20090514 0000,20090515 0000,2261776, ,AF
ORO,D,15,STORAGE,20090515 0000,20090516 0000,2263506, ,AF
ORO,D,15,STORAGE,20090516 0000,20090517 0000,2267316, ,AF
ORO,D,15,STORAGE,20090517 0000,20090518 0000,2265353, ,AF
ORO,D,15,STORAGE,20090518 0000,20090519 0000,2272993, ,AF
ORO,D,15,STORAGE,20090519 0000,20090520 0000,2275888, ,AF
ORO,D,15,STORAGE,20090520 0000,20090521 0000,2282497, ,AF
ORO,D,15,STORAGE,20090521 0000,20090522 0000,2285516, ,AF
ORO,D,15,STORAGE,20090522 0000,20090523 0000,2283542, ,AF
ORO,D,15,STORAGE,20090523 0000,20090524 0000,2286446, ,AF
ORO,D,15,STORAGE,20090524 0000,20090525 0000,2286911, ,AF
ORO,D,15,STORAGE,20090525 0000,20090526 0000,2286097, ,AF
ORO,D,15,STORAGE,20090526 0000,20090527 0000,2280525, ,AF
ORO,D,15,STORAGE,20090527 0000,20090528 0000,2277278, ,AF
ORO,D,15,STORAGE,20090528 0000,20090529 0000,2276467, ,AF
ORO,D,15,STORAGE,20090529 0000,20090530 0000,2279481, ,AF
ORO,D,15,STORAGE,20090530 0000,20090531 0000,2282846, ,AF
ORO,D,15,STORAGE,20090531 0000,20090601 0000,2282265, ,AF
ORO,D,15,STORAGE,20090601 0000,20090602 0000,2281337, ,AF
ORO,D,15,STORAGE,20090602 0000,20090603 0000,2273572, ,AF
ORO,D,15,STORAGE,20090603 0000,20090604 0000,2265248, ,AF
ORO,D,15,STORAGE,20090604 0000,20090605 0000,2256601, ,AF
ORO,D,15,STORAGE,20090605 0000,20090606 0000,2246942, ,AF
ORO,D,15,STORAGE,20090606 0000,20090607 0000,2241322, ,AF
ORO,D,15,STORAGE,20090607 0000,20090608 0000,2236169, ,AF
ORO,D,15,STORAGE,20090608 0000,20090609 0000,2228170, ,AF
ORO,D,15,STORAGE,20090609 0000,20090610 0000,2223950, ,AF
ORO,D,15,STORAGE,20090610 0000,20090611 0000,2217119, ,AF
ORO,D,15,STORAGE,20090611 0000,20090612 0000,2211892, ,AF
ORO,D,15,STORAGE,20090612 0000,20090613 0000,2202482, ,AF
ORO,D,15,STORAGE,20090613 0000,20090614 0000,2196262, ,AF
ORO,D,15,STORAGE,20090614 0000,20090615 0000,2190730, ,AF
ORO,D,15,STORAGE,20090615 0000,20090616 0000,2184084, ,AF
ORO,D,15,STORAGE,20090616 0000,20090617 0000,2184984, ,AF
ORO,D,15,STORAGE,20090617 0000,20090618 0000,2180934, ,AF
ORO,D,15,STORAGE,20090618 0000,20090619 0000,2172626, ,AF
ORO,D,15,STORAGE,20090619 0000,20090620 0000,2164116, ,AF
ORO,D,15,STORAGE,20090620 0000,20090621 0000,2156634, ,AF
ORO,D,15,STORAGE,20090621 0000,20090622 0000,2149950, ,AF
ORO,D,15,STORAGE,20090622 0000,20090623 0000,2141170, ,AF
ORO,D,15,STORAGE,20090623 0000,20090624 0000,2130425, ,AF
ORO,D,15,STORAGE,20090624 0000,20090625 0000,2120600, ,AF
ORO,D,15,STORAGE,20090625 0000,20090626 0000,2114984, ,AF
ORO,D,15,STORAGE,20090626 0000,20090627 0000,2105977, ,AF
ORO,D,15,STORAGE,20090627 0000,20090628 0000,2097435, ,AF
ORO,D,15,STORAGE,20090628 0000,20090629 0000,2086519, ,AF
ORO,D,15,STORAGE,20090629 0000,20090630 0000,2070980, ,AF
ORO,D,15,STORAGE,20090630 0000,20090701 0000,2057141, ,AF
ORO,D,15,STORAGE,20090701 0000,20090702 0000,2035115, ,AF
ORO,D,15,STORAGE,20090702 0000,20090703 0000,2016021, ,AF
ORO,D,15,STORAGE,20090703 0000,20090704 0000,1994734, ,AF
ORO,D,15,STORAGE,20090704 0000,20090705 0000,1981156, ,AF
ORO,D,15,STORAGE,20090705 0000,20090706 0000,1962533, ,AF
ORO,D,15,STORAGE,20090706 0000,20090707 0000,1944968, ,AF
ORO,D,15,STORAGE,20090707 0000,20090708 0000,1924636, ,AF
ORO,D,15,STORAGE,20090708 0000,20090709 0000,1906909, ,AF
ORO,D,15,STORAGE,20090709 0000,20090710 0000,1885753, ,AF
ORO,D,15,STORAGE,20090710 0000,20090711 0000,1868993, ,AF
ORO,D,15,STORAGE,20090711 0000,20090712 0000,1858144, ,AF
ORO,D,15,STORAGE,20090712 0000,20090713 0000,1842355, ,AF
ORO,D,15,STORAGE,20090713 0000,20090714 0000,1823298, ,AF
ORO,D,15,STORAGE,20090714 0000,20090715 0000,1803206, ,AF
ORO,D,15,STORAGE,20090715 0000,20090716 0000,1780746, ,AF
ORO,D,15,STORAGE,20090716 0000,20090717 0000,1758462, ,AF
ORO,D,15,STORAGE,20090717 0000,20090718 0000,1741450, ,AF
ORO,D,15,STORAGE,20090718 0000,20090719 0000,1727315, ,AF
ORO,D,15,STORAGE,20090719 0000,20090720 0000,1715914, ,AF
ORO,D,15,STORAGE,20090720 0000,20090721 0000,1702020, ,AF
ORO,D,15,STORAGE,20090721 0000,20090722 0000,1686052, ,AF
ORO,D,15,STORAGE,20090722 0000,20090723 0000,1676896, ,AF
ORO,D,15,STORAGE,20090723 0000,20090724 0000,1660447, ,AF
ORO,D,15,STORAGE,20090724 0000,20090725 0000,1643377, ,AF
ORO,D,15,STORAGE,20090725 0000,20090726 0000,1638234, ,AF
ORO,D,15,STORAGE,20090726 0000,20090727 0000,1626979, ,AF
ORO,D,15,STORAGE,20090727 0000,20090728 0000,1607888, ,AF
ORO,D,15,STORAGE,20090728 0000,20090729 0000,1590033, ,AF
ORO,D,15,STORAGE,20090729 0000,20090730 0000,1576510, ,AF
ORO,D,15,STORAGE,20090730 0000,20090731 0000,1563600, ,AF
ORO,D,15,STORAGE,20090731 0000,20090801 0000,1553150, ,AF
ORO,D,15,STORAGE,20090801 0000,20090802 0000,1540375, ,AF
ORO,D,15,STORAGE,20090802 0000,20090803 0000,1531783, ,AF
ORO,D,15,STORAGE,20090803 0000,20090804 0000,1516001, ,AF
ORO,D,15,STORAGE,20090804 0000,20090805 0000,1500920, ,AF
ORO,D,15,STORAGE,20090805 0000,20090806 0000,1492222, ,AF
ORO,D,15,STORAGE,20090806 0000,20090807 0000,1488187, ,AF
ORO,D,15,STORAGE,20090807 0000,20090808 0000,1485014, ,AF
ORO,D,15,STORAGE,20090808 0000,20090809 0000,1479796, ,AF
ORO,D,15,STORAGE,20090809 0000,20090810 0000,1479882, ,AF
ORO,D,15,STORAGE,20090810 0000,20090811 0000,1472545, ,AF
ORO,D,15,STORAGE,20090811 0000,20090812 0000,1464217, ,AF
ORO,D,15,STORAGE,20090812 0000,20090813 0000,1458625, ,AF
ORO,D,15,STORAGE,20090813 0000,20090814 0000,1450688, ,AF
ORO,D,15,STORAGE,20090814 0000,20090815 0000,1445049, ,AF
ORO,D,15,STORAGE,20090815 0000,20090816 0000,1447488, ,AF
ORO,D,15,STORAGE,20090816 0000,20090817 0000,1448161, ,AF
ORO,D,15,STORAGE,20090817 0000,20090818 0000,1440599, ,AF
ORO,D,15,STORAGE,20090818 0000,20090819 0000,1434402, ,AF
ORO,D,15,STORAGE,20090819 0000,20090820 0000,1428139, ,AF
ORO,D,15,STORAGE,20090820 0000,20090821 0000,1423392, ,AF
ORO,D,15,STORAGE,20090821 0000,20090822 0000,1416252, ,AF
ORO,D,15,STORAGE,20090822 0000,20090823 0000,1413932, ,AF
ORO,D,15,STORAGE,20090823 0000,20090824 0000,1413683, ,AF
ORO,D,15,STORAGE,20090824 0000,20090825 0000,1412856, ,AF
ORO,D,15,STORAGE,20090825 0000,20090826 0000,1403773, ,AF
ORO,D,15,STORAGE,20090826 0000,20090827 0000,1396700, ,AF
ORO,D,15,STORAGE,20090827 0000,20090828 0000,1392680, ,AF
ORO,D,15,STORAGE,20090828 0000,20090829 0000,1389078, ,AF
ORO,D,15,STORAGE,20090829 0000,20090830 0000,1390633, ,AF
ORO,D,15,STORAGE,20090830 0000,20090831 0000,1390305, ,AF
ORO,D,15,STORAGE,20090831 0000,20090901 0000,1383116, ,AF
ORO,D,15,STORAGE,20090901 0000,20090902 0000,1376033, ,AF
ORO,D,15,STORAGE,20090902 0000,20090903 0000,1372541, ,AF
ORO,D,15,STORAGE,20090903 0000,20090904 0000,1367437, ,AF
ORO,D,15,STORAGE,20090904 0000,20090905 0000,1365334, ,AF
ORO,D,15,STORAGE,20090905 0000,20090906 0000,1364607, ,AF
ORO,D,15,STORAGE,20090906 0000,20090907 0000,1363153, ,AF
ORO,D,15,STORAGE,20090907 0000,20090908 0000,1361538, ,AF
ORO,D,15,STORAGE,20090908 0000,20090909 0000,1358394, ,AF
ORO,D,15,STORAGE,20090909 0000,20090910 0000,1355577, ,AF
ORO,D,15,STORAGE,20090910 0000,20090911 0000,1352121, ,AF
ORO,D,15,STORAGE,20090911 0000,20090912 0000,1347389, ,AF
ORO,D,15,STORAGE,20090912 0000,20090913 0000,1347869, ,AF
ORO,D,15,STORAGE,20090913 0000,20090914 0000,1350997, ,AF
ORO,D,15,STORAGE,20090914 0000,20090915 0000,1352844, ,AF
ORO,D,15,STORAGE,20090915 0000,20090916 0000,1352764, ,AF
ORO,D,15,STORAGE,20090916 0000,20090917 0000,1350355, ,AF
ORO,D,15,STORAGE,20090917 0000,20090918 0000,1348110, ,AF
ORO,D,15,STORAGE,20090918 0000,20090919 0000,1342828, ,AF
ORO,D,15,STORAGE,20090919 0000,20090920 0000,1346428, ,AF
ORO,D,15,STORAGE,20090920 0000,20090921 0000,1350114, ,AF
ORO,D,15,STORAGE,20090921 0000,20090922 0000,1344987, ,AF
ORO,D,15,STORAGE,20090922 0000,20090922 0000,1345630, ,AF
ORO,D,15,STORAGE,20090923 0000,20090924 0000,1343627, ,AF
ORO,D,15,STORAGE,20090924 0000,20090925 0000,1340032, ,AF
ORO,D,15,STORAGE,20090925 0000,20090926 0000,1336524, ,AF
ORO,D,15,STORAGE,20090926 0000,20090927 0000,1335966, ,AF
ORO,D,15,STORAGE,20090927 0000,20090928 0000,1336524, ,AF
ORO,D,15,STORAGE,20090928 0000,20090929 0000,1334533, ,AF
ORO,D,15,STORAGE,20090929 0000,20090930 0000,1339714, ,AF
ORO,D,15,STORAGE,20090930 0000,20091001 0000,1336524, ,AF
ORO,D,15,STORAGE,20091001 0000,20091002 0000,1337082, ,AF
ORO,D,15,STORAGE,20091002 0000,20091003 0000,1332624, ,AF
ORO,D,15,STORAGE,20091003 0000,20091004 0000,1334374, ,AF
ORO,D,15,STORAGE,20091004 0000,20091005 0000,1338596, ,AF
ORO,D,15,STORAGE,20091005 0000,20091006 0000,1334533, ,AF
ORO,D,15,STORAGE,20091006 0000,20091007 0000,1329446, ,AF
ORO,D,15,STORAGE,20091007 0000,20091008 0000,1327146, ,AF
ORO,D,15,STORAGE,20091008 0000,20091009 0000,1322078, ,AF
ORO,D,15,STORAGE,20091009 0000,20091010 0000,1315052, ,AF
ORO,D,15,STORAGE,20091010 0000,20091011 0000,1317733, ,AF
ORO,D,15,STORAGE,20091011 0000,20091012 0000,1321050, ,AF
ORO,D,15,STORAGE,20091012 0000,20091013 0000,1318680, ,AF
ORO,D,15,STORAGE,20091013 0000,20091014 0000,1314579, ,AF
ORO,D,15,STORAGE,20091014 0000,20091015 0000,1315288, ,AF
ORO,D,15,STORAGE,20091015 0000,20091016 0000,1315209, ,AF
ORO,D,15,STORAGE,20091016 0000,20091017 0000,1315052, ,AF
ORO,D,15,STORAGE,20091017 0000,20091018 0000,1317733, ,AF
ORO,D,15,STORAGE,20091018 0000,20091019 0000,1319548, ,AF
ORO,D,15,STORAGE,20091019 0000,20091020 0000,1318680, ,AF
ORO,D,15,STORAGE,20091020 0000,20091021 0000,1317733, ,AF
ORO,D,15,STORAGE,20091021 0000,20091022 0000,1316470, ,AF
ORO,D,15,STORAGE,20091022 0000,20091023 0000,1315130, ,AF
ORO,D,15,STORAGE,20091023 0000,20091024 0000,1307266, ,AF
ORO,D,15,STORAGE,20091024 0000,20091025 0000,1306168, ,AF
ORO,D,15,STORAGE,20091025 0000,20091026 0000,1305854, ,AF
ORO,D,15,STORAGE,20091026 0000,20091027 0000,1299903, ,AF
ORO,D,15,STORAGE,20091027 0000,20091028 0000,1299044, ,AF
ORO,D,15,STORAGE,20091028 0000,20091029 0000,1296076, ,AF
ORO,D,15,STORAGE,20091029 0000,20091030 0000,1294906, ,AF
ORO,D,15,STORAGE,20091030 0000,20091031 0000,1292179, ,AF
ORO,D,15,STORAGE,20091031 0000,20091101 0000,1290389, ,AF
ORO,D,15,STORAGE,20091101 0000,20091102 0000,1288756, ,AF
ORO,D,15,STORAGE,20091102 0000,20091103 0000,1284718, ,AF
ORO,D,15,STORAGE,20091103 0000,20091104 0000,1283942, ,AF
ORO,D,15,STORAGE,20091104 0000,20091105 0000,1279992, ,AF
ORO,D,15,STORAGE,20091105 0000,20091106 0000,1279373, ,AF
ORO,D,15,STORAGE,20091106 0000,20091107 0000,1275664, ,AF
ORO,D,15,STORAGE,20091107 0000,20091108 0000,1269422, ,AF
ORO,D,15,STORAGE,20091108 0000,20091109 0000,1264120, ,AF
ORO,D,15,STORAGE,20091109 0000,20091110 0000,1259446, ,AF
ORO,D,15,STORAGE,20091110 0000,20091111 0000,1253655, ,AF
ORO,D,15,STORAGE,20091111 0000,20091112 0000,1246493, ,AF
ORO,D,15,STORAGE,20091112 0000,20091113 0000,1240270, ,AF
ORO,D,15,STORAGE,20091113 0000,20091114 0000,1234070, ,AF
ORO,D,15,STORAGE,20091114 0000,20091115 0000,1227365, ,AF
ORO,D,15,STORAGE,20091115 0000,20091116 0000,1221960, ,AF
ORO,D,15,STORAGE,20091116 0000,20091117 0000,1213959, ,AF
ORO,D,15,STORAGE,20091117 0000,20091118 0000,1207185, ,AF
ORO,D,15,STORAGE,20091118 0000,20091119 0000,1201547, ,AF
ORO,D,15,STORAGE,20091119 0000,20091120 0000,1194895, ,AF
ORO,D,15,STORAGE,20091120 0000,20091121 0000,1188932, ,AF
ORO,D,15,STORAGE,20091121 0000,20091122 0000,1181598, ,AF
ORO,D,15,STORAGE,20091122 0000,20091123 0000,1174078, ,AF
ORO,D,15,STORAGE,20091123 0000,20091124 0000,1166593, ,AF
ORO,D,15,STORAGE,20091124 0000,20091125 0000,1160224, ,AF
ORO,D,15,STORAGE,20091125 0000,20091126 0000,1149354, ,AF
ORO,D,15,STORAGE,20091126 0000,20091127 0000,1150358, ,AF
ORO,D,15,STORAGE,20091127 0000,20091128 0000,1147919, ,AF
ORO,D,15,STORAGE,20091128 0000,20091129 0000,1145842, ,AF
ORO,D,15,STORAGE,20091129 0000,20091130 0000,1143409, ,AF
ORO,D,15,STORAGE,20091130 0000,20091201 0000,1136561, ,AF
ORO,D,15,STORAGE,20091201 0000,20091202 0000,1127405, ,AF
ORO,D,15,STORAGE,20091202 0000,20091203 0000,1118582, ,AF
ORO,D,15,STORAGE,20091203 0000,20091204 0000,1109038, ,AF
ORO,D,15,STORAGE,20091204 0000,20091205 0000,1100525, ,AF
ORO,D,15,STORAGE,20091205 0000,20091206 0000,1100804, ,AF
ORO,D,15,STORAGE,20091206 0000,20091207 0000,1100386, ,AF
ORO,D,15,STORAGE,20091207 0000,20091208 0000,1091090, ,AF
ORO,D,15,STORAGE,20091208 0000,20091209 0000,1084946, ,AF
ORO,D,15,STORAGE,20091209 0000,20091210 0000,1079788, ,AF
ORO,D,15,STORAGE,20091210 0000,20091211 0000,1071844, ,AF
ORO,D,15,STORAGE,20091211 0000,20091212 0000,1063464, ,AF
ORO,D,15,STORAGE,20091212 0000,20091213 0000,1067069, ,AF
ORO,D,15,STORAGE,20091213 0000,20091214 0000,1069386, ,AF
ORO,D,15,STORAGE,20091214 0000,20091215 0000,1063464, ,AF
ORO,D,15,STORAGE,20091215 0000,20091216 0000,1064688, ,AF
ORO,D,15,STORAGE,20091216 0000,20091217 0000,1064552, ,AF
ORO,D,15,STORAGE,20091217 0000,20091218 0000,1064416, ,AF
ORO,D,15,STORAGE,20091218 0000,20091219 0000,1062446, ,AF
ORO,D,15,STORAGE,20091219 0000,20091220 0000,1062106, ,AF
ORO,D,15,STORAGE,20091220 0000,20091221 0000,1061903, ,AF
ORO,D,15,STORAGE,20091221 0000,20091222 0000,1058987, ,AF
ORO,D,15,STORAGE,20091222 0000,20091223 0000,1057836, ,AF
ORO,D,15,STORAGE,20091223 0000,20091224 0000,1055198, ,AF
ORO,D,15,STORAGE,20091224 0000,20091225 0000,1047851, ,AF
ORO,D,15,STORAGE,20091225 0000,20091226 0000,1046440, ,AF
ORO,D,15,STORAGE,20091226 0000,20091227 0000,1044224, ,AF
ORO,D,15,STORAGE,20091227 0000,20091228 0000,1042883, ,AF
ORO,D,15,STORAGE,20091228 0000,20091229 0000,1033930, ,AF
ORO,D,15,STORAGE,20091229 0000,20091230 0000,1032997, ,AF
ORO,D,15,STORAGE,20091230 0000,20091231 0000,1028941, ,AF
ORO,D,15,STORAGE,20091231 0000,20100101 0000,1029538, ,AF
ORO,D,15,STORAGE,20100101 0000,20100102 0000,1028409, ,AF
ORO,D,15,STORAGE,20100102 0000,20100103 0000,1029738, ,AF
ORO,D,15,STORAGE,20100103 0000,20100104 0000,1029206, ,AF
ORO,D,15,STORAGE,20100104 0000,20100105 0000,1025624, ,AF
ORO,D,15,STORAGE,20100105 0000,20100106 0000,1020728, ,AF
ORO,D,15,STORAGE,20100106 0000,20100107 0000,1018485, ,AF
ORO,D,15,STORAGE,20100107 0000,20100108 0000,1012167, ,AF
ORO,D,15,STORAGE,20100108 0000,20100109 0000,1010526, ,AF
ORO,D,15,STORAGE,20100109 0000,20100110 0000,1012036, ,AF
ORO,D,15,STORAGE,20100110 0000,20100111 0000,1013087, ,AF
ORO,D,15,STORAGE,20100111 0000,20100112 0000,1009149, ,AF
ORO,D,15,STORAGE,20100112 0000,20100113 0000,1014073, ,AF
ORO,D,15,STORAGE,20100113 0000,20100114 0000,1028874, ,AF
ORO,D,15,STORAGE,20100114 0000,20100115 0000,1034529, ,AF
ORO,D,15,STORAGE,20100115 0000,20100116 0000,1036663, ,AF
ORO,D,15,STORAGE,20100116 0000,20100117 0000,1040272, ,AF
ORO,D,15,STORAGE,20100117 0000,20100118 0000,1047650, ,AF
ORO,D,15,STORAGE,20100118 0000,20100119 0000,1056956, ,AF
ORO,D,15,STORAGE,20100119 0000,20100120 0000,1072664, ,AF
ORO,D,15,STORAGE,20100120 0000,20100121 0000,1089777, ,AF
ORO,D,15,STORAGE,20100121 0000,20100122 0000,1106382, ,AF
ORO,D,15,STORAGE,20100122 0000,20100123 0000,1116894, ,AF
ORO,D,15,STORAGE,20100123 0000,20100124 0000,1126485, ,AF
ORO,D,15,STORAGE,20100124 0000,20100125 0000,1134356, ,AF
ORO,D,15,STORAGE,20100125 0000,20100126 0000,1143982, ,AF
ORO,D,15,STORAGE,20100126 0000,20100127 0000,1155176, ,AF
ORO,D,15,STORAGE,20100127 0000,20100128 0000,1166520, ,AF
ORO,D,15,STORAGE,20100128 0000,20100129 0000,1174880, ,AF
ORO,D,15,STORAGE,20100129 0000,20100130 0000,1183282, ,AF
ORO,D,15,STORAGE,20100130 0000,20100131 0000,1191432, ,AF
ORO,D,15,STORAGE,20100131 0000,20100201 0000,1190456,r,AF
ORO,D,15,STORAGE,20100201 0000,20100202 0000,1202288, ,AF
ORO,D,15,STORAGE,20100202 0000,20100203 0000,1205699, ,AF
ORO,D,15,STORAGE,20100203 0000,20100204 0000,1202358, ,AF
ORO,D,15,STORAGE,20100204 0000,20100205 0000,1206813, ,AF
ORO,D,15,STORAGE,20100205 0000,20100206 0000,1213661, ,AF
ORO,D,15,STORAGE,20100206 0000,20100207 0000,1226162, ,AF
ORO,D,15,STORAGE,20100207 0000,20100208 0000,1236411, ,AF
ORO,D,15,STORAGE,20100208 0000,20100209 0000,1244138, ,AF
ORO,D,15,STORAGE,20100209 0000,20100210 0000,1251213, ,AF
ORO,D,15,STORAGE,20100210 0000,20100211 0000,1256998, ,AF
ORO,D,15,STORAGE,20100211 0000,20100212 0000,1261896, ,AF
ORO,D,15,STORAGE,20100212 0000,20100213 0000,1269499, ,AF
ORO,D,15,STORAGE,20100213 0000,20100214 0000,1275278, ,AF
ORO,D,15,STORAGE,20100214 0000,20100215 0000,1281076, ,AF
ORO,D,15,STORAGE,20100215 0000,20100216 0000,1285261, ,AF
ORO,D,15,STORAGE,20100216 0000,20100217 0000,1290311, ,AF
ORO,D,15,STORAGE,20100217 0000,20100218 0000,1296544, ,AF
ORO,D,15,STORAGE,20100218 0000,20100219 0000,1301859, ,AF
ORO,D,15,STORAGE,20100219 0000,20100220 0000,1307031, ,AF
ORO,D,15,STORAGE,20100220 0000,20100221 0000,1313870, ,AF
ORO,D,15,STORAGE,20100221 0000,20100222 0000,1321287, ,AF
ORO,D,15,STORAGE,20100222 0000,20100223 0000,1327146, ,AF
ORO,D,15,STORAGE,20100223 0000,20100224 0000,1332624, ,AF
ORO,D,15,STORAGE,20100224 0000,20100225 0000,1341949, ,AF
ORO,D,15,STORAGE,20100225 0000,20100226 0000,1350756, ,AF
ORO,D,15,STORAGE,20100226 0000,20100227 0000,1361458, ,AF
ORO,D,15,STORAGE,20100227 0000,20100228 0000,1373028, ,AF
ORO,D,15,STORAGE,20100228 0000,20100301 0000,1385646, ,AF
ORO,D,15,STORAGE,20100301 0000,20100302 0000,1396371, ,AF
ORO,D,15,STORAGE,20100302 0000,20100303 0000,1407732, ,AF
ORO,D,15,STORAGE,20100303 0000,20100304 0000,1422229, ,AF
ORO,D,15,STORAGE,20100304 0000,20100305 0000,1434653, ,AF
ORO,D,15,STORAGE,20100305 0000,20100306 0000,1443704, ,AF
ORO,D,15,STORAGE,20100306 0000,20100307 0000,1452796, ,AF
ORO,D,15,STORAGE,20100307 0000,20100308 0000,1460657, ,AF
ORO,D,15,STORAGE,20100308 0000,20100309 0000,1465404, ,AF
ORO,D,15,STORAGE,20100309 0000,20100310 0000,1472886, ,AF
ORO,D,15,STORAGE,20100310 0000,20100311 0000,1477832, ,AF
ORO,D,15,STORAGE,20100311 0000,20100312 0000,1480565, ,AF
ORO,D,15,STORAGE,20100312 0000,20100313 0000,1489817, ,AF
ORO,D,15,STORAGE,20100313 0000,20100314 0000,1499195, ,AF
ORO,D,15,STORAGE,20100314 0000,20100315 0000,1506364, ,AF
ORO,D,15,STORAGE,20100315 0000,20100316 0000,1511301, ,AF
ORO,D,15,STORAGE,20100316 0000,20100317 0000,1515827, ,AF
ORO,D,15,STORAGE,20100317 0000,20100318 0000,1520001, ,AF
ORO,D,15,STORAGE,20100318 0000,20100319 0000,1526888, ,AF
ORO,D,15,STORAGE,20100319 0000,20100320 0000,1530820, ,AF
ORO,D,15,STORAGE,20100320 0000,20100321 0000,1538794, ,AF
ORO,D,15,STORAGE,20100321 0000,20100322 0000,1546798, ,AF
ORO,D,15,STORAGE,20100322 0000,20100323 0000,1555360, ,AF
ORO,D,15,STORAGE,20100323 0000,20100324 0000,1564489, ,AF
ORO,D,15,STORAGE,20100324 0000,20100325 0000,1574993, ,AF
ORO,D,15,STORAGE,20100325 0000,20100326 0000,1580174, ,AF
ORO,D,15,STORAGE,20100326 0000,20100327 0000,1584650, ,AF
ORO,D,15,STORAGE,20100327 0000,20100328 0000,1589135, ,AF
ORO,D,15,STORAGE,20100328 0000,20100329 0000,1597501, ,AF
ORO,D,15,STORAGE,20100329 0000,20100330 0000,1607888, ,AF
ORO,D,15,STORAGE,20100330 0000,20100331 0000,1629719, ,AF
ORO,D,15,STORAGE,20100331 0000,20100401 0000,1650006, ,AF
ORO,D,15,STORAGE,20100401 0000,20100402 0000,1665268, ,AF
ORO,D,15,STORAGE,20100402 0000,20100403 0000,1679322, ,AF
ORO,D,15,STORAGE,20100403 0000,20100404 0000,1691864, ,AF
ORO,D,15,STORAGE,20100404 0000,20100405 0000,1705321, ,AF
ORO,D,15,STORAGE,20100405 0000,20100406 0000,1719043, ,AF
ORO,D,15,STORAGE,20100406 0000,20100407 0000,1729982, ,AF
ORO,D,15,STORAGE,20100407 0000,20100408 0000,1739056, ,AF
ORO,D,15,STORAGE,20100408 0000,20100409 0000,1750758, ,AF
ORO,D,15,STORAGE,20100409 0000,20100410 0000,1761744, ,AF
ORO,D,15,STORAGE,20100410 0000,20100411 0000,1774338, ,AF
ORO,D,15,STORAGE,20100411 0000,20100412 0000,1786780, ,AF
ORO,D,15,STORAGE,20100412 0000,20100413 0000,1804383, ,AF
ORO,D,15,STORAGE,20100413 0000,20100414 0000,1820333, ,AF
ORO,D,15,STORAGE,20100414 0000,20100415 0000,1834794, ,AF
ORO,D,15,STORAGE,20100415 0000,20100416 0000,1846942, ,AF
ORO,D,15,STORAGE,20100416 0000,20100417 0000,1855740, ,AF
ORO,D,15,STORAGE,20100417 0000,20100418 0000,1867987, ,AF
ORO,D,15,STORAGE,20100418 0000,20100419 0000,1880794, ,AF
ORO,D,15,STORAGE,20100419 0000,20100420 0000,1894276, ,AF
ORO,D,15,STORAGE,20100420 0000,20100421 0000,1911918, ,AF
ORO,D,15,STORAGE,20100421 0000,20100422 0000,1928649, ,AF
ORO,D,15,STORAGE,20100422 0000,20100423 0000,1940930, ,AF
ORO,D,15,STORAGE,20100423 0000,20100424 0000,1953372, ,AF
ORO,D,15,STORAGE,20100424 0000,20100425 0000,1967856, ,AF
ORO,D,15,STORAGE,20100425 0000,20100426 0000,1984203, ,AF
ORO,D,15,STORAGE,20100426 0000,20100427 0000,1998851, ,AF
ORO,D,15,STORAGE,20100427 0000,20100428 0000,2031799, ,AF
ORO,D,15,STORAGE,20100428 0000,20100429 0000,2065891, ,AF
ORO,D,15,STORAGE,20100429 0000,20100430 0000,2091317, ,AF
ORO,D,15,STORAGE,20100430 0000,20100501 0000,2113554, ,AF
ORO,D,15,STORAGE,20100501 0000,20100502 0000,2134630, ,AF
ORO,D,15,STORAGE,20100502 0000,20100503 0000,2154404, ,AF
ORO,D,15,STORAGE,20100503 0000,20100504 0000,2174532, ,AF
ORO,D,15,STORAGE,20100504 0000,20100505 0000,2196149, ,AF
ORO,D,15,STORAGE,20100505 0000,20100506 0000,2216891, ,AF
ORO,D,15,STORAGE,20100506 0000,20100507 0000,2231482, ,AF
ORO,D,15,STORAGE,20100507 0000,20100508 0000,2242239, ,AF
ORO,D,15,STORAGE,20100508 0000,20100509 0000,2258443, ,AF
ORO,D,15,STORAGE,20100509 0000,20100510 0000,2275077, ,AF
ORO,D,15,STORAGE,20100510 0000,20100511 0000,2291796, ,AF
ORO,D,15,STORAGE,20100511 0000,20100512 0000,2307899, ,AF
ORO,D,15,STORAGE,20100512 0000,20100513 0000,2315862, ,AF
ORO,D,15,STORAGE,20100513 0000,20100514 0000,2323375, ,AF
ORO,D,15,STORAGE,20100514 0000,20100515 0000,2331494, ,AF
ORO,D,15,STORAGE,20100515 0000,20100516 0000,2341758, ,AF
ORO,D,15,STORAGE,20100516 0000,20100517 0000,2357866, ,AF
ORO,D,15,STORAGE,20100517 0000,20100518 0000,2368211, ,AF
ORO,D,15,STORAGE,20100518 0000,20100519 0000,2383488, ,AF
ORO,D,15,STORAGE,20100519 0000,20100520 0000,2392472, ,AF
ORO,D,15,STORAGE,20100520 0000,20100521 0000,2402801, ,AF
ORO,D,15,STORAGE,20100521 0000,20100522 0000,2411714, ,AF
ORO,D,15,STORAGE,20100522 0000,20100523 0000,2421980, ,AF
ORO,D,15,STORAGE,20100523 0000,20100524 0000,2431268, ,AF
ORO,D,15,STORAGE,20100524 0000,20100525 0000,2438312, ,AF
ORO,D,15,STORAGE,20100525 0000,20100526 0000,2443180, ,AF
ORO,D,15,STORAGE,20100526 0000,20100527 0000,2450858, ,AF
ORO,D,15,STORAGE,20100527 0000,20100528 0000,2460145, ,AF
ORO,D,15,STORAGE,20100528 0000,20100529 0000,2467616, ,AF
ORO,D,15,STORAGE,20100529 0000,20100530 0000,2476209, ,AF
ORO,D,15,STORAGE,20100530 0000,20100531 0000,2484207, ,AF
ORO,D,15,STORAGE,20100531 0000,20100601 0000,2493582, ,AF
ORO,D,15,STORAGE,20100601 0000,20100602 0000,2505087, ,AF
ORO,D,15,STORAGE,20100602 0000,20100603 0000,2515635, ,AF
ORO,D,15,STORAGE,20100603 0000,20100604 0000,2530205, ,AF
ORO,D,15,STORAGE,20100604 0000,20100605 0000,2548971, ,AF
ORO,D,15,STORAGE,20100605 0000,20100606 0000,2567582, ,AF
ORO,D,15,STORAGE,20100606 0000,20100607 0000,2586287, ,AF
ORO,D,15,STORAGE,20100607 0000,20100608 0000,2603942, ,AF
ORO,D,15,STORAGE,20100608 0000,20100609 0000,2619250, ,AF
ORO,D,15,STORAGE,20100609 0000,20100610 0000,2632825, ,AF
ORO,D,15,STORAGE,20100610 0000,20100611 0000,2646449, ,AF
ORO,D,15,STORAGE,20100611 0000,20100611 0000,2654189, ,AF
ORO,D,15,STORAGE,20100612 0000,20100613 0000,2662061, ,AF
ORO,D,15,STORAGE,20100613 0000,20100614 0000,2670344, ,AF
ORO,D,15,STORAGE,20100614 0000,20100615 0000,2677747, ,AF
ORO,D,15,STORAGE,20100615 0000,20100616 0000,2685409, ,AF
ORO,D,15,STORAGE,20100616 0000,20100617 0000,2691523, ,AF
ORO,D,15,STORAGE,20100617 0000,20100618 0000,2696735, ,AF
ORO,D,15,STORAGE,20100618 0000,20100619 0000,2701431, ,AF
ORO,D,15,STORAGE,20100619 0000,20100620 0000,2704565, ,AF
ORO,D,15,STORAGE,20100620 0000,20100621 0000,2709271, ,AF
ORO,D,15,STORAGE,20100621 0000,20100622 0000,2707702, ,AF
ORO,D,15,STORAGE,20100622 0000,20100623 0000,2707048, ,AF
ORO,D,15,STORAGE,20100623 0000,20100624 0000,2705872, ,AF
ORO,D,15,STORAGE,20100624 0000,20100625 0000,2705872, ,AF
ORO,D,15,STORAGE,20100625 0000,20100626 0000,2705480, ,AF
ORO,D,15,STORAGE,20100626 0000,20100627 0000,2706525, ,AF
ORO,D,15,STORAGE,20100627 0000,20100628 0000,2712412, ,AF
ORO,D,15,STORAGE,20100628 0000,20100629 0000,2716472, ,AF
ORO,D,15,STORAGE,20100629 0000,20100630 0000,2718700, ,AF
ORO,D,15,STORAGE,20100630 0000,20100701 0000,2719225, ,AF
ORO,D,15,STORAGE,20100701 0000,20100702 0000,2715817, ,AF
ORO,D,15,STORAGE,20100702 0000,20100703 0000,2712935, ,AF
ORO,D,15,STORAGE,20100703 0000,20100704 0000,2711233, ,AF
ORO,D,15,STORAGE,20100704 0000,20100705 0000,2705219, ,AF
ORO,D,15,STORAGE,20100705 0000,20100706 0000,2700909, ,AF
ORO,D,15,STORAGE,20100706 0000,20100707 0000,2694910, ,AF
ORO,D,15,STORAGE,20100707 0000,20100708 0000,2685798, ,AF
ORO,D,15,STORAGE,20100708 0000,20100709 0000,2677228, ,AF
ORO,D,15,STORAGE,20100709 0000,20100710 0000,2667106, ,AF
ORO,D,15,STORAGE,20100710 0000,20100711 0000,2656892, ,AF
ORO,D,15,STORAGE,20100711 0000,20100712 0000,2644519, ,AF
ORO,D,15,STORAGE,20100712 0000,20100713 0000,2632568, ,AF
ORO,D,15,STORAGE,20100713 0000,20100714 0000,2620274, ,AF
ORO,D,15,STORAGE,20100714 0000,20100715 0000,2611461, ,AF
ORO,D,15,STORAGE,20100715 0000,20100716 0000,2602796, ,AF
ORO,D,15,STORAGE,20100716 0000,20100717 0000,2593263, ,AF
ORO,D,15,STORAGE,20100717 0000,20100718 0000,2584767, ,AF
ORO,D,15,STORAGE,20100718 0000,20100719 0000,2570861, ,AF
ORO,D,15,STORAGE,20100719 0000,20100720 0000,2558264, ,AF
ORO,D,15,STORAGE,20100720 0000,20100721 0000,2545837, ,AF
ORO,D,15,STORAGE,20100721 0000,20100722 0000,2531953, ,AF
ORO,D,15,STORAGE,20100722 0000,20100723 0000,2518868, ,AF
ORO,D,15,STORAGE,20100723 0000,20100724 0000,2504963, ,AF
ORO,D,15,STORAGE,20100724 0000,20100725 0000,2494446, ,AF
ORO,D,15,STORAGE,20100725 0000,20100726 0000,2480390, ,AF
ORO,D,15,STORAGE,20100726 0000,20100727 0000,2468842, ,AF
ORO,D,15,STORAGE,20100727 0000,20100728 0000,2454887, ,AF
ORO,D,15,STORAGE,20100728 0000,20100729 0000,2446834, ,AF
ORO,D,15,STORAGE,20100729 0000,20100730 0000,2432967, ,AF
ORO,D,15,STORAGE,20100730 0000,20100731 0000,2420408, ,AF
ORO,D,15,STORAGE,20100731 0000,20100801 0000,2408098, ,AF
ORO,D,15,STORAGE,20100801 0000,20100802 0000,2395832, ,AF
ORO,D,15,STORAGE,20100802 0000,20100803 0000,2383728, ,AF
ORO,D,15,STORAGE,20100803 0000,20100804 0000,2372024, ,AF
ORO,D,15,STORAGE,20100804 0000,20100805 0000,2364046, ,AF
ORO,D,15,STORAGE,20100805 0000,20100806 0000,2351935, ,AF
ORO,D,15,STORAGE,20100806 0000,20100807 0000,2342112, ,AF
ORO,D,15,STORAGE,20100807 0000,20100808 0000,2327255, ,AF
ORO,D,15,STORAGE,20100808 0000,20100809 0000,2314222, ,AF
ORO,D,15,STORAGE,20100809 0000,20100810 0000,2303690, ,AF
ORO,D,15,STORAGE,20100810 0000,20100811 0000,2293310, ,AF
ORO,D,15,STORAGE,20100811 0000,20100812 0000,2283774, ,AF
ORO,D,15,STORAGE,20100812 0000,20100813 0000,2271373, ,AF
ORO,D,15,STORAGE,20100813 0000,20100814 0000,2262594, ,AF
ORO,D,15,STORAGE,20100814 0000,20100815 0000,2251308, ,AF
ORO,D,15,STORAGE,20100815 0000,20100816 0000,2240635, ,AF
ORO,D,15,STORAGE,20100816 0000,20100817 0000,2231367, ,AF
ORO,D,15,STORAGE,20100817 0000,20100818 0000,2220191, ,AF
ORO,D,15,STORAGE,20100818 0000,20100819 0000,2206106, ,AF
ORO,D,15,STORAGE,20100819 0000,20100820 0000,2196374, ,AF
ORO,D,15,STORAGE,20100820 0000,20100821 0000,2183408, ,AF
ORO,D,15,STORAGE,20100821 0000,20100822 0000,2169488, ,AF
ORO,D,15,STORAGE,20100822 0000,20100823 0000,2155520, ,AF
ORO,D,15,STORAGE,20100823 0000,20100824 0000,2143946, ,AF
ORO,D,15,STORAGE,20100824 0000,20100825 0000,2129651, ,AF
ORO,D,15,STORAGE,20100825 0000,20100826 0000,2115314, ,AF
ORO,D,15,STORAGE,20100826 0000,20100827 0000,2102141, ,AF
ORO,D,15,STORAGE,20100827 0000,20100828 0000,2091098, ,AF
ORO,D,15,STORAGE,20100828 0000,20100829 0000,2078793, ,AF
ORO,D,15,STORAGE,20100829 0000,20100830 0000,2065675, ,AF
ORO,D,15,STORAGE,20100830 0000,20100831 0000,2052722, ,AF
ORO,D,15,STORAGE,20100831 0000,20100901 0000,2040149, ,AF
ORO,D,15,STORAGE,20100901 0000,20100902 0000,2028487, ,AF
ORO,D,15,STORAGE,20100902 0000,20100903 0000,2014746, ,AF
ORO,D,15,STORAGE,20100903 0000,20100904 0000,1999485, ,AF
ORO,D,15,STORAGE,20100904 0000,20100905 0000,1988410, ,AF
ORO,D,15,STORAGE,20100905 0000,20100906 0000,1976961, ,AF
ORO,D,15,STORAGE,20100906 0000,20100907 0000,1965767, ,AF
ORO,D,15,STORAGE,20100907 0000,20100908 0000,1954515, ,AF
ORO,D,15,STORAGE,20100908 0000,20100909 0000,1940620, ,AF
ORO,D,15,STORAGE,20100909 0000,20100910 0000,1928546, ,AF
ORO,D,15,STORAGE,20100910 0000,20100911 0000,1918577, ,AF
ORO,D,15,STORAGE,20100911 0000,20100912 0000,1906092, ,AF
ORO,D,15,STORAGE,20100912 0000,20100913 0000,1894073, ,AF
ORO,D,15,STORAGE,20100913 0000,20100914 0000,1885247, ,AF
ORO,D,15,STORAGE,20100914 0000,20100915 0000,1872618, ,AF
ORO,D,15,STORAGE,20100915 0000,20100916 0000,1863262, ,AF
ORO,D,15,STORAGE,20100916 0000,20100917 0000,1858144, ,AF
ORO,D,15,STORAGE,20100917 0000,20100918 0000,1850338, ,AF
ORO,D,15,STORAGE,20100918 0000,20100919 0000,1842156, ,AF
ORO,D,15,STORAGE,20100919 0000,20100920 0000,1837577, ,AF
ORO,D,15,STORAGE,20100920 0000,20100921 0000,1829337, ,AF
ORO,D,15,STORAGE,20100921 0000,20100922 0000,1826167, ,AF
ORO,D,15,STORAGE,20100922 0000,20100923 0000,1821123, ,AF
ORO,D,15,STORAGE,20100923 0000,20100924 0000,1810476, ,AF
ORO,D,15,STORAGE,20100924 0000,20100925 0000,1802127, ,AF
ORO,D,15,STORAGE,20100925 0000,20100926 0000,1793806, ,AF
ORO,D,15,STORAGE,20100926 0000,20100927 0000,1786683, ,AF
ORO,D,15,STORAGE,20100927 0000,20100928 0000,1778608, ,AF
ORO,D,15,STORAGE,20100928 0000,20100929 0000,1770257, ,AF
ORO,D,15,STORAGE,20100929 0000,20100930 0000,1760585, ,AF
ORO,D,15,STORAGE,20100930 0000,20101001 0000,1755185, ,AF
ORO,D,15,STORAGE,20101001 0000,20101002 0000,1749893, ,AF
ORO,D,15,STORAGE,20101002 0000,20101003 0000,1745188, ,AF
ORO,D,15,STORAGE,20101003 0000,20101004 0000,1743750, ,AF
ORO,D,15,STORAGE,20101004 0000,20101005 0000,1740875, ,AF
ORO,D,15,STORAGE,20101005 0000,20101006 0000,1740013, ,AF
ORO,D,15,STORAGE,20101006 0000,20101007 0000,1739822, ,AF
ORO,D,15,STORAGE,20101007 0000,20101008 0000,1740684, ,AF
ORO,D,15,STORAGE,20101008 0000,20101009 0000,1737335, ,AF
ORO,D,15,STORAGE,20101009 0000,20101010 0000,1734372, ,AF
ORO,D,15,STORAGE,20101010 0000,20101011 0000,1732654, ,AF
ORO,D,15,STORAGE,20101011 0000,20101012 0000,1729124, ,AF
ORO,D,15,STORAGE,20101012 0000,20101013 0000,1724840, ,AF
ORO,D,15,STORAGE,20101013 0000,20101014 0000,1719518, ,AF
ORO,D,15,STORAGE,20101014 0000,20101015 0000,1714777, ,AF
ORO,D,15,STORAGE,20101015 0000,20101016 0000,1704283, ,AF
ORO,D,15,STORAGE,20101016 0000,20101017 0000,1697501, ,AF
ORO,D,15,STORAGE,20101017 0000,20101018 0000,1697407, ,AF
ORO,D,15,STORAGE,20101018 0000,20101019 0000,1694775, ,AF
ORO,D,15,STORAGE,20101019 0000,20101020 0000,1692802, ,AF
ORO,D,15,STORAGE,20101020 0000,20101021 0000,1686240, ,AF
ORO,D,15,STORAGE,20101021 0000,20101022 0000,1685117, ,AF
ORO,D,15,STORAGE,20101022 0000,20101023 0000,1683059, ,AF
ORO,D,15,STORAGE,20101023 0000,20101024 0000,1682030, ,AF
ORO,D,15,STORAGE,20101024 0000,20101025 0000,1699665, ,AF
ORO,D,15,STORAGE,20101025 0000,20101026 0000,1706642, ,AF
ORO,D,15,STORAGE,20101026 0000,20101027 0000,1705698, ,AF
ORO,D,15,STORAGE,20101027 0000,20101028 0000,1703623, ,AF
ORO,D,15,STORAGE,20101028 0000,20101029 0000,1701172, ,AF
ORO,D,15,STORAGE,20101029 0000,20101030 0000,1701549, ,AF
ORO,D,15,STORAGE,20101030 0000,20101031 0000,1702209, ,AF
ORO,D,15,STORAGE,20101031 0000,20101101 0000,1701643, ,AF
ORO,D,15,STORAGE,20101101 0000,20101102 0000,1696748, ,AF
ORO,D,15,STORAGE,20101102 0000,20101103 0000,1696842, ,AF
ORO,D,15,STORAGE,20101103 0000,20101104 0000,1694868, ,AF
ORO,D,15,STORAGE,20101104 0000,20101105 0000,1693741, ,AF
ORO,D,15,STORAGE,20101105 0000,20101106 0000,1690269, ,AF
ORO,D,15,STORAGE,20101106 0000,20101107 0000,1685959, ,AF
ORO,D,15,STORAGE,20101107 0000,20101108 0000,1686240, ,AF
ORO,D,15,STORAGE,20101108 0000,20101109 0000,1690456, ,AF
ORO,D,15,STORAGE,20101109 0000,20101110 0000,1686895, ,AF
ORO,D,15,STORAGE,20101110 0000,20101111 0000,1683713, ,AF
ORO,D,15,STORAGE,20101111 0000,20101112 0000,1679228, ,AF
ORO,D,15,STORAGE,20101112 0000,20101113 0000,1675591, ,AF
ORO,D,15,STORAGE,20101113 0000,20101114 0000,1671493, ,AF
ORO,D,15,STORAGE,20101114 0000,20101115 0000,1667868, ,AF
ORO,D,15,STORAGE,20101115 0000,20101116 0000,1665824, ,AF
ORO,D,15,STORAGE,20101116 0000,20101117 0000,1664804, ,AF
ORO,D,15,STORAGE,20101117 0000,20101118 0000,1665824, ,AF
ORO,D,15,STORAGE,20101118 0000,20101119 0000,1667403, ,AF
ORO,D,15,STORAGE,20101119 0000,20101120 0000,1667403, ,AF
ORO,D,15,STORAGE,20101120 0000,20101121 0000,1663969, ,AF
ORO,D,15,STORAGE,20101121 0000,20101122 0000,1659521, ,AF
ORO,D,15,STORAGE,20101122 0000,20101123 0000,1657023, ,AF
ORO,D,15,STORAGE,20101123 0000,20101124 0000,1653697, ,AF
ORO,D,15,STORAGE,20101124 0000,20101125 0000,1651850, ,AF
ORO,D,15,STORAGE,20101125 0000,20101126 0000,1647242, ,AF
ORO,D,15,STORAGE,20101126 0000,20101127 0000,1645309, ,AF
ORO,D,15,STORAGE,20101127 0000,20101128 0000,1642918, ,AF
ORO,D,15,STORAGE,20101128 0000,20101129 0000,1641723, ,AF
ORO,D,15,STORAGE,20101129 0000,20101130 0000,1638326, ,AF
ORO,D,15,STORAGE,20101130 0000,20101201 0000,1637776, ,AF
ORO,D,15,STORAGE,20101201 0000,20101202 0000,1634660, ,AF
ORO,D,15,STORAGE,20101202 0000,20101203 0000,1636126, ,AF
ORO,D,15,STORAGE,20101203 0000,20101204 0000,1635851, ,AF
ORO,D,15,STORAGE,20101204 0000,20101205 0000,1637501, ,AF
ORO,D,15,STORAGE,20101205 0000,20101206 0000,1639427, ,AF
ORO,D,15,STORAGE,20101206 0000,20101207 0000,1659151, ,AF
ORO,D,15,STORAGE,20101207 0000,20101208 0000,1670191, ,AF
ORO,D,15,STORAGE,20101208 0000,20101209 0000,1677083, ,AF
ORO,D,15,STORAGE,20101209 0000,20101210 0000,1686146, ,AF
ORO,D,15,STORAGE,20101210 0000,20101211 0000,1701643, ,AF
ORO,D,15,STORAGE,20101211 0000,20101212 0000,1715440, ,AF
ORO,D,15,STORAGE,20101212 0000,20101213 0000,1727029, ,AF
ORO,D,15,STORAGE,20101213 0000,20101214 0000,1735805, ,AF
ORO,D,15,STORAGE,20101214 0000,20101215 0000,1753452, ,AF
ORO,D,15,STORAGE,20101215 0000,20101216 0000,1770451, ,AF
ORO,D,15,STORAGE,20101216 0000,20101217 0000,1780065, ,AF
ORO,D,15,STORAGE,20101217 0000,20101218 0000,1788145, ,AF
ORO,D,15,STORAGE,20101218 0000,20101219 0000,1827356, ,AF
ORO,D,15,STORAGE,20101219 0000,20101220 0000,1896106, ,AF
ORO,D,15,STORAGE,20101220 0000,20101221 0000,1941758, ,AF
ORO,D,15,STORAGE,20101221 0000,20101222 0000,1974970, ,AF
ORO,D,15,STORAGE,20101222 0000,20101223 0000,2003292, ,AF
ORO,D,15,STORAGE,20101223 0000,20101224 0000,2027739, ,AF
ORO,D,15,STORAGE,20101224 0000,20101225 0000,2046375, ,AF
ORO,D,15,STORAGE,20101225 0000,20101226 0000,2063728, ,AF
ORO,D,15,STORAGE,20101226 0000,20101227 0000,2082273, ,AF
ORO,D,15,STORAGE,20101227 0000,20101228 0000,2099732, ,AF
ORO,D,15,STORAGE,20101228 0000,20101229 0000,2119608, ,AF
ORO,D,15,STORAGE,20101229 0000,20101230 0000,2147502, ,AF
ORO,D,15,STORAGE,20101230 0000,20101231 0000,2166018, ,AF
ORO,D,15,STORAGE,20101231 0000,20110101 0000,2180484, ,AF
ORO,D,15,STORAGE,20110101 0000,20110102 0000,2195132, ,AF
ORO,D,15,STORAGE,20110102 0000,20110103 0000,2209848, ,AF
ORO,D,15,STORAGE,20110103 0000,20110104 0000,2220760, ,AF
ORO,D,15,STORAGE,20110104 0000,20110105 0000,2227828, ,AF
ORO,D,15,STORAGE,20110105 0000,20110106 0000,2235140, ,AF
ORO,D,15,STORAGE,20110106 0000,20110107 0000,2240749, ,AF
ORO,D,15,STORAGE,20110107 0000,20110108 0000,2246828, ,AF
ORO,D,15,STORAGE,20110108 0000,20110109 0000,2253148, ,AF
ORO,D,15,STORAGE,20110109 0000,20110110 0000,2259366, ,AF
ORO,D,15,STORAGE,20110110 0000,20110111 0000,2265364, ,AF
ORO,D,15,STORAGE,20110111 0000,20110112 0000,2270795, ,AF
ORO,D,15,STORAGE,20110112 0000,20110113 0000,2277626, ,AF
ORO,D,15,STORAGE,20110113 0000,20110114 0000,2285865, ,AF
ORO,D,15,STORAGE,20110114 0000,20110115 0000,2295990, ,AF
ORO,D,15,STORAGE,20110115 0000,20110116 0000,2303924, ,AF
ORO,D,15,STORAGE,20110116 0000,20110117 0000,2313518, ,AF
ORO,D,15,STORAGE,20110117 0000,20110118 0000,2323728, ,AF
ORO,D,15,STORAGE,20110118 0000,20110119 0000,2332318, ,AF
ORO,D,15,STORAGE,20110119 0000,20110120 0000,2343412, ,AF
ORO,D,15,STORAGE,20110120 0000,20110121 0000,2352291, ,AF
ORO,D,15,STORAGE,20110121 0000,20110122 0000,2360598, ,AF
ORO,D,15,STORAGE,20110122 0000,20110123 0000,2369759, ,AF
ORO,D,15,STORAGE,20110123 0000,20110124 0000,2378468, ,AF
ORO,D,15,STORAGE,20110124 0000,20110125 0000,2386480, ,AF
ORO,D,15,STORAGE,20110125 0000,20110126 0000,2392951, ,AF
ORO,D,15,STORAGE,20110126 0000,20110127 0000,2399074, ,AF
ORO,D,15,STORAGE,20110127 0000,20110128 0000,2405930, ,AF
ORO,D,15,STORAGE,20110128 0000,20110129 0000,2412920, ,AF
ORO,D,15,STORAGE,20110129 0000,20110130 0000,2419803, ,AF
ORO,D,15,STORAGE,20110130 0000,20110131 0000,2430783, ,AF
ORO,D,15,STORAGE,20110131 0000,20110201 0000,2439164, ,AF
ORO,D,15,STORAGE,20110201 0000,20110202 0000,2447443, ,AF
ORO,D,15,STORAGE,20110202 0000,20110203 0000,2454766, ,AF
ORO,D,15,STORAGE,20110203 0000,20110204 0000,2461123, ,AF
ORO,D,15,STORAGE,20110204 0000,20110205 0000,2467493, ,AF
ORO,D,15,STORAGE,20110205 0000,20110206 0000,2474488, ,AF
ORO,D,15,STORAGE,20110206 0000,20110207 0000,2481375, ,AF
ORO,D,15,STORAGE,20110207 0000,20110208 0000,2483221, ,AF
ORO,D,15,STORAGE,20110208 0000,20110209 0000,2488398, ,AF
ORO,D,15,STORAGE,20110209 0000,20110210 0000,2492100, ,AF
ORO,D,15,STORAGE,20110210 0000,20110211 0000,2494694, ,AF
ORO,D,15,STORAGE,20110211 0000,20110212 0000,2497907, ,AF
ORO,D,15,STORAGE,20110212 0000,20110213 0000,2502486, ,AF
ORO,D,15,STORAGE,20110213 0000,20110214 0000,2507566, ,AF
ORO,D,15,STORAGE,20110214 0000,20110215 0000,2512902, ,AF
ORO,D,15,STORAGE,20110215 0000,20110216 0000,2527835, ,AF
ORO,D,15,STORAGE,20110216 0000,20110217 0000,2554620, ,AF
ORO,D,15,STORAGE,20110217 0000,20110218 0000,2573259, ,AF
ORO,D,15,STORAGE,20110218 0000,20110219 0000,2588062, ,AF
ORO,D,15,STORAGE,20110219 0000,20110220 0000,2602414, ,AF
ORO,D,15,STORAGE,20110220 0000,20110221 0000,2613248, ,AF
ORO,D,15,STORAGE,20110221 0000,20110222 0000,2622704, ,AF
ORO,D,15,STORAGE,20110222 0000,20110223 0000,2630132, ,AF
ORO,D,15,STORAGE,20110223 0000,20110224 0000,2637575, ,AF
ORO,D,15,STORAGE,20110224 0000,20110225 0000,2645806, ,AF
ORO,D,15,STORAGE,20110225 0000,20110226 0000,2659863, ,AF
ORO,D,15,STORAGE,20110226 0000,20110227 0000,2669308, ,AF
ORO,D,15,STORAGE,20110227 0000,20110228 0000,2677098, ,AF
ORO,D,15,STORAGE,20110228 0000,20110301 0000,2684110, ,AF
ORO,D,15,STORAGE,20110301 0000,20110302 0000,2690352, ,AF
ORO,D,15,STORAGE,20110302 0000,20110303 0000,2702737, ,AF
ORO,D,15,STORAGE,20110303 0000,20110304 0000,2717520, ,AF
ORO,D,15,STORAGE,20110304 0000,20110305 0000,2732228, ,AF
ORO,D,15,STORAGE,20110305 0000,20110306 0000,2744484, ,AF
ORO,D,15,STORAGE,20110306 0000,20110307 0000,2765128, ,AF
ORO,D,15,STORAGE,20110307 0000,20110308 0000,2787881, ,AF
ORO,D,15,STORAGE,20110308 0000,20110309 0000,2806473, ,AF
ORO,D,15,STORAGE,20110309 0000,20110310 0000,2826769, ,AF
ORO,D,15,STORAGE,20110310 0000,20110311 0000,2846761, ,AF
ORO,D,15,STORAGE,20110311 0000,20110312 0000,2869030, ,AF
ORO,D,15,STORAGE,20110312 0000,20110313 0000,2891422, ,AF
ORO,D,15,STORAGE,20110313 0000,20110314 0000,2912836, ,AF
ORO,D,15,STORAGE,20110314 0000,20110315 0000,2944056, ,AF
ORO,D,15,STORAGE,20110315 0000,20110316 0000,2973695, ,AF
ORO,D,15,STORAGE,20110316 0000,20110317 0000,3010158, ,AF
ORO,D,15,STORAGE,20110317 0000,20110318 0000,3020452, ,AF
ORO,D,15,STORAGE,20110318 0000,20110319 0000,3018194, ,AF
ORO,D,15,STORAGE,20110319 0000,20110320 0000,2994553, ,AF
ORO,D,15,STORAGE,20110320 0000,20110321 0000,2972158, ,AF
ORO,D,15,STORAGE,20110321 0000,20110322 0000,2945165, ,AF
ORO,D,15,STORAGE,20110322 0000,20110323 0000,2916690, ,AF
ORO,D,15,STORAGE,20110323 0000,20110324 0000,2891696, ,AF
ORO,D,15,STORAGE,20110324 0000,20110325 0000,2871891, ,AF
ORO,D,15,STORAGE,20110325 0000,20110326 0000,2855437, ,AF
ORO,D,15,STORAGE,20110326 0000,20110327 0000,2855301, ,AF
ORO,D,15,STORAGE,20110327 0000,20110328 0000,2849200, ,AF
ORO,D,15,STORAGE,20110328 0000,20110329 0000,2840537, ,AF
ORO,D,15,STORAGE,20110329 0000,20110330 0000,2837294, ,AF
ORO,D,15,STORAGE,20110330 0000,20110331 0000,2837834, ,AF
ORO,D,15,STORAGE,20110331 0000,20110401 0000,2839996, ,AF
ORO,D,15,STORAGE,20110401 0000,20110402 0000,2847574, ,AF
ORO,D,15,STORAGE,20110402 0000,20110403 0000,2863588, ,AF
ORO,D,15,STORAGE,20110403 0000,20110404 0000,2881030, ,AF
ORO,D,15,STORAGE,20110404 0000,20110405 0000,2894162, ,AF
ORO,D,15,STORAGE,20110405 0000,20110406 0000,2910909, ,AF
ORO,D,15,STORAGE,20110406 0000,20110407 0000,2926069, ,AF
ORO,D,15,STORAGE,20110407 0000,20110408 0000,2939760, ,AF
ORO,D,15,STORAGE,20110408 0000,20110409 0000,2949744, ,AF
ORO,D,15,STORAGE,20110409 0000,20110410 0000,2956553, ,AF
ORO,D,15,STORAGE,20110410 0000,20110411 0000,2965882, ,AF
ORO,D,15,STORAGE,20110411 0000,20110412 0000,2978026, ,AF
ORO,D,15,STORAGE,20110412 0000,20110413 0000,2991607, ,AF
ORO,D,15,STORAGE,20110413 0000,20110414 0000,3006780, ,AF
ORO,D,15,STORAGE,20110414 0000,20110415 0000,3022571, ,AF
ORO,D,15,STORAGE,20110415 0000,20110416 0000,3033321, ,AF
ORO,D,15,STORAGE,20110416 0000,20110417 0000,3042677, ,AF
ORO,D,15,STORAGE,20110417 0000,20110418 0000,3060740, ,AF
ORO,D,15,STORAGE,20110418 0000,20110419 0000,3094792, ,AF
ORO,D,15,STORAGE,20110419 0000,20110420 0000,3126941, ,AF
ORO,D,15,STORAGE,20110420 0000,20110421 0000,3151172, ,AF
ORO,D,15,STORAGE,20110421 0000,20110422 0000,3181830, ,AF
ORO,D,15,STORAGE,20110422 0000,20110423 0000,3207686, ,AF
ORO,D,15,STORAGE,20110423 0000,20110424 0000,3224514, ,AF
ORO,D,15,STORAGE,20110424 0000,20110425 0000,3243465, ,AF
ORO,D,15,STORAGE,20110425 0000,20110426 0000,3263262, ,AF
ORO,D,15,STORAGE,20110426 0000,20110427 0000,3279252, ,AF
ORO,D,15,STORAGE,20110427 0000,20110428 0000,3289143, ,AF
ORO,D,15,STORAGE,20110428 0000,20110429 0000,3297552, ,AF
ORO,D,15,STORAGE,20110429 0000,20110430 0000,3302966, ,AF
ORO,D,15,STORAGE,20110430 0000,20110501 0000,3305375, ,AF
ORO,D,15,STORAGE,20110501 0000,20110502 0000,3307182, ,AF
ORO,D,15,STORAGE,20110502 0000,20110503 0000,3307483, ,AF
ORO,D,15,STORAGE,20110503 0000,20110504 0000,3310044, ,AF
ORO,D,15,STORAGE,20110504 0000,20110505 0000,3312456, ,AF
ORO,D,15,STORAGE,20110505 0000,20110506 0000,3315021, ,AF
ORO,D,15,STORAGE,20110506 0000,20110507 0000,3320908, ,AF
ORO,D,15,STORAGE,20110507 0000,20110508 0000,3328165, ,AF
ORO,D,15,STORAGE,20110508 0000,20110509 0000,3336797, ,AF
ORO,D,15,STORAGE,20110509 0000,20110510 0000,3342560, ,AF
ORO,D,15,STORAGE,20110510 0000,20110511 0000,3343470, ,AF
ORO,D,15,STORAGE,20110511 0000,20110512 0000,3342409, ,AF
ORO,D,15,STORAGE,20110512 0000,20110513 0000,3340588, ,AF
ORO,D,15,STORAGE,20110513 0000,20110514 0000,3341649, ,AF
ORO,D,15,STORAGE,20110514 0000,20110515 0000,3342864, ,AF
ORO,D,15,STORAGE,20110515 0000,20110516 0000,3342257, ,AF
ORO,D,15,STORAGE,20110516 0000,20110517 0000,3336797, ,AF
ORO,D,15,STORAGE,20110517 0000,20110518 0000,3334827, ,AF
ORO,D,15,STORAGE,20110518 0000,20110519 0000,3336038, ,AF
ORO,D,15,STORAGE,20110519 0000,20110520 0000,3336342, ,AF
ORO,D,15,STORAGE,20110520 0000,20110521 0000,3336342, ,AF
ORO,D,15,STORAGE,20110521 0000,20110522 0000,3334524, ,AF
ORO,D,15,STORAGE,20110522 0000,20110523 0000,3336342, ,AF
ORO,D,15,STORAGE,20110523 0000,20110524 0000,3340588, ,AF
ORO,D,15,STORAGE,20110524 0000,20110525 0000,3347419, ,AF
ORO,D,15,STORAGE,20110525 0000,20110526 0000,3361569, ,AF
ORO,D,15,STORAGE,20110526 0000,20110527 0000,3377444, ,AF
ORO,D,15,STORAGE,20110527 0000,20110528 0000,3386780, ,AF
ORO,D,15,STORAGE,20110528 0000,20110529 0000,3393065, ,AF
ORO,D,15,STORAGE,20110529 0000,20110530 0000,3394907, ,AF
ORO,D,15,STORAGE,20110530 0000,20110531 0000,3397055, ,AF
ORO,D,15,STORAGE,20110531 0000,20110601 0000,3399667, ,AF
ORO,D,15,STORAGE,20110601 0000,20110602 0000,3404584, ,AF
ORO,D,15,STORAGE,20110602 0000,20110603 0000,3409662, ,AF
ORO,D,15,STORAGE,20110603 0000,20110604 0000,3415361, ,AF
ORO,D,15,STORAGE,20110604 0000,20110605 0000,3420759, ,AF
ORO,D,15,STORAGE,20110605 0000,20110606 0000,3426471, ,AF
ORO,D,15,STORAGE,20110606 0000,20110607 0000,3437916, ,AF
ORO,D,15,STORAGE,20110607 0000,20110608 0000,3454824, ,AF
ORO,D,15,STORAGE,20110608 0000,20110609 0000,3470388, ,AF
ORO,D,15,STORAGE,20110609 0000,20110610 0000,3481470, ,AF
ORO,D,15,STORAGE,20110610 0000,20110611 0000,3489288, ,AF
ORO,D,15,STORAGE,20110611 0000,20110612 0000,3495239, ,AF
ORO,D,15,STORAGE,20110612 0000,20110613 0000,3501824, ,AF
ORO,D,15,STORAGE,20110613 0000,20110614 0000,3509361, ,AF
ORO,D,15,STORAGE,20110614 0000,20110615 0000,3514864, ,AF
ORO,D,15,STORAGE,20110615 0000,20110616 0000,3516280, ,AF
ORO,D,15,STORAGE,20110616 0000,20110617 0000,3516280, ,AF
ORO,D,15,STORAGE,20110617 0000,20110618 0000,3517067, ,AF
ORO,D,15,STORAGE,20110618 0000,20110619 0000,3517381, ,AF
ORO,D,15,STORAGE,20110619 0000,20110620 0000,3516280, ,AF
ORO,D,15,STORAGE,20110620 0000,20110621 0000,3515493, ,AF
ORO,D,15,STORAGE,20110621 0000,20110622 0000,3517224, ,AF
ORO,D,15,STORAGE,20110622 0000,20110623 0000,3522106, ,AF
ORO,D,15,STORAGE,20110623 0000,20110624 0000,3531251, ,AF
ORO,D,15,STORAGE,20110624 0000,20110625 0000,3537738, ,AF
ORO,D,15,STORAGE,20110625 0000,20110626 0000,3539160, ,AF
ORO,D,15,STORAGE,20110626 0000,20110627 0000,3537580, ,AF
ORO,D,15,STORAGE,20110627 0000,20110628 0000,3534884, ,AF
ORO,D,15,STORAGE,20110628 0000,20110629 0000,3531725, ,AF
ORO,D,15,STORAGE,20110629 0000,20110630 0000,3524785, ,AF
ORO,D,15,STORAGE,20110630 0000,20110701 0000,3515021, ,AF
ORO,D,15,STORAGE,20110701 0000,20110702 0000,3516909, ,AF
ORO,D,15,STORAGE,20110702 0000,20110703 0000,3518483, ,AF
ORO,D,15,STORAGE,20110703 0000,20110704 0000,3519271, ,AF
ORO,D,15,STORAGE,20110704 0000,20110705 0000,3521318, ,AF
ORO,D,15,STORAGE,20110705 0000,20110706 0000,3524469, ,AF
ORO,D,15,STORAGE,20110706 0000,20110707 0000,3527623, ,AF
ORO,D,15,STORAGE,20110707 0000,20110708 0000,3527938, ,AF
ORO,D,15,STORAGE,20110708 0000,20110709 0000,3527307, ,AF
ORO,D,15,STORAGE,20110709 0000,20110710 0000,3531567, ,AF
ORO,D,15,STORAGE,20110710 0000,20110711 0000,3534251, ,AF
ORO,D,15,STORAGE,20110711 0000,20110712 0000,3531883, ,AF
ORO,D,15,STORAGE,20110712 0000,20110713 0000,3530148, ,AF
ORO,D,15,STORAGE,20110713 0000,20110714 0000,3530620, ,AF
ORO,D,15,STORAGE,20110714 0000,20110715 0000,3529200, ,AF
ORO,D,15,STORAGE,20110715 0000,20110716 0000,3530148, ,AF
ORO,D,15,STORAGE,20110716 0000,20110717 0000,3529516, ,AF
ORO,D,15,STORAGE,20110717 0000,20110718 0000,3528727, ,AF
ORO,D,15,STORAGE,20110718 0000,20110719 0000,3527623, ,AF
ORO,D,15,STORAGE,20110719 0000,20110720 0000,3527465, ,AF
ORO,D,15,STORAGE,20110720 0000,20110721 0000,3526834, ,AF
ORO,D,15,STORAGE,20110721 0000,20110722 0000,3525415, ,AF
ORO,D,15,STORAGE,20110722 0000,20110723 0000,3524627, ,AF
ORO,D,15,STORAGE,20110723 0000,20110724 0000,3522578, ,AF
ORO,D,15,STORAGE,20110724 0000,20110725 0000,3522420, ,AF
ORO,D,15,STORAGE,20110725 0000,20110726 0000,3528253, ,AF
ORO,D,15,STORAGE,20110726 0000,20110727 0000,3523524, ,AF
ORO,D,15,STORAGE,20110727 0000,20110728 0000,3519114, ,AF
ORO,D,15,STORAGE,20110728 0000,20110729 0000,3514392, ,AF
ORO,D,15,STORAGE,20110729 0000,20110730 0000,3510147, ,AF
ORO,D,15,STORAGE,20110730 0000,20110731 0000,3505120, ,AF
ORO,D,15,STORAGE,20110731 0000,20110801 0000,3499471, ,AF
ORO,D,15,STORAGE,20110801 0000,20110802 0000,3495865, ,AF
ORO,D,15,STORAGE,20110802 0000,20110803 0000,3490227, ,AF
ORO,D,15,STORAGE,20110803 0000,20110804 0000,3484282, ,AF
ORO,D,15,STORAGE,20110804 0000,20110805 0000,3480064, ,AF
ORO,D,15,STORAGE,20110805 0000,20110806 0000,3473976, ,AF
ORO,D,15,STORAGE,20110806 0000,20110807 0000,3467116, ,AF
ORO,D,15,STORAGE,20110807 0000,20110808 0000,3462756, ,AF
ORO,D,15,STORAGE,20110808 0000,20110809 0000,3454980, ,AF
ORO,D,15,STORAGE,20110809 0000,20110810 0000,3450786, ,AF
ORO,D,15,STORAGE,20110810 0000,20110811 0000,3446130, ,AF
ORO,D,15,STORAGE,20110811 0000,20110812 0000,3438690, ,AF
ORO,D,15,STORAGE,20110812 0000,20110813 0000,3435130, ,AF
ORO,D,15,STORAGE,20110813 0000,20110814 0000,3432500, ,AF
ORO,D,15,STORAGE,20110814 0000,20110815 0000,3428634, ,AF
ORO,D,15,STORAGE,20110815 0000,20110816 0000,3425699, ,AF
ORO,D,15,STORAGE,20110816 0000,20110817 0000,3422611, ,AF
ORO,D,15,STORAGE,20110817 0000,20110818 0000,3416748, ,AF
ORO,D,15,STORAGE,20110818 0000,20110819 0000,3408892, ,AF
ORO,D,15,STORAGE,20110819 0000,20110819 0000,3401361, ,AF
ORO,D,15,STORAGE,20110820 0000,20110821 0000,3394600, ,AF
ORO,D,15,STORAGE,20110821 0000,20110822 0000,3387699, ,AF
ORO,D,15,STORAGE,20110822 0000,20110823 0000,3380656, ,AF
ORO,D,15,STORAGE,20110823 0000,20110824 0000,3373318, ,AF
ORO,D,15,STORAGE,20110824 0000,20110825 0000,3365228, ,AF
ORO,D,15,STORAGE,20110825 0000,20110826 0000,3358675, ,AF
ORO,D,15,STORAGE,20110826 0000,20110827 0000,3351066, ,AF
ORO,D,15,STORAGE,20110827 0000,20110828 0000,3341346, ,AF
ORO,D,15,STORAGE,20110828 0000,20110829 0000,3332403, ,AF
ORO,D,15,STORAGE,20110829 0000,20110830 0000,3324988, ,AF
ORO,D,15,STORAGE,20110830 0000,20110831 0000,3316529, ,AF
ORO,D,15,STORAGE,20110831 0000,20110901 0000,3308537, ,AF
ORO,D,15,STORAGE,20110901 0000,20110902 0000,3301612, ,AF
ORO,D,15,STORAGE,20110902 0000,20110903 0000,3292145, ,AF
ORO,D,15,STORAGE,20110903 0000,20110904 0000,3281498, ,AF
ORO,D,15,STORAGE,20110904 0000,20110905 0000,3270728, ,AF
ORO,D,15,STORAGE,20110905 0000,20110906 0000,3260726, ,AF
ORO,D,15,STORAGE,20110906 0000,20110907 0000,3250452, ,AF
ORO,D,15,STORAGE,20110907 0000,20110908 0000,3240644, ,AF
ORO,D,15,STORAGE,20110908 0000,20110909 0000,3229692, ,AF
ORO,D,15,STORAGE,20110909 0000,20110910 0000,3225105, ,AF
ORO,D,15,STORAGE,20110910 0000,20110911 0000,3220965, ,AF
ORO,D,15,STORAGE,20110911 0000,20110912 0000,3215501, ,AF
ORO,D,15,STORAGE,20110912 0000,20110913 0000,3207096, ,AF
ORO,D,15,STORAGE,20110913 0000,20110914 0000,3199884, ,AF
ORO,D,15,STORAGE,20110914 0000,20110915 0000,3191362, ,AF
ORO,D,15,STORAGE,20110915 0000,20110916 0000,3180365, ,AF
ORO,D,15,STORAGE,20110916 0000,20110917 0000,3168957, ,AF
ORO,D,15,STORAGE,20110917 0000,20110918 0000,3164577, ,AF
ORO,D,15,STORAGE,20110918 0000,20110919 0000,3159764, ,AF
ORO,D,15,STORAGE,20110919 0000,20110920 0000,3150881, ,AF
ORO,D,15,STORAGE,20110920 0000,20110921 0000,3142887, ,AF
ORO,D,15,STORAGE,20110921 0000,20110922 0000,3134906, ,AF
ORO,D,15,STORAGE,20110922 0000,20110923 0000,3127086, ,AF
ORO,D,15,STORAGE,20110923 0000,20110924 0000,3119568, ,AF
ORO,D,15,STORAGE,20110924 0000,20110925 0000,3112928, ,AF
ORO,D,15,STORAGE,20110925 0000,20110926 0000,3106731, ,AF
ORO,D,15,STORAGE,20110926 0000,20110927 0000,3097953, ,AF
ORO,D,15,STORAGE,20110927 0000,20110928 0000,3084606, ,AF
ORO,D,15,STORAGE,20110928 0000,20110929 0000,3072013, ,AF
ORO,D,15,STORAGE,20110929 0000,20110930 0000,3057747, ,AF
ORO,D,15,STORAGE,20110930 0000,20111001 0000,3044665, ,AF
ORO,D,15,STORAGE,20111001 0000,20111002 0000,3033887, ,AF
ORO,D,15,STORAGE,20111002 0000,20111003 0000,3020171, ,AF
ORO,D,15,STORAGE,20111003 0000,20111004 0000,3010582, ,AF
ORO,D,15,STORAGE,20111004 0000,20111005 0000,2997361, ,AF
ORO,D,15,STORAGE,20111005 0000,20111006 0000,2989083, ,AF
ORO,D,15,STORAGE,20111006 0000,20111007 0000,2976628, ,AF
ORO,D,15,STORAGE,20111007 0000,20111008 0000,2967136, ,AF
ORO,D,15,STORAGE,20111008 0000,20111009 0000,2957945, ,AF
ORO,D,15,STORAGE,20111009 0000,20111010 0000,2955580, ,AF
ORO,D,15,STORAGE,20111010 0000,20111011 0000,2952383, ,AF
ORO,D,15,STORAGE,20111011 0000,20111012 0000,2948217, ,AF
ORO,D,15,STORAGE,20111012 0000,20111013 0000,2945303, ,AF
ORO,D,15,STORAGE,20111013 0000,20111014 0000,2944471, ,AF
ORO,D,15,STORAGE,20111014 0000,20111015 0000,2942253, ,AF
ORO,D,15,STORAGE,20111015 0000,20111016 0000,2935190, ,AF
ORO,D,15,STORAGE,20111016 0000,20111017 0000,2934638, ,AF
ORO,D,15,STORAGE,20111017 0000,20111018 0000,2933254, ,AF
ORO,D,15,STORAGE,20111018 0000,20111019 0000,2932010, ,AF
ORO,D,15,STORAGE,20111019 0000,20111020 0000,2929522, ,AF
ORO,D,15,STORAGE,20111020 0000,20111021 0000,2926069, ,AF
ORO,D,15,STORAGE,20111021 0000,20111022 0000,2924136, ,AF
ORO,D,15,STORAGE,20111022 0000,20111023 0000,2921791, ,AF
ORO,D,15,STORAGE,20111023 0000,20111024 0000,2918896, ,AF
ORO,D,15,STORAGE,20111024 0000,20111025 0000,2917793, ,AF
ORO,D,15,STORAGE,20111025 0000,20111026 0000,2916554, ,AF
ORO,D,15,STORAGE,20111026 0000,20111027 0000,2913662, ,AF
ORO,D,15,STORAGE,20111027 0000,20111028 0000,2908159, ,AF
ORO,D,15,STORAGE,20111028 0000,20111029 0000,2903763, ,AF
ORO,D,15,STORAGE,20111029 0000,20111030 0000,2901841, ,AF
ORO,D,15,STORAGE,20111030 0000,20111031 0000,2898411, ,AF
ORO,D,15,STORAGE,20111031 0000,20111031 0000,2895802, ,AF
ORO,D,15,STORAGE,20111101 0000,20111102 0000,2894299, ,AF
ORO,D,15,STORAGE,20111102 0000,20111103 0000,2890875, ,AF
ORO,D,15,STORAGE,20111103 0000,20111104 0000,2891286, ,AF
ORO,D,15,STORAGE,20111104 0000,20111105 0000,2888548, ,AF
ORO,D,15,STORAGE,20111105 0000,20111106 0000,2887864, ,AF
ORO,D,15,STORAGE,20111106 0000,20111107 0000,2886907, ,AF
ORO,D,15,STORAGE,20111107 0000,20111108 0000,2884856, ,AF
ORO,D,15,STORAGE,20111108 0000,20111109 0000,2879256, ,AF
ORO,D,15,STORAGE,20111109 0000,20111110 0000,2876799, ,AF
ORO,D,15,STORAGE,20111110 0000,20111111 0000,2868214, ,AF
ORO,D,15,STORAGE,20111111 0000,20111112 0000,2861140, ,AF
ORO,D,15,STORAGE,20111112 0000,20111113 0000,2855437, ,AF
ORO,D,15,STORAGE,20111113 0000,20111114 0000,2848522, ,AF
ORO,D,15,STORAGE,20111114 0000,20111115 0000,2839185, ,AF
ORO,D,15,STORAGE,20111115 0000,20111116 0000,2835538, ,AF
ORO,D,15,STORAGE,20111116 0000,20111117 0000,2829060, ,AF
ORO,D,15,STORAGE,20111117 0000,20111118 0000,2825422, ,AF
ORO,D,15,STORAGE,20111118 0000,20111119 0000,2820441, ,AF
ORO,D,15,STORAGE,20111119 0000,20111120 0000,2820037, ,AF
ORO,D,15,STORAGE,20111120 0000,20111121 0000,2817079, ,AF
ORO,D,15,STORAGE,20111121 0000,20111122 0000,2817079, ,AF
ORO,D,15,STORAGE,20111122 0000,20111123 0000,2814794, ,AF
ORO,D,15,STORAGE,20111123 0000,20111124 0000,2813586, ,AF
ORO,D,15,STORAGE,20111124 0000,20111125 0000,2814122, ,AF
ORO,D,15,STORAGE,20111125 0000,20111126 0000,2814526, ,AF
ORO,D,15,STORAGE,20111126 0000,20111127 0000,2814391, ,AF
ORO,D,15,STORAGE,20111127 0000,20111128 0000,2814660, ,AF
ORO,D,15,STORAGE,20111128 0000,20111129 0000,2810497, ,AF
ORO,D,15,STORAGE,20111129 0000,20111130 0000,2808754, ,AF
ORO,D,15,STORAGE,20111130 0000,20111201 0000,2806607, ,AF
ORO,D,15,STORAGE,20111201 0000,20111202 0000,2801918, ,AF
ORO,D,15,STORAGE,20111202 0000,20111203 0000,2796430, ,AF
ORO,D,15,STORAGE,20111203 0000,20111204 0000,2791887, ,AF
ORO,D,15,STORAGE,20111204 0000,20111205 0000,2788282, ,AF
ORO,D,15,STORAGE,20111205 0000,20111206 0000,2779350, ,AF
ORO,D,15,STORAGE,20111206 0000,20111207 0000,2767914, ,AF
ORO,D,15,STORAGE,20111207 0000,20111208 0000,2757043, ,AF
ORO,D,15,STORAGE,20111208 0000,20111209 0000,2742372, ,AF
ORO,D,15,STORAGE,20111209 0000,20111210 0000,2728809, ,AF
ORO,D,15,STORAGE,20111210 0000,20111211 0000,2712280, ,AF
ORO,D,15,STORAGE,20111211 0000,20111212 0000,2698430, ,AF
ORO,D,15,STORAGE,20111212 0000,20111213 0000,2686319, ,AF
ORO,D,15,STORAGE,20111213 0000,20111214 0000,2672677, ,AF
ORO,D,15,STORAGE,20111214 0000,20111215 0000,2659346, ,AF
ORO,D,15,STORAGE,20111215 0000,20111216 0000,2645548, ,AF
ORO,D,15,STORAGE,20111216 0000,20111217 0000,2629107, ,AF
ORO,D,15,STORAGE,20111217 0000,20111218 0000,2614524, ,AF
ORO,D,15,STORAGE,20111218 0000,20111219 0000,2602160, ,AF
ORO,D,15,STORAGE,20111219 0000,20111220 0000,2594532, ,AF
ORO,D,15,STORAGE,20111220 0000,20111221 0000,2586794, ,AF
ORO,D,15,STORAGE,20111221 0000,20111222 0000,2581349, ,AF
ORO,D,15,STORAGE,20111222 0000,20111223 0000,2573386, ,AF
ORO,D,15,STORAGE,20111223 0000,20111224 0000,2571114, ,AF
ORO,D,15,STORAGE,20111224 0000,20111225 0000,2566825, ,AF
ORO,D,15,STORAGE,20111225 0000,20111226 0000,2564810, ,AF
ORO,D,15,STORAGE,20111226 0000,20111227 0000,2560152, ,AF
ORO,D,15,STORAGE,20111227 0000,20111228 0000,2556882, ,AF
ORO,D,15,STORAGE,20111228 0000,20111229 0000,2553113, ,AF
ORO,D,15,STORAGE,20111229 0000,20111230 0000,2548720, ,AF
ORO,D,15,STORAGE,20111230 0000,20111231 0000,2546840, ,AF
ORO,D,15,STORAGE,20111231 0000,20120101 0000,2545085, ,AF
ORO,D,15,STORAGE,20120101 0000,20120102 0000,2541703, ,AF
ORO,D,15,STORAGE,20120102 0000,20120103 0000,2538200, ,AF
ORO,D,15,STORAGE,20120103 0000,20120104 0000,2534575, ,AF
ORO,D,15,STORAGE,20120104 0000,20120105 0000,2534450, ,AF
ORO,D,15,STORAGE,20120105 0000,20120106 0000,2531079, ,AF
ORO,D,15,STORAGE,20120106 0000,20120107 0000,2529956, ,AF
ORO,D,15,STORAGE,20120107 0000,20120108 0000,2525217, ,AF
ORO,D,15,STORAGE,20120108 0000,20120109 0000,2521108, ,AF
ORO,D,15,STORAGE,20120109 0000,20120110 0000,2517873, ,AF
ORO,D,15,STORAGE,20120110 0000,20120111 0000,2513647, ,AF
ORO,D,15,STORAGE,20120111 0000,20120112 0000,2510171, ,AF
ORO,D,15,STORAGE,20120112 0000,20120113 0000,2506202, ,AF
ORO,D,15,STORAGE,20120113 0000,20120114 0000,2501619, ,AF
ORO,D,15,STORAGE,20120114 0000,20120115 0000,2498154, ,AF
ORO,D,15,STORAGE,20120115 0000,20120116 0000,2495682, ,AF
ORO,D,15,STORAGE,20120116 0000,20120117 0000,2491482, ,AF
ORO,D,15,STORAGE,20120117 0000,20120118 0000,2485685, ,AF
ORO,D,15,STORAGE,20120118 0000,20120119 0000,2480883, ,AF
ORO,D,15,STORAGE,20120119 0000,20120120 0000,2477930, ,AF
ORO,D,15,STORAGE,20120120 0000,20120121 0000,2482976, ,AF
ORO,D,15,STORAGE,20120121 0000,20120122 0000,2500876, ,AF
ORO,D,15,STORAGE,20120122 0000,20120123 0000,2510916, ,AF
ORO,D,15,STORAGE,20120123 0000,20120124 0000,2520112, ,AF
ORO,D,15,STORAGE,20120124 0000,20120125 0000,2523972, ,AF
ORO,D,15,STORAGE,20120125 0000,20120126 0000,2526838, ,AF
ORO,D,15,STORAGE,20120126 0000,20120127 0000,2530205, ,AF
ORO,D,15,STORAGE,20120127 0000,20120128 0000,2534200, ,AF
ORO,D,15,STORAGE,20120128 0000,20120129 0000,2538325, ,AF
ORO,D,15,STORAGE,20120129 0000,20120130 0000,2541203, ,AF
ORO,D,15,STORAGE,20120130 0000,20120131 0000,2542580, ,AF
ORO,D,15,STORAGE,20120131 0000,20120201 0000,2544960, ,AF
ORO,D,15,STORAGE,20120201 0000,20120202 0000,2546742,r,AF
ORO,D,15,STORAGE,20120202 0000,20120203 0000,2547495,r,AF
ORO,D,15,STORAGE,20120203 0000,20120204 0000,2548344, ,AF
ORO,D,15,STORAGE,20120204 0000,20120205 0000,2550225, ,AF
ORO,D,15,STORAGE,20120205 0000,20120206 0000,2551606, ,AF
ORO,D,15,STORAGE,20120206 0000,20120207 0000,2553364, ,AF
ORO,D,15,STORAGE,20120207 0000,20120208 0000,2554243, ,AF
ORO,D,15,STORAGE,20120208 0000,20120209 0000,2554620, ,AF
ORO,D,15,STORAGE,20120209 0000,20120210 0000,2554620, ,AF
ORO,D,15,STORAGE,20120210 0000,20120211 0000,2550476, ,AF
ORO,D,15,STORAGE,20120211 0000,20120212 0000,2546589, ,AF
ORO,D,15,STORAGE,20120212 0000,20120213 0000,2547466, ,AF
ORO,D,15,STORAGE,20120213 0000,20120214 0000,2549472, ,AF
ORO,D,15,STORAGE,20120214 0000,20120215 0000,2549096, ,AF
ORO,D,15,STORAGE,20120215 0000,20120216 0000,2551104, ,AF
ORO,D,15,STORAGE,20120216 0000,20120217 0000,2550225, ,AF
ORO,D,15,STORAGE,20120217 0000,20120218 0000,2548846, ,AF
ORO,D,15,STORAGE,20120218 0000,20120219 0000,2546840, ,AF
ORO,D,15,STORAGE,20120219 0000,20120220 0000,2545335, ,AF
ORO,D,15,STORAGE,20120220 0000,20120221 0000,2543331, ,AF
ORO,D,15,STORAGE,20120221 0000,20120222 0000,2543582, ,AF
ORO,D,15,STORAGE,20120222 0000,20120223 0000,2539200, ,AF
ORO,D,15,STORAGE,20120223 0000,20120224 0000,2535450, ,AF
ORO,D,15,STORAGE,20120224 0000,20120225 0000,2530954, ,AF
ORO,D,15,STORAGE,20120225 0000,20120226 0000,2529582, ,AF
ORO,D,15,STORAGE,20120226 0000,20120227 0000,2526339, ,AF
ORO,D,15,STORAGE,20120227 0000,20120228 0000,2524345, ,AF
ORO,D,15,STORAGE,20120228 0000,20120229 0000,2522103, ,AF
ORO,D,15,STORAGE,20120229 0000,20120301 0000,2519738, ,AF
ORO,D,15,STORAGE,20120301 0000,20120302 0000,2518246, ,AF
ORO,D,15,STORAGE,20120302 0000,20120303 0000,2516381, ,AF
ORO,D,15,STORAGE,20120303 0000,20120304 0000,2513398, ,AF
ORO,D,15,STORAGE,20120304 0000,20120305 0000,2511660, ,AF
ORO,D,15,STORAGE,20120305 0000,20120306 0000,2512285,r,AF
ORO,D,15,STORAGE,20120306 0000,20120307 0000,2510423,r,AF
ORO,D,15,STORAGE,20120307 0000,20120308 0000,2510672,r,AF
ORO,D,15,STORAGE,20120308 0000,20120309 0000,2510051,r,AF
ORO,D,15,STORAGE,20120309 0000,20120310 0000,2510175,r,AF
ORO,D,15,STORAGE,20120310 0000,20120311 0000,2510051,r,AF
ORO,D,15,STORAGE,20120311 0000,20120312 0000,2510051,r,AF
ORO,D,15,STORAGE,20120312 0000,20120313 0000,2508558, ,AF
ORO,D,15,STORAGE,20120313 0000,20120314 0000,2519738, ,AF
ORO,D,15,STORAGE,20120314 0000,20120315 0000,2564054, ,AF
ORO,D,15,STORAGE,20120315 0000,20120316 0000,2603560, ,AF
ORO,D,15,STORAGE,20120316 0000,20120317 0000,2678915, ,AF
ORO,D,15,STORAGE,20120317 0000,20120318 0000,2745804, ,AF
ORO,D,15,STORAGE,20120318 0000,20120319 0000,2776821, ,AF
ORO,D,15,STORAGE,20120319 0000,20120320 0000,2798838, ,AF
ORO,D,15,STORAGE,20120320 0000,20120321 0000,2813451, ,AF
ORO,D,15,STORAGE,20120321 0000,20120322 0000,2827039, ,AF
ORO,D,15,STORAGE,20120322 0000,20120322 0000,2839858, ,AF
ORO,D,15,STORAGE,20120323 0000,20120324 0000,2853131, ,AF
ORO,D,15,STORAGE,20120324 0000,20120325 0000,2863316, ,AF
ORO,D,15,STORAGE,20120325 0000,20120326 0000,2872845, ,AF
ORO,D,15,STORAGE,20120326 0000,20120327 0000,2876936, ,AF
ORO,D,15,STORAGE,20120327 0000,20120328 0000,2883489, ,AF
ORO,D,15,STORAGE,20120328 0000,20120329 0000,2899371, ,AF
ORO,D,15,STORAGE,20120329 0000,20120330 0000,2912974, ,AF
ORO,D,15,STORAGE,20120330 0000,20120331 0000,2925516, ,AF
ORO,D,15,STORAGE,20120331 0000,20120401 0000,2942669, ,AF
ORO,D,15,STORAGE,20120401 0000,20120402 0000,2962260, ,AF
ORO,D,15,STORAGE,20120402 0000,20120403 0000,2978166, ,AF
ORO,D,15,STORAGE,20120403 0000,20120404 0000,2993430, ,AF
ORO,D,15,STORAGE,20120404 0000,20120405 0000,3008750, ,AF
ORO,D,15,STORAGE,20120405 0000,20120406 0000,3020452, ,AF
ORO,D,15,STORAGE,20120406 0000,20120407 0000,3030631, ,AF
ORO,D,15,STORAGE,20120407 0000,20120408 0000,3041400, ,AF
ORO,D,15,STORAGE,20120408 0000,20120409 0000,3052481, ,AF
ORO,D,15,STORAGE,20120409 0000,20120410 0000,3060740, ,AF
ORO,D,15,STORAGE,20120410 0000,20120411 0000,3069157, ,AF
ORO,D,15,STORAGE,20120411 0000,20120412 0000,3076874, ,AF
ORO,D,15,STORAGE,20120412 0000,20120413 0000,3088477, ,AF
ORO,D,15,STORAGE,20120413 0000,20120414 0000,3101548, ,AF
ORO,D,15,STORAGE,20120414 0000,20120415 0000,3115092, ,AF
ORO,D,15,STORAGE,20120415 0000,20120416 0000,3128099, ,AF
ORO,D,15,STORAGE,20120416 0000,20120417 0000,3137227, ,AF
ORO,D,15,STORAGE,20120417 0000,20120418 0000,3147536, ,AF
ORO,D,15,STORAGE,20120418 0000,20120419 0000,3160930, ,AF
ORO,D,15,STORAGE,20120419 0000,20120420 0000,3161076, ,AF
ORO,D,15,STORAGE,20120420 0000,20120421 0000,3188426, ,AF
ORO,D,15,STORAGE,20120421 0000,20120422 0000,3205182, ,AF
ORO,D,15,STORAGE,20120422 0000,20120423 0000,3222739, ,AF
ORO,D,15,STORAGE,20120423 0000,20120424 0000,3239902, ,AF
ORO,D,15,STORAGE,20120424 0000,20120425 0000,3260726, ,AF
ORO,D,15,STORAGE,20120425 0000,20120426 0000,3281199, ,AF
ORO,D,15,STORAGE,20120426 0000,20120427 0000,3326350, ,AF
ORO,D,15,STORAGE,20120427 0000,20120428 0000,3358218, ,AF
ORO,D,15,STORAGE,20120428 0000,20120429 0000,3381880, ,AF
ORO,D,15,STORAGE,20120429 0000,20120430 0000,3402125, ,AF
ORO,D,15,STORAGE,20120430 0000,20120501 0000,3422147, ,AF
ORO,D,15,STORAGE,20120501 0000,20120502 0000,3440549, ,AF
ORO,D,15,STORAGE,20120502 0000,20120503 0000,3455446, ,AF
ORO,D,15,STORAGE,20120503 0000,20120504 0000,3466648, ,AF
ORO,D,15,STORAGE,20120504 0000,20120505 0000,3475068, ,AF
ORO,D,15,STORAGE,20120505 0000,20120506 0000,3483970, ,AF
ORO,D,15,STORAGE,20120506 0000,20120507 0000,3492888, ,AF
ORO,D,15,STORAGE,20120507 0000,20120508 0000,3499628, ,AF
ORO,D,15,STORAGE,20120508 0000,20120509 0000,3505277, ,AF
ORO,D,15,STORAGE,20120509 0000,20120510 0000,3508889, ,AF
ORO,D,15,STORAGE,20120510 0000,20120511 0000,3509518, ,AF
ORO,D,15,STORAGE,20120511 0000,20120512 0000,3506062, ,AF
ORO,D,15,STORAGE,20120512 0000,20120513 0000,3511718, ,AF
ORO,D,15,STORAGE,20120513 0000,20120514 0000,3514864, ,AF
ORO,D,15,STORAGE,20120514 0000,20120515 0000,3517696, ,AF
ORO,D,15,STORAGE,20120515 0000,20120516 0000,3518956, ,AF
ORO,D,15,STORAGE,20120516 0000,20120517 0000,3521161, ,AF
ORO,D,15,STORAGE,20120517 0000,20120518 0000,3514864, ,AF
ORO,D,15,STORAGE,20120518 0000,20120519 0000,3512662, ,AF
ORO,D,15,STORAGE,20120519 0000,20120520 0000,3511090, ,AF
ORO,D,15,STORAGE,20120520 0000,20120521 0000,3510775, ,AF
ORO,D,15,STORAGE,20120521 0000,20120522 0000,3509832, ,AF
ORO,D,15,STORAGE,20120522 0000,20120523 0000,3507162, ,AF
ORO,D,15,STORAGE,20120523 0000,20120524 0000,3505748, ,AF
ORO,D,15,STORAGE,20120524 0000,20120525 0000,3505120, ,AF
ORO,D,15,STORAGE,20120525 0000,20120526 0000,3505120, ,AF
ORO,D,15,STORAGE,20120526 0000,20120527 0000,3504492, ,AF
ORO,D,15,STORAGE,20120527 0000,20120528 0000,3503236, ,AF
ORO,D,15,STORAGE,20120528 0000,20120529 0000,3503394, ,AF
ORO,D,15,STORAGE,20120529 0000,20120530 0000,3502138, ,AF
ORO,D,15,STORAGE,20120530 0000,20120531 0000,3500882, ,AF
ORO,D,15,STORAGE,20120531 0000,20120601 0000,3499941, ,AF
ORO,D,15,STORAGE,20120601 0000,20120602 0000,3498688, ,AF
ORO,D,15,STORAGE,20120602 0000,20120603 0000,3495396, ,AF
ORO,D,15,STORAGE,20120603 0000,20120604 0000,3494456, ,AF
ORO,D,15,STORAGE,20120604 0000,20120605 0000,3490070, ,AF
ORO,D,15,STORAGE,20120605 0000,20120606 0000,3483188, ,AF
ORO,D,15,STORAGE,20120606 0000,20120607 0000,3477252, ,AF
ORO,D,15,STORAGE,20120607 0000,20120608 0000,3470388, ,AF
ORO,D,15,STORAGE,20120608 0000,20120609 0000,3462756, ,AF
ORO,D,15,STORAGE,20120609 0000,20120610 0000,3460732, ,AF
ORO,D,15,STORAGE,20120610 0000,20120611 0000,3458088, ,AF
ORO,D,15,STORAGE,20120611 0000,20120612 0000,3459022, ,AF
ORO,D,15,STORAGE,20120612 0000,20120613 0000,3455290, ,AF
ORO,D,15,STORAGE,20120613 0000,20120614 0000,3451873, ,AF
ORO,D,15,STORAGE,20120614 0000,20120615 0000,3443184, ,AF
ORO,D,15,STORAGE,20120615 0000,20120616 0000,3427706, ,AF
ORO,D,15,STORAGE,20120616 0000,20120617 0000,3413820, ,AF
ORO,D,15,STORAGE,20120617 0000,20120618 0000,3397976, ,AF
ORO,D,15,STORAGE,20120618 0000,20120619 0000,3385554, ,AF
ORO,D,15,STORAGE,20120619 0000,20120620 0000,3375763, ,AF
ORO,D,15,STORAGE,20120620 0000,20120621 0000,3364008, ,AF
ORO,D,15,STORAGE,20120621 0000,20120622 0000,3349699, ,AF
ORO,D,15,STORAGE,20120622 0000,20120623 0000,3335281, ,AF
ORO,D,15,STORAGE,20120623 0000,20120624 0000,3321814, ,AF
ORO,D,15,STORAGE,20120624 0000,20120625 0000,3306128, ,AF
ORO,D,15,STORAGE,20120625 0000,20120626 0000,3291994, ,AF
ORO,D,15,STORAGE,20120626 0000,20120627 0000,3280600, ,AF
ORO,D,15,STORAGE,20120627 0000,20120628 0000,3266694, ,AF
ORO,D,15,STORAGE,20120628 0000,20120629 0000,3252683, ,AF
ORO,D,15,STORAGE,20120629 0000,20120630 0000,3238714, ,AF
ORO,D,15,STORAGE,20120630 0000,20120701 0000,3225696, ,AF
ORO,D,15,STORAGE,20120701 0000,20120702 0000,3221852, ,AF
ORO,D,15,STORAGE,20120702 0000,20120703 0000,3211076, ,AF
ORO,D,15,STORAGE,20120703 0000,20120704 0000,3192977, ,AF
ORO,D,15,STORAGE,20120704 0000,20120705 0000,3172902, ,AF
ORO,D,15,STORAGE,20120705 0000,20120706 0000,3152772, ,AF
ORO,D,15,STORAGE,20120706 0000,20120707 0000,3134182, ,AF
ORO,D,15,STORAGE,20120707 0000,20120708 0000,3112640, ,AF
ORO,D,15,STORAGE,20120708 0000,20120709 0000,3093930, ,AF
ORO,D,15,STORAGE,20120709 0000,20120710 0000,3078734, ,AF
ORO,D,15,STORAGE,20120710 0000,20120711 0000,3065017, ,AF
ORO,D,15,STORAGE,20120711 0000,20120712 0000,3047079, ,AF
ORO,D,15,STORAGE,20120712 0000,20120713 0000,3029216, ,AF
ORO,D,15,STORAGE,20120713 0000,20120714 0000,3009172, ,AF
ORO,D,15,STORAGE,20120714 0000,20120715 0000,2988102, ,AF
ORO,D,15,STORAGE,20120715 0000,20120716 0000,2967555, ,AF
ORO,D,15,STORAGE,20120716 0000,20120717 0000,2945859, ,AF
ORO,D,15,STORAGE,20120717 0000,20120718 0000,2924688, ,AF
ORO,D,15,STORAGE,20120718 0000,20120719 0000,2905274, ,AF
ORO,D,15,STORAGE,20120719 0000,20120720 0000,2885540, ,AF
ORO,D,15,STORAGE,20120720 0000,20120721 0000,2868622, ,AF
ORO,D,15,STORAGE,20120721 0000,20120722 0000,2851097, ,AF
ORO,D,15,STORAGE,20120722 0000,20120723 0000,2833512, ,AF
ORO,D,15,STORAGE,20120723 0000,20120724 0000,2814526, ,AF
ORO,D,15,STORAGE,20120724 0000,20120725 0000,2796698, ,AF
ORO,D,15,STORAGE,20120725 0000,20120726 0000,2779217, ,AF
ORO,D,15,STORAGE,20120726 0000,20120727 0000,2761812, ,AF
ORO,D,15,STORAGE,20120727 0000,20120728 0000,2743032, ,AF
ORO,D,15,STORAGE,20120728 0000,20120729 0000,2724210, ,AF
ORO,D,15,STORAGE,20120729 0000,20120730 0000,2707179, ,AF
ORO,D,15,STORAGE,20120730 0000,20120731 0000,2690091, ,AF
ORO,D,15,STORAGE,20120731 0000,20120801 0000,2672806, ,AF
ORO,D,15,STORAGE,20120801 0000,20120802 0000,2652634, ,AF
ORO,D,15,STORAGE,20120802 0000,20120803 0000,2631158, ,AF
ORO,D,15,STORAGE,20120803 0000,20120804 0000,2609166, ,AF
ORO,D,15,STORAGE,20120804 0000,20120805 0000,2587301, ,AF
ORO,D,15,STORAGE,20120805 0000,20120806 0000,2568086, ,AF
ORO,D,15,STORAGE,20120806 0000,20120807 0000,2548344, ,AF
ORO,D,15,STORAGE,20120807 0000,20120808 0000,2531204, ,AF
ORO,D,15,STORAGE,20120808 0000,20120809 0000,2517500, ,AF
ORO,D,15,STORAGE,20120809 0000,20120810 0000,2504716, ,AF
ORO,D,15,STORAGE,20120810 0000,20120811 0000,2490248, ,AF
ORO,D,15,STORAGE,20120811 0000,20120812 0000,2476209, ,AF
ORO,D,15,STORAGE,20120812 0000,20120813 0000,2460512, ,AF
ORO,D,15,STORAGE,20120813 0000,20120814 0000,2445859, ,AF
ORO,D,15,STORAGE,20120814 0000,20120815 0000,2433332, ,AF
ORO,D,15,STORAGE,20120815 0000,20120816 0000,2419198, ,AF
ORO,D,15,STORAGE,20120816 0000,20120817 0000,2405328, ,AF
ORO,D,15,STORAGE,20120817 0000,20120818 0000,2392111, ,AF
ORO,D,15,STORAGE,20120818 0000,20120819 0000,2380140, ,AF
ORO,D,15,STORAGE,20120819 0000,20120820 0000,2368330, ,AF
ORO,D,15,STORAGE,20120820 0000,20120821 0000,2356442, ,AF
ORO,D,15,STORAGE,20120821 0000,20120822 0000,2344832, ,AF
ORO,D,15,STORAGE,20120822 0000,20120823 0000,2333614, ,AF
ORO,D,15,STORAGE,20120823 0000,20120824 0000,2322200, ,AF
ORO,D,15,STORAGE,20120824 0000,20120825 0000,2310473, ,AF
ORO,D,15,STORAGE,20120825 0000,20120826 0000,2298788, ,AF
ORO,D,15,STORAGE,20120826 0000,20120827 0000,2286563, ,AF
ORO,D,15,STORAGE,20120827 0000,20120828 0000,2274614, ,AF
ORO,D,15,STORAGE,20120828 0000,20120829 0000,2263056, ,AF
ORO,D,15,STORAGE,20120829 0000,20120830 0000,2251423, ,AF
ORO,D,15,STORAGE,20120830 0000,20120831 0000,2241208, ,AF
ORO,D,15,STORAGE,20120831 0000,20120901 0000,2229540, ,AF
ORO,D,15,STORAGE,20120901 0000,20120902 0000,2217460, ,AF
ORO,D,15,STORAGE,20120902 0000,20120903 0000,2205880, ,AF
ORO,D,15,STORAGE,20120903 0000,20120904 0000,2194228, ,AF
ORO,D,15,STORAGE,20120904 0000,20120905 0000,2182734, ,AF
ORO,D,15,STORAGE,20120905 0000,20120906 0000,2170273, ,AF
ORO,D,15,STORAGE,20120906 0000,20120907 0000,2158308, ,AF
ORO,D,15,STORAGE,20120907 0000,20120908 0000,2146279, ,AF
ORO,D,15,STORAGE,20120908 0000,20120909 0000,2134408, ,AF
ORO,D,15,STORAGE,20120909 0000,20120910 0000,2122143, ,AF
ORO,D,15,STORAGE,20120910 0000,20120911 0000,2110148, ,AF
ORO,D,15,STORAGE,20120911 0000,20120912 0000,2097982, ,AF
ORO,D,15,STORAGE,20120912 0000,20120913 0000,2086083, ,AF
ORO,D,15,STORAGE,20120913 0000,20120914 0000,2074450, ,AF
ORO,D,15,STORAGE,20120914 0000,20120915 0000,2062539, ,AF
ORO,D,15,STORAGE,20120915 0000,20120916 0000,2052076, ,AF
ORO,D,15,STORAGE,20120916 0000,20120917 0000,2041008, ,AF
ORO,D,15,STORAGE,20120917 0000,20120918 0000,2033617, ,AF
ORO,D,15,STORAGE,20120918 0000,20120919 0000,2029341, ,AF
ORO,D,15,STORAGE,20120919 0000,20120920 0000,2024965, ,AF
ORO,D,15,STORAGE,20120920 0000,20120921 0000,2018573, ,AF
ORO,D,15,STORAGE,20120921 0000,20120922 0000,2014108, ,AF
ORO,D,15,STORAGE,20120922 0000,20120923 0000,2009437, ,AF
ORO,D,15,STORAGE,20120923 0000,20120924 0000,2005410, ,AF
ORO,D,15,STORAGE,20120924 0000,20120925 0000,2001599, ,AF
ORO,D,15,STORAGE,20120925 0000,20120926 0000,1997478, ,AF
ORO,D,15,STORAGE,20120926 0000,20120927 0000,1992730, ,AF
ORO,D,15,STORAGE,20120927 0000,20120928 0000,1989569, ,AF
ORO,D,15,STORAGE,20120928 0000,20120929 0000,1985570, ,AF
ORO,D,15,STORAGE,20120929 0000,20120930 0000,1980842, ,AF
ORO,D,15,STORAGE,20120930 0000,20121001 0000,1977170, ,AF
ORO,D,15,STORAGE,20121001 0000,20121002 0000,1973922, ,AF
ORO,D,15,STORAGE,20121002 0000,20121003 0000,1964410, ,AF
ORO,D,15,STORAGE,20121003 0000,20121004 0000,1955139, ,AF
ORO,D,15,STORAGE,20121004 0000,20121005 0000,1942793, ,AF
ORO,D,15,STORAGE,20121005 0000,20121006 0000,1930915, ,AF
ORO,D,15,STORAGE,20121006 0000,20121007 0000,1921759, ,AF
ORO,D,15,STORAGE,20121007 0000,20121008 0000,1913146, ,AF
ORO,D,15,STORAGE,20121008 0000,20121009 0000,1903338, ,AF
ORO,D,15,STORAGE,20121009 0000,20121010 0000,1894683, ,AF
ORO,D,15,STORAGE,20121010 0000,20121011 0000,1885956, ,AF
ORO,D,15,STORAGE,20121011 0000,20121012 0000,1876249, ,AF
ORO,D,15,STORAGE,20121012 0000,20121013 0000,1869094, ,AF
ORO,D,15,STORAGE,20121013 0000,20121014 0000,1863764, ,AF
ORO,D,15,STORAGE,20121014 0000,20121015 0000,1858546, ,AF
ORO,D,15,STORAGE,20121015 0000,20121016 0000,1854938, ,AF
ORO,D,15,STORAGE,20121016 0000,20121017 0000,1853137, ,AF
ORO,D,15,STORAGE,20121017 0000,20121018 0000,1850338, ,AF
ORO,D,15,STORAGE,20121018 0000,20121019 0000,1847540, ,AF
ORO,D,15,STORAGE,20121019 0000,20121020 0000,1844448, ,AF
ORO,D,15,STORAGE,20121020 0000,20121021 0000,1842255, ,AF
ORO,D,15,STORAGE,20121021 0000,20121022 0000,1839467, ,AF
ORO,D,15,STORAGE,20121022 0000,20121023 0000,1838472, ,AF
ORO,D,15,STORAGE,20121023 0000,20121024 0000,1837577, ,AF
ORO,D,15,STORAGE,20121024 0000,20121025 0000,1836782, ,AF
ORO,D,15,STORAGE,20121025 0000,20121026 0000,1837876, ,AF
ORO,D,15,STORAGE,20121026 0000,20121027 0000,1836881, ,AF
ORO,D,15,STORAGE,20121027 0000,20121028 0000,1834199, ,AF
ORO,D,15,STORAGE,20121028 0000,20121029 0000,1833900, ,AF
ORO,D,15,STORAGE,20121029 0000,20121030 0000,1831816, ,AF
ORO,D,15,STORAGE,20121030 0000,20121031 0000,1828346, ,AF
ORO,D,15,STORAGE,20121031 0000,20121101 0000,1826464, ,AF
ORO,D,15,STORAGE,20121101 0000,20121102 0000,1823298, ,AF
ORO,D,15,STORAGE,20121102 0000,20121103 0000,1821024, ,AF
ORO,D,15,STORAGE,20121103 0000,20121104 0000,1817668, ,AF
ORO,D,15,STORAGE,20121104 0000,20121105 0000,1815991, ,AF
ORO,D,15,STORAGE,20121105 0000,20121106 0000,1811952, ,AF
ORO,D,15,STORAGE,20121106 0000,20121107 0000,1807723, ,AF
ORO,D,15,STORAGE,20121107 0000,20121108 0000,1805070, ,AF
ORO,D,15,STORAGE,20121108 0000,20121109 0000,1800853, ,AF
ORO,D,15,STORAGE,20121109 0000,20121110 0000,1796544, ,AF
ORO,D,15,STORAGE,20121110 0000,20121111 0000,1793025, ,AF
ORO,D,15,STORAGE,20121111 0000,20121112 0000,1792634, ,AF
ORO,D,15,STORAGE,20121112 0000,20121113 0000,1787170, ,AF
ORO,D,15,STORAGE,20121113 0000,20121114 0000,1784248, ,AF
ORO,D,15,STORAGE,20121114 0000,20121115 0000,1779871, ,AF
ORO,D,15,STORAGE,20121115 0000,20121116 0000,1775696, ,AF
ORO,D,15,STORAGE,20121116 0000,20121117 0000,1772002, ,AF
ORO,D,15,STORAGE,20121117 0000,20121118 0000,1778122, ,AF
ORO,D,15,STORAGE,20121118 0000,20121119 0000,1781232, ,AF
ORO,D,15,STORAGE,20121119 0000,20121120 0000,1779482, ,AF
ORO,D,15,STORAGE,20121120 0000,20121121 0000,1782691, ,AF
ORO,D,15,STORAGE,20121121 0000,20121122 0000,1791169, ,AF
ORO,D,15,STORAGE,20121122 0000,20121123 0000,1798306, ,AF
ORO,D,15,STORAGE,20121123 0000,20121124 0000,1801048, ,AF
ORO,D,15,STORAGE,20121124 0000,20121125 0000,1798110, ,AF
ORO,D,15,STORAGE,20121125 0000,20121126 0000,1792341, ,AF
ORO,D,15,STORAGE,20121126 0000,20121127 0000,1786683, ,AF
ORO,D,15,STORAGE,20121127 0000,20121128 0000,1780746, ,AF
ORO,D,15,STORAGE,20121128 0000,20121129 0000,1775987, ,AF
ORO,D,15,STORAGE,20121129 0000,20121130 0000,1781134, ,AF
ORO,D,15,STORAGE,20121130 0000,20121201 0000,1861555, ,AF
ORO,D,15,STORAGE,20121201 0000,20121202 0000,1935350, ,AF
ORO,D,15,STORAGE,20121202 0000,20121203 0000,2082491, ,AF
ORO,D,15,STORAGE,20121203 0000,20121204 0000,2132527, ,AF
ORO,D,15,STORAGE,20121204 0000,20121205 0000,2159200, ,AF
ORO,D,15,STORAGE,20121205 0000,20121206 0000,2200332, ,AF
ORO,D,15,STORAGE,20121206 0000,20121207 0000,2227372, ,AF
ORO,D,15,STORAGE,20121207 0000,20121208 0000,2247631, ,AF
ORO,D,15,STORAGE,20121208 0000,20121209 0000,2263171, ,AF
ORO,D,15,STORAGE,20121209 0000,20121210 0000,2277047, ,AF
ORO,D,15,STORAGE,20121210 0000,20121211 0000,2283890, ,AF
ORO,D,15,STORAGE,20121211 0000,20121212 0000,2292960, ,AF
ORO,D,15,STORAGE,20121212 0000,20121213 0000,2301822, ,AF
ORO,D,15,STORAGE,20121213 0000,20121214 0000,2310824, ,AF
ORO,D,15,STORAGE,20121214 0000,20121215 0000,2315394, ,AF
ORO,D,15,STORAGE,20121215 0000,20121216 0000,2320791, ,AF
ORO,D,15,STORAGE,20121216 0000,20121217 0000,2321965, ,AF
ORO,D,15,STORAGE,20121217 0000,20121218 0000,2339395, ,AF
ORO,D,15,STORAGE,20121218 0000,20121219 0000,2350750, ,AF
ORO,D,15,STORAGE,20121219 0000,20121220 0000,2355255, ,AF
ORO,D,15,STORAGE,20121220 0000,20121221 0000,2361668, ,AF
ORO,D,15,STORAGE,20121221 0000,20121222 0000,2372382, ,AF
ORO,D,15,STORAGE,20121222 0000,20121223 0000,2395711, ,AF
ORO,D,15,STORAGE,20121223 0000,20121224 0000,2427872, ,AF
ORO,D,15,STORAGE,20121224 0000,20121225 0000,2449882, ,AF
ORO,D,15,STORAGE,20121225 0000,20121226 0000,2466145, ,AF
ORO,D,15,STORAGE,20121226 0000,20121227 0000,2481005, ,AF
ORO,D,15,STORAGE,20121227 0000,20121228 0000,2491236, ,AF
ORO,D,15,STORAGE,20121228 0000,20121229 0000,2499639, ,AF
ORO,D,15,STORAGE,20121229 0000,20121230 0000,2509302, ,AF
ORO,D,15,STORAGE,20121230 0000,20121231 0000,2519241, ,AF
ORO,D,15,STORAGE,20121231 0000,20130101 0000,2524968, ,AF
ORO,D,15,STORAGE,20130101 0000,20130102 0000,2528583, ,AF
ORO,D,15,STORAGE,20130102 0000,20130103 0000,2532951, ,AF
ORO,D,15,STORAGE,20130103 0000,20130104 0000,2537200, ,AF
ORO,D,15,STORAGE,20130104 0000,20130105 0000,2540202, ,AF
ORO,D,15,STORAGE,20130105 0000,20130106 0000,2547466, ,AF
ORO,D,15,STORAGE,20130106 0000,20130107 0000,2554620, ,AF
ORO,D,15,STORAGE,20130107 0000,20130108 0000,2557762, ,AF
ORO,D,15,STORAGE,20130108 0000,20130109 0000,2560152, ,AF
ORO,D,15,STORAGE,20130109 0000,20130110 0000,2564431, ,AF
ORO,D,15,STORAGE,20130110 0000,20130111 0000,2568464, ,AF
ORO,D,15,STORAGE,20130111 0000,20130112 0000,2572880, ,AF
ORO,D,15,STORAGE,20130112 0000,20130113 0000,2580337, ,AF
ORO,D,15,STORAGE,20130113 0000,20130114 0000,2586668, ,AF
ORO,D,15,STORAGE,20130114 0000,20130115 0000,2591613, ,AF
ORO,D,15,STORAGE,20130115 0000,20130116 0000,2595294, ,AF
ORO,D,15,STORAGE,20130116 0000,20130117 0000,2601015, ,AF
ORO,D,15,STORAGE,20130117 0000,20130118 0000,2606998, ,AF
ORO,D,15,STORAGE,20130118 0000,20130119 0000,2612482, ,AF
ORO,D,15,STORAGE,20130119 0000,20130120 0000,2617333, ,AF
ORO,D,15,STORAGE,20130120 0000,20130121 0000,2622320, ,AF
ORO,D,15,STORAGE,20130121 0000,20130122 0000,2627825, ,AF
ORO,D,15,STORAGE,20130122 0000,20130123 0000,2633338, ,AF
ORO,D,15,STORAGE,20130123 0000,20130124 0000,2637832, ,AF
ORO,D,15,STORAGE,20130124 0000,20130125 0000,2645548, ,AF
ORO,D,15,STORAGE,20130125 0000,20130126 0000,2651474, ,AF
ORO,D,15,STORAGE,20130126 0000,20130127 0000,2657667, ,AF
ORO,D,15,STORAGE,20130127 0000,20130128 0000,2664518, ,AF
ORO,D,15,STORAGE,20130128 0000,20130129 0000,2671122, ,AF
ORO,D,15,STORAGE,20130129 0000,20130130 0000,2678266, ,AF
ORO,D,15,STORAGE,20130130 0000,20130131 0000,2684889, ,AF
ORO,D,15,STORAGE,20130131 0000,20130201 0000,2691914, ,AF
ORO,D,15,STORAGE,20130201 0000,20130202 0000,2698821, ,AF
ORO,D,15,STORAGE,20130202 0000,20130203 0000,2704565, ,AF
ORO,D,15,STORAGE,20130203 0000,20130204 0000,2711626, ,AF
ORO,D,15,STORAGE,20130204 0000,20130205 0000,2717782, ,AF
ORO,D,15,STORAGE,20130205 0000,20130206 0000,2724605, ,AF
ORO,D,15,STORAGE,20130206 0000,20130207 0000,2730650, ,AF
ORO,D,15,STORAGE,20130207 0000,20130208 0000,2736310, ,AF
ORO,D,15,STORAGE,20130208 0000,20130209 0000,2742504, ,AF
ORO,D,15,STORAGE,20130209 0000,20130210 0000,2748181, ,AF
ORO,D,15,STORAGE,20130210 0000,20130211 0000,2753866, ,AF
ORO,D,15,STORAGE,20130211 0000,20130212 0000,2759559, ,AF
ORO,D,15,STORAGE,20130212 0000,20130213 0000,2764596, ,AF
ORO,D,15,STORAGE,20130213 0000,20130214 0000,2769243, ,AF
ORO,D,15,STORAGE,20130214 0000,20130215 0000,2774160, ,AF
ORO,D,15,STORAGE,20130215 0000,20130216 0000,2779882, ,AF
ORO,D,15,STORAGE,20130216 0000,20130217 0000,2785880, ,AF
ORO,D,15,STORAGE,20130217 0000,20130218 0000,2791218, ,AF
ORO,D,15,STORAGE,20130218 0000,20130219 0000,2796966, ,AF
ORO,D,15,STORAGE,20130219 0000,20130220 0000,2804195, ,AF
ORO,D,15,STORAGE,20130220 0000,20130221 0000,2809960, ,AF
ORO,D,15,STORAGE,20130221 0000,20130222 0000,2816273, ,AF
ORO,D,15,STORAGE,20130222 0000,20130223 0000,2822056, ,AF
ORO,D,15,STORAGE,20130223 0000,20130224 0000,2826095, ,AF
ORO,D,15,STORAGE,20130224 0000,20130225 0000,2830409, ,AF
ORO,D,15,STORAGE,20130225 0000,20130226 0000,2836483, ,AF
ORO,D,15,STORAGE,20130226 0000,20130227 0000,2838915, ,AF
ORO,D,15,STORAGE,20130227 0000,20130228 0000,2842836, ,AF
ORO,D,15,STORAGE,20130228 0000,20130301 0000,2848116, ,AF
ORO,D,15,STORAGE,20130301 0000,20130302 0000,2852724, ,AF
ORO,D,15,STORAGE,20130302 0000,20130303 0000,2857610, ,AF
ORO,D,15,STORAGE,20130303 0000,20130304 0000,2863724, ,AF
ORO,D,15,STORAGE,20130304 0000,20130305 0000,2868894, ,AF
ORO,D,15,STORAGE,20130305 0000,20130306 0000,2872300, ,AF
ORO,D,15,STORAGE,20130306 0000,20130307 0000,2879392, ,AF
ORO,D,15,STORAGE,20130307 0000,20130308 0000,2881986, ,AF
ORO,D,15,STORAGE,20130308 0000,20130309 0000,2886907, ,AF
ORO,D,15,STORAGE,20130309 0000,20130310 0000,2888001, ,AF
ORO,D,15,STORAGE,20130310 0000,20130311 0000,2888685, ,AF
ORO,D,15,STORAGE,20130311 0000,20130312 0000,2888138, ,AF
ORO,D,15,STORAGE,20130312 0000,20130313 0000,2886907, ,AF
ORO,D,15,STORAGE,20130313 0000,20130314 0000,2882670, ,AF
ORO,D,15,STORAGE,20130314 0000,20130315 0000,2880211, ,AF
ORO,D,15,STORAGE,20130315 0000,20130316 0000,2879529, ,AF
ORO,D,15,STORAGE,20130316 0000,20130317 0000,2880484, ,AF
ORO,D,15,STORAGE,20130317 0000,20130318 0000,2882806, ,AF
ORO,D,15,STORAGE,20130318 0000,20130319 0000,2879802, ,AF
ORO,D,15,STORAGE,20130319 0000,20130320 0000,2880894, ,AF
ORO,D,15,STORAGE,20130320 0000,20130321 0000,2894435, ,AF
ORO,D,15,STORAGE,20130321 0000,20130322 0000,2908709, ,AF
ORO,D,15,STORAGE,20130322 0000,20130323 0000,2917242, ,AF
ORO,D,15,STORAGE,20130323 0000,20130324 0000,2926069, ,AF
ORO,D,15,STORAGE,20130324 0000,20130325 0000,2934222, ,AF
ORO,D,15,STORAGE,20130325 0000,20130326 0000,2939067, ,AF
ORO,D,15,STORAGE,20130326 0000,20130327 0000,2944471, ,AF
ORO,D,15,STORAGE,20130327 0000,20130328 0000,2949883, ,AF
ORO,D,15,STORAGE,20130328 0000,20130329 0000,2956832, ,AF
ORO,D,15,STORAGE,20130329 0000,20130330 0000,2961564, ,AF
ORO,D,15,STORAGE,20130330 0000,20130331 0000,2970066, ,AF
ORO,D,15,STORAGE,20130331 0000,20130401 0000,2981941, ,AF
ORO,D,15,STORAGE,20130401 0000,20130402 0000,2988803, ,AF
ORO,D,15,STORAGE,20130402 0000,20130403 0000,2994553, ,AF
ORO,D,15,STORAGE,20130403 0000,20130404 0000,2998344, ,AF
ORO,D,15,STORAGE,20130404 0000,20130405 0000,3003684, ,AF
ORO,D,15,STORAGE,20130405 0000,20130406 0000,3011708, ,AF
ORO,D,15,STORAGE,20130406 0000,20130407 0000,3020877, ,AF
ORO,D,15,STORAGE,20130407 0000,20130408 0000,3030206, ,AF
ORO,D,15,STORAGE,20130408 0000,20130409 0000,3037146, ,AF
ORO,D,15,STORAGE,20130409 0000,20130410 0000,3042252, ,AF
ORO,D,15,STORAGE,20130410 0000,20130411 0000,3048358, ,AF
ORO,D,15,STORAGE,20130411 0000,20130412 0000,3055184, ,AF
ORO,D,15,STORAGE,20130412 0000,20130413 0000,3062593, ,AF
ORO,D,15,STORAGE,20130413 0000,20130414 0000,3070156, ,AF
ORO,D,15,STORAGE,20130414 0000,20130415 0000,3077303, ,AF
ORO,D,15,STORAGE,20130415 0000,20130416 0000,3082600, ,AF
ORO,D,15,STORAGE,20130416 0000,20130417 0000,3087903, ,AF
ORO,D,15,STORAGE,20130417 0000,20130418 0000,3091776, ,AF
ORO,D,15,STORAGE,20130418 0000,20130419 0000,3095223, ,AF
ORO,D,15,STORAGE,20130419 0000,20130420 0000,3097378, ,AF
ORO,D,15,STORAGE,20130420 0000,20130421 0000,3102844, ,AF
ORO,D,15,STORAGE,20130421 0000,20130422 0000,3108604, ,AF
ORO,D,15,STORAGE,20130422 0000,20130423 0000,3110189, ,AF
ORO,D,15,STORAGE,20130423 0000,20130424 0000,3110910, ,AF
ORO,D,15,STORAGE,20130424 0000,20130425 0000,3107018, ,AF
ORO,D,15,STORAGE,20130425 0000,20130426 0000,3100685, ,AF
ORO,D,15,STORAGE,20130426 0000,20130427 0000,3090054, ,AF
ORO,D,15,STORAGE,20130427 0000,20130428 0000,3077303, ,AF
ORO,D,15,STORAGE,20130428 0000,20130429 0000,3065588, ,AF
ORO,D,15,STORAGE,20130429 0000,20130430 0000,3053050, ,AF
ORO,D,15,STORAGE,20130430 0000,20130501 0000,3040407, ,AF
ORO,D,15,STORAGE,20130501 0000,20130502 0000,3032613, ,AF
ORO,D,15,STORAGE,20130502 0000,20130503 0000,3025539, ,AF
ORO,D,15,STORAGE,20130503 0000,20130504 0000,3020452, ,AF
ORO,D,15,STORAGE,20130504 0000,20130505 0000,3015373, ,AF
ORO,D,15,STORAGE,20130505 0000,20130506 0000,3009454, ,AF
ORO,D,15,STORAGE,20130506 0000,20130507 0000,3004950, ,AF
ORO,D,15,STORAGE,20130507 0000,20130508 0000,2999889, ,AF
ORO,D,15,STORAGE,20130508 0000,20130509 0000,2993149, ,AF
ORO,D,15,STORAGE,20130509 0000,20130510 0000,2982641, ,AF
ORO,D,15,STORAGE,20130510 0000,20130511 0000,2973276, ,AF
ORO,D,15,STORAGE,20130511 0000,20130512 0000,2964348, ,AF
ORO,D,15,STORAGE,20130512 0000,20130513 0000,2955302, ,AF
ORO,D,15,STORAGE,20130513 0000,20130514 0000,2947107, ,AF
ORO,D,15,STORAGE,20130514 0000,20130515 0000,2939482, ,AF
ORO,D,15,STORAGE,20130515 0000,20130516 0000,2933669, ,AF
ORO,D,15,STORAGE,20130516 0000,20130517 0000,2925931, ,AF
ORO,D,15,STORAGE,20130517 0000,20130518 0000,2918620, ,AF
ORO,D,15,STORAGE,20130518 0000,20130519 0000,2911597, ,AF
ORO,D,15,STORAGE,20130519 0000,20130520 0000,2904312, ,AF
ORO,D,15,STORAGE,20130520 0000,20130521 0000,2897451, ,AF
ORO,D,15,STORAGE,20130521 0000,20130522 0000,2891696, ,AF
ORO,D,15,STORAGE,20130522 0000,20130523 0000,2884446, ,AF
ORO,D,15,STORAGE,20130523 0000,20130524 0000,2876254, ,AF
ORO,D,15,STORAGE,20130524 0000,20130525 0000,2869167, ,AF
ORO,D,15,STORAGE,20130525 0000,20130526 0000,2860325, ,AF
ORO,D,15,STORAGE,20130526 0000,20130527 0000,2845678, ,AF
ORO,D,15,STORAGE,20130527 0000,20130528 0000,2834052, ,AF
ORO,D,15,STORAGE,20130528 0000,20130529 0000,2828251, ,AF
ORO,D,15,STORAGE,20130529 0000,20130530 0000,2823536, ,AF
ORO,D,15,STORAGE,20130530 0000,20130531 0000,2817751, ,AF
ORO,D,15,STORAGE,20130531 0000,20130601 0000,2812108, ,AF
ORO,D,15,STORAGE,20130601 0000,20130602 0000,2803391, ,AF
ORO,D,15,STORAGE,20130602 0000,20130603 0000,2794558, ,AF
ORO,D,15,STORAGE,20130603 0000,20130604 0000,2784946, ,AF
ORO,D,15,STORAGE,20130604 0000,20130605 0000,2778817, ,AF
ORO,D,15,STORAGE,20130605 0000,20130606 0000,2775358, ,AF
ORO,D,15,STORAGE,20130606 0000,20130607 0000,2771900, ,AF
ORO,D,15,STORAGE,20130607 0000,20130608 0000,2766057, ,AF
ORO,D,15,STORAGE,20130608 0000,20130609 0000,2761150, ,AF
ORO,D,15,STORAGE,20130609 0000,20130610 0000,2758102, ,AF
ORO,D,15,STORAGE,20130610 0000,20130611 0000,2752808, ,AF
ORO,D,15,STORAGE,20130611 0000,20130612 0000,2747125, ,AF
ORO,D,15,STORAGE,20130612 0000,20130613 0000,2741318, ,AF
ORO,D,15,STORAGE,20130613 0000,20130614 0000,2736572, ,AF
ORO,D,15,STORAGE,20130614 0000,20130615 0000,2730518, ,AF
ORO,D,15,STORAGE,20130615 0000,20130616 0000,2725261, ,AF
ORO,D,15,STORAGE,20130616 0000,20130617 0000,2719094, ,AF
ORO,D,15,STORAGE,20130617 0000,20130618 0000,2712542, ,AF
ORO,D,15,STORAGE,20130618 0000,20130619 0000,2706134, ,AF
ORO,D,15,STORAGE,20130619 0000,20130620 0000,2701040, ,AF
ORO,D,15,STORAGE,20130620 0000,20130621 0000,2694128, ,AF
ORO,D,15,STORAGE,20130621 0000,20130622 0000,2683980, ,AF
ORO,D,15,STORAGE,20130622 0000,20130623 0000,2669308, ,AF
ORO,D,15,STORAGE,20130623 0000,20130624 0000,2652634, ,AF
ORO,D,15,STORAGE,20130624 0000,20130625 0000,2636034, ,AF
ORO,D,15,STORAGE,20130625 0000,20130626 0000,2624112, ,AF
ORO,D,15,STORAGE,20130626 0000,20130627 0000,2612226, ,AF
ORO,D,15,STORAGE,20130627 0000,20130628 0000,2599997, ,AF
ORO,D,15,STORAGE,20130628 0000,20130629 0000,2586668, ,AF
ORO,D,15,STORAGE,20130629 0000,20130630 0000,2571744, ,AF
ORO,D,15,STORAGE,20130630 0000,20130701 0000,2557762, ,AF
ORO,D,15,STORAGE,20130701 0000,20130702 0000,2542454, ,AF
ORO,D,15,STORAGE,20130702 0000,20130703 0000,2527710, ,AF
ORO,D,15,STORAGE,20130703 0000,20130704 0000,2514268, ,AF
ORO,D,15,STORAGE,20130704 0000,20130705 0000,2501866, ,AF
ORO,D,15,STORAGE,20130705 0000,20130706 0000,2487904, ,AF
ORO,D,15,STORAGE,20130706 0000,20130707 0000,2476700, ,AF
ORO,D,15,STORAGE,20130707 0000,20130708 0000,2465287, ,AF
ORO,D,15,STORAGE,20130708 0000,20130709 0000,2452323, ,AF
ORO,D,15,STORAGE,20130709 0000,20130710 0000,2440137, ,AF
ORO,D,15,STORAGE,20130710 0000,20130711 0000,2427630, ,AF
ORO,D,15,STORAGE,20130711 0000,20130712 0000,2414247, ,AF
ORO,D,15,STORAGE,20130712 0000,20130713 0000,2398473, ,AF
ORO,D,15,STORAGE,20130713 0000,20130714 0000,2383368, ,AF
ORO,D,15,STORAGE,20130714 0000,20130715 0000,2368211, ,AF
ORO,D,15,STORAGE,20130715 0000,20130716 0000,2358578, ,AF
ORO,D,15,STORAGE,20130716 0000,20130717 0000,2349092, ,AF
ORO,D,15,STORAGE,20130717 0000,20130718 0000,2339278, ,AF
ORO,D,15,STORAGE,20130718 0000,20130719 0000,2332082, ,AF
ORO,D,15,STORAGE,20130719 0000,20130720 0000,2317035, ,AF
ORO,D,15,STORAGE,20130720 0000,20130721 0000,2301938, ,AF
ORO,D,15,STORAGE,20130721 0000,20130722 0000,2286678, ,AF
ORO,D,15,STORAGE,20130722 0000,20130723 0000,2276931, ,AF
ORO,D,15,STORAGE,20130723 0000,20130724 0000,2262709, ,AF
ORO,D,15,STORAGE,20130724 0000,20130725 0000,2247058, ,AF
ORO,D,15,STORAGE,20130725 0000,20130726 0000,2231596, ,AF
ORO,D,15,STORAGE,20130726 0000,20130727 0000,2215868, ,AF
ORO,D,15,STORAGE,20130727 0000,20130728 0000,2198296, ,AF
ORO,D,15,STORAGE,20130728 0000,20130729 0000,2183858, ,AF
ORO,D,15,STORAGE,20130729 0000,20130730 0000,2168368, ,AF
ORO,D,15,STORAGE,20130730 0000,20130731 0000,2156077, ,AF
ORO,D,15,STORAGE,20130731 0000,20130801 0000,2143724, ,AF
ORO,D,15,STORAGE,20130801 0000,20130802 0000,2130646, ,AF
ORO,D,15,STORAGE,20130802 0000,20130803 0000,2117516, ,AF
ORO,D,15,STORAGE,20130803 0000,20130804 0000,2108061, ,AF
ORO,D,15,STORAGE,20130804 0000,20130805 0000,2098310, ,AF
ORO,D,15,STORAGE,20130805 0000,20130806 0000,2084994, ,AF
ORO,D,15,STORAGE,20130806 0000,20130807 0000,2071413, ,AF
ORO,D,15,STORAGE,20130807 0000,20130808 0000,2056710, ,AF
ORO,D,15,STORAGE,20130808 0000,20130809 0000,2044334, ,AF
ORO,D,15,STORAGE,20130809 0000,20130810 0000,2032119, ,AF
ORO,D,15,STORAGE,20130810 0000,20130811 0000,2022939, ,AF
ORO,D,15,STORAGE,20130811 0000,20130812 0000,2011135, ,AF
ORO,D,15,STORAGE,20130812 0000,20130813 0000,1998956, ,AF
ORO,D,15,STORAGE,20130813 0000,20130814 0000,1986832, ,AF
ORO,D,15,STORAGE,20130814 0000,20130815 0000,1973818, ,AF
ORO,D,15,STORAGE,20130815 0000,20130816 0000,1960969, ,AF
ORO,D,15,STORAGE,20130816 0000,20130817 0000,1948700, ,AF
ORO,D,15,STORAGE,20130817 0000,20130818 0000,1935660, ,AF
ORO,D,15,STORAGE,20130818 0000,20130819 0000,1922375, ,AF
ORO,D,15,STORAGE,20130819 0000,20130820 0000,1909873, ,AF
ORO,D,15,STORAGE,20130820 0000,20130821 0000,1897327, ,AF
ORO,D,15,STORAGE,20130821 0000,20130822 0000,1884133, ,AF
ORO,D,15,STORAGE,20130822 0000,20130823 0000,1872820, ,AF
ORO,D,15,STORAGE,20130823 0000,20130824 0000,1861856, ,AF
ORO,D,15,STORAGE,20130824 0000,20130825 0000,1851337, ,AF
ORO,D,15,STORAGE,20130825 0000,20130826 0000,1841757, ,AF
ORO,D,15,STORAGE,20130826 0000,20130827 0000,1830428, ,AF
ORO,D,15,STORAGE,20130827 0000,20130828 0000,1820728, ,AF
ORO,D,15,STORAGE,20130828 0000,20130829 0000,1809787, ,AF
ORO,D,15,STORAGE,20130829 0000,20130830 0000,1798992, ,AF
ORO,D,15,STORAGE,20130830 0000,20130831 0000,1788535, ,AF
ORO,D,15,STORAGE,20130831 0000,20130901 0000,1783469, ,AF
ORO,D,15,STORAGE,20130901 0000,20130902 0000,1778219, ,AF
ORO,D,15,STORAGE,20130902 0000,20130903 0000,1772981, ,AF
ORO,D,15,STORAGE,20130903 0000,20130904 0000,1763386, ,AF
ORO,D,15,STORAGE,20130904 0000,20130905 0000,1751240, ,AF
ORO,D,15,STORAGE,20130905 0000,20130906 0000,1737717, ,AF
ORO,D,15,STORAGE,20130906 0000,20130907 0000,1726077, ,AF
ORO,D,15,STORAGE,20130907 0000,20130908 0000,1716103, ,AF
ORO,D,15,STORAGE,20130908 0000,20130909 0000,1706265, ,AF
ORO,D,15,STORAGE,20130909 0000,20130910 0000,1704000, ,AF
ORO,D,15,STORAGE,20130910 0000,20130911 0000,1698818, ,AF
ORO,D,15,STORAGE,20130911 0000,20130912 0000,1695432, ,AF
ORO,D,15,STORAGE,20130912 0000,20130913 0000,1693178, ,AF
ORO,D,15,STORAGE,20130913 0000,20130914 0000,1691676, ,AF
ORO,D,15,STORAGE,20130914 0000,20130915 0000,1691957, ,AF
ORO,D,15,STORAGE,20130915 0000,20130916 0000,1691019, ,AF
ORO,D,15,STORAGE,20130916 0000,20130917 0000,1683713, ,AF
ORO,D,15,STORAGE,20130917 0000,20130918 0000,1678762, ,AF
ORO,D,15,STORAGE,20130918 0000,20130919 0000,1674472, ,AF
ORO,D,15,STORAGE,20130919 0000,20130920 0000,1670470, ,AF
ORO,D,15,STORAGE,20130920 0000,20130921 0000,1665546, ,AF
ORO,D,15,STORAGE,20130921 0000,20130922 0000,1661837, ,AF
ORO,D,15,STORAGE,20130922 0000,20130923 0000,1657578, ,AF
ORO,D,15,STORAGE,20130923 0000,20130924 0000,1654066, ,AF
ORO,D,15,STORAGE,20130924 0000,20130925 0000,1646045, ,AF
ORO,D,15,STORAGE,20130925 0000,20130926 0000,1642550, ,AF
ORO,D,15,STORAGE,20130926 0000,20130927 0000,1640070, ,AF
ORO,D,15,STORAGE,20130927 0000,20130928 0000,1637042, ,AF
ORO,D,15,STORAGE,20130928 0000,20130929 0000,1636768, ,AF
ORO,D,15,STORAGE,20130929 0000,20130930 0000,1636492, ,AF
ORO,D,15,STORAGE,20130930 0000,20131001 0000,1633286, ,AF
ORO,D,15,STORAGE,20131001 0000,20131002 0000,1631182, ,AF
ORO,D,15,STORAGE,20131002 0000,20131003 0000,1627344, ,AF
ORO,D,15,STORAGE,20131003 0000,20131004 0000,1623695, ,AF
ORO,D,15,STORAGE,20131004 0000,20131005 0000,1621053, ,AF
ORO,D,15,STORAGE,20131005 0000,20131006 0000,1617323, ,AF
ORO,D,15,STORAGE,20131006 0000,20131007 0000,1614507, ,AF
ORO,D,15,STORAGE,20131007 0000,20131008 0000,1614325, ,AF
ORO,D,15,STORAGE,20131008 0000,20131009 0000,1608431, ,AF
ORO,D,15,STORAGE,20131009 0000,20131010 0000,1607254, ,AF
ORO,D,15,STORAGE,20131010 0000,20131011 0000,1607164, ,AF
ORO,D,15,STORAGE,20131011 0000,20131012 0000,1608794, ,AF
ORO,D,15,STORAGE,20131012 0000,20131013 0000,1609699, ,AF
ORO,D,15,STORAGE,20131013 0000,20131014 0000,1611150, ,AF
ORO,D,15,STORAGE,20131014 0000,20131015 0000,1608340, ,AF
ORO,D,15,STORAGE,20131015 0000,20131016 0000,1605807, ,AF
ORO,D,15,STORAGE,20131016 0000,20131017 0000,1604089, ,AF
ORO,D,15,STORAGE,20131017 0000,20131018 0000,1601018, ,AF
ORO,D,15,STORAGE,20131018 0000,20131019 0000,1594169, ,AF
ORO,D,15,STORAGE,20131019 0000,20131020 0000,1585815, ,AF
ORO,D,15,STORAGE,20131020 0000,20131021 0000,1578118, ,AF
ORO,D,15,STORAGE,20131021 0000,20131022 0000,1572852, ,AF
ORO,D,15,STORAGE,20131022 0000,20131023 0000,1568311, ,AF
ORO,D,15,STORAGE,20131023 0000,20131024 0000,1562003, ,AF
ORO,D,15,STORAGE,20131024 0000,20131025 0000,1556333, ,AF
ORO,D,15,STORAGE,20131025 0000,20131026 0000,1550148, ,AF
ORO,D,15,STORAGE,20131026 0000,20131027 0000,1547150, ,AF
ORO,D,15,STORAGE,20131027 0000,20131028 0000,1543276, ,AF
ORO,D,15,STORAGE,20131028 0000,20131028 0000,1541000, ,AF
ORO,D,15,STORAGE,20131029 0000,20131029 0000,1539060, ,AF
ORO,D,15,STORAGE,20131030 0000,20131030 0000,1534237, ,AF
ORO,D,15,STORAGE,20131031 0000,20131031 0000,1528375, ,AF
ORO,D,15,STORAGE,20131101 0000,20131101 0000,1522878, ,AF
ORO,D,15,STORAGE,20131102 0000,20131102 0000,1517394, ,AF
ORO,D,15,STORAGE,20131103 0000,20131103 0000,1511056, ,AF
ORO,D,15,STORAGE,20131104 0000,20131105 0000,1504894, ,AF
ORO,D,15,STORAGE,20131105 0000,20131106 0000,1500576, ,AF
ORO,D,15,STORAGE,20131106 0000,20131107 0000,1495146, ,AF
ORO,D,15,STORAGE,20131107 0000,20131108 0000,1488787, ,AF
ORO,D,15,STORAGE,20131108 0000,20131109 0000,1480736, ,AF
ORO,D,15,STORAGE,20131109 0000,20131110 0000,1469907, ,AF
ORO,D,15,STORAGE,20131110 0000,20131111 0000,1459387, ,AF
ORO,D,15,STORAGE,20131111 0000,20131112 0000,1454484, ,AF
ORO,D,15,STORAGE,20131112 0000,20131113 0000,1449508, ,AF
ORO,D,15,STORAGE,20131113 0000,20131114 0000,1444125, ,AF
ORO,D,15,STORAGE,20131114 0000,20131115 0000,1439174, ,AF
ORO,D,15,STORAGE,20131115 0000,20131116 0000,1433984, ,AF
ORO,D,15,STORAGE,20131116 0000,20131117 0000,1428056, ,AF
ORO,D,15,STORAGE,20131117 0000,20131118 0000,1422810, ,AF
ORO,D,15,STORAGE,20131118 0000,20131119 0000,1417827, ,AF
ORO,D,15,STORAGE,20131119 0000,20131120 0000,1413518, ,AF
ORO,D,15,STORAGE,20131120 0000,20131121 0000,1410127, ,AF
ORO,D,15,STORAGE,20131121 0000,20131122 0000,1412194, ,AF
ORO,D,15,STORAGE,20131122 0000,20131123 0000,1414346, ,AF
ORO,D,15,STORAGE,20131123 0000,20131124 0000,1414760, ,AF
ORO,D,15,STORAGE,20131124 0000,20131125 0000,1415174, ,AF
ORO,D,15,STORAGE,20131125 0000,20131126 0000,1413104, ,AF
ORO,D,15,STORAGE,20131126 0000,20131127 0000,1408309, ,AF
ORO,D,15,STORAGE,20131127 0000,20131128 0000,1403608, ,AF
ORO,D,15,STORAGE,20131128 0000,20131129 0000,1399493, ,AF
ORO,D,15,STORAGE,20131129 0000,20131130 0000,1394894, ,AF
ORO,D,15,STORAGE,20131130 0000,20131201 0000,1391616, ,AF
ORO,D,15,STORAGE,20131201 0000,20131202 0000,1386462, ,AF
ORO,D,15,STORAGE,20131202 0000,20131203 0000,1381974, ,AF
ORO,D,15,STORAGE,20131203 0000,20131204 0000,1378391, ,AF
ORO,D,15,STORAGE,20131204 0000,20131205 0000,1374246, ,AF
ORO,D,15,STORAGE,20131205 0000,20131206 0000,1376602, ,AF
ORO,D,15,STORAGE,20131206 0000,20131207 0000,1377822, ,AF
ORO,D,15,STORAGE,20131207 0000,20131208 0000,1379205, ,AF
ORO,D,15,STORAGE,20131208 0000,20131209 0000,1379938, ,AF
ORO,D,15,STORAGE,20131209 0000,20131210 0000,1373028, ,AF
ORO,D,15,STORAGE,20131210 0000,20131211 0000,1366385, ,AF
ORO,D,15,STORAGE,20131211 0000,20131212 0000,1360893, ,AF
ORO,D,15,STORAGE,20131212 0000,20131213 0000,1354451, ,AF
ORO,D,15,STORAGE,20131213 0000,20131214 0000,1348671, ,AF
ORO,D,15,STORAGE,20131214 0000,20131215 0000,1342828, ,AF
ORO,D,15,STORAGE,20131215 0000,20131216 0000,1336206, ,AF
ORO,D,15,STORAGE,20131216 0000,20131217 0000,1332544, ,AF
ORO,D,15,STORAGE,20131217 0000,20131218 0000,1326194, ,AF
ORO,D,15,STORAGE,20131218 0000,20131219 0000,1323422, ,AF
ORO,D,15,STORAGE,20131219 0000,20131220 0000,1323739, ,AF
ORO,D,15,STORAGE,20131220 0000,20131221 0000,1323739, ,AF
ORO,D,15,STORAGE,20131221 0000,20131222 0000,1325085, ,AF
ORO,D,15,STORAGE,20131222 0000,20131223 0000,1324689, ,AF
ORO,D,15,STORAGE,20131223 0000,20131224 0000,1323581, ,AF
ORO,D,15,STORAGE,20131224 0000,20131225 0000,1317969, ,AF
ORO,D,15,STORAGE,20131225 0000,20131226 0000,1312375, ,AF
ORO,D,15,STORAGE,20131226 0000,20131227 0000,1306482, ,AF
ORO,D,15,STORAGE,20131227 0000,20131228 0000,1301311, ,AF
ORO,D,15,STORAGE,20131228 0000,20131229 0000,1297559, ,AF
ORO,D,15,STORAGE,20131229 0000,20131230 0000,1293659, ,AF
ORO,D,15,STORAGE,20131230 0000,20131231 0000,1289144, ,AF
ORO,D,15,STORAGE,20131231 0000,20140101 0000,1285882, ,AF
ORO,D,15,STORAGE,20140101 0000,20140102 0000,1281231, ,AF
ORO,D,15,STORAGE,20140102 0000,20140103 0000,1277286, ,AF
ORO,D,15,STORAGE,20140103 0000,20140104 0000,1275819, ,AF
ORO,D,15,STORAGE,20140104 0000,20140105 0000,1277440, ,AF
ORO,D,15,STORAGE,20140105 0000,20140106 0000,1277827, ,AF
ORO,D,15,STORAGE,20140106 0000,20140107 0000,1278909, ,AF
ORO,D,15,STORAGE,20140107 0000,20140108 0000,1280379, ,AF
ORO,D,15,STORAGE,20140108 0000,20140109 0000,1282625, ,AF
ORO,D,15,STORAGE,20140109 0000,20140110 0000,1283710, ,AF
ORO,D,15,STORAGE,20140110 0000,20140111 0000,1284252, ,AF
ORO,D,15,STORAGE,20140111 0000,20140112 0000,1285338, ,AF
ORO,D,15,STORAGE,20140112 0000,20140113 0000,1288367, ,AF
ORO,D,15,STORAGE,20140113 0000,20140114 0000,1284795, ,AF
ORO,D,15,STORAGE,20140114 0000,20140115 0000,1279373, ,AF
ORO,D,15,STORAGE,20140115 0000,20140116 0000,1274275, ,AF
ORO,D,15,STORAGE,20140116 0000,20140117 0000,1270114, ,AF
ORO,D,15,STORAGE,20140117 0000,20140118 0000,1266347, ,AF
ORO,D,15,STORAGE,20140118 0000,20140119 0000,1261666, ,AF
ORO,D,15,STORAGE,20140119 0000,20140120 0000,1264427, ,AF
ORO,D,15,STORAGE,20140120 0000,20140121 0000,1265272, ,AF
ORO,D,15,STORAGE,20140121 0000,20140122 0000,1266193, ,AF
ORO,D,15,STORAGE,20140122 0000,20140123 0000,1266884, ,AF
ORO,D,15,STORAGE,20140123 0000,20140124 0000,1268191, ,AF
ORO,D,15,STORAGE,20140124 0000,20140125 0000,1269114, ,AF
ORO,D,15,STORAGE,20140125 0000,20140126 0000,1270038, ,AF
ORO,D,15,STORAGE,20140126 0000,20140127 0000,1270576, ,AF
ORO,D,15,STORAGE,20140127 0000,20140128 0000,1271269, ,AF
ORO,D,15,STORAGE,20140128 0000,20140129 0000,1271346, ,AF
ORO,D,15,STORAGE,20140129 0000,20140130 0000,1271731, ,AF
ORO,D,15,STORAGE,20140130 0000,20140131 0000,1268191, ,AF
ORO,D,15,STORAGE,20140131 0000,20140201 0000,1262049, ,AF
ORO,D,15,STORAGE,20140201 0000,20140202 0000,1262280, ,AF
ORO,D,15,STORAGE,20140202 0000,20140203 0000,1262433, ,AF
ORO,D,15,STORAGE,20140203 0000,20140204 0000,1262510, ,AF
ORO,D,15,STORAGE,20140204 0000,20140205 0000,1262740, ,AF
ORO,D,15,STORAGE,20140205 0000,20140206 0000,1265272, ,AF
ORO,D,15,STORAGE,20140206 0000,20140207 0000,1267653, ,AF
ORO,D,15,STORAGE,20140207 0000,20140208 0000,1270884, ,AF
ORO,D,15,STORAGE,20140208 0000,20140209 0000,1281696, ,AF
ORO,D,15,STORAGE,20140209 0000,20140210 0000,1309937, ,AF
ORO,D,15,STORAGE,20140210 0000,20140211 0000,1339394, ,AF
ORO,D,15,STORAGE,20140211 0000,20140212 0000,1349312, ,AF
ORO,D,15,STORAGE,20140212 0000,20140213 0000,1354451, ,AF
ORO,D,15,STORAGE,20140213 0000,20140214 0000,1358233, ,AF
ORO,D,15,STORAGE,20140214 0000,20140215 0000,1361942, ,AF
ORO,D,15,STORAGE,20140215 0000,20140216 0000,1367842, ,AF
ORO,D,15,STORAGE,20140216 0000,20140217 0000,1373596, ,AF
ORO,D,15,STORAGE,20140217 0000,20140218 0000,1377740, ,AF
ORO,D,15,STORAGE,20140218 0000,20140219 0000,1381404, ,AF
ORO,D,15,STORAGE,20140219 0000,20140220 0000,1383116, ,AF
ORO,D,15,STORAGE,20140220 0000,20140221 0000,1385564, ,AF
ORO,D,15,STORAGE,20140221 0000,20140222 0000,1386217, ,AF
ORO,D,15,STORAGE,20140222 0000,20140223 0000,1386871, ,AF
ORO,D,15,STORAGE,20140223 0000,20140224 0000,1388506, ,AF
ORO,D,15,STORAGE,20140224 0000,20140225 0000,1389487, ,AF
ORO,D,15,STORAGE,20140225 0000,20140226 0000,1390142, ,AF
ORO,D,15,STORAGE,20140226 0000,20140227 0000,1391616, ,AF
ORO,D,15,STORAGE,20140227 0000,20140228 0000,1398753, ,AF
ORO,D,15,STORAGE,20140228 0000,20140301 0000,1406988, ,AF
ORO,D,15,STORAGE,20140301 0000,20140302 0000,1416168, ,AF
ORO,D,15,STORAGE,20140302 0000,20140303 0000,1425973, ,AF
ORO,D,15,STORAGE,20140303 0000,20140304 0000,1446815, ,AF
ORO,D,15,STORAGE,20140304 0000,20140305 0000,1468207, ,AF
ORO,D,15,STORAGE,20140305 0000,20140306 0000,1483131, ,AF
ORO,D,15,STORAGE,20140306 0000,20140307 0000,1511388, ,AF
ORO,D,15,STORAGE,20140307 0000,20140308 0000,1529159, ,AF
ORO,D,15,STORAGE,20140308 0000,20140309 0000,1540814, ,AF
ORO,D,15,STORAGE,20140309 0000,20140310 0000,1549090, ,AF
ORO,D,15,STORAGE,20140310 0000,20140311 0000,1561471, ,AF
ORO,D,15,STORAGE,20140311 0000,20140312 0000,1571159, ,AF
ORO,D,15,STORAGE,20140312 0000,20140313 0000,1578654, ,AF
ORO,D,15,STORAGE,20140313 0000,20140314 0000,1584739, ,AF
ORO,D,15,STORAGE,20140314 0000,20140315 0000,1589853, ,AF
ORO,D,15,STORAGE,20140315 0000,20140316 0000,1594438, ,AF
ORO,D,15,STORAGE,20140316 0000,20140317 0000,1598673, ,AF
ORO,D,15,STORAGE,20140317 0000,20140318 0000,1602914, ,AF
ORO,D,15,STORAGE,20140318 0000,20140319 0000,1606621, ,AF
ORO,D,15,STORAGE,20140319 0000,20140320 0000,1610152, ,AF
ORO,D,15,STORAGE,20140320 0000,20140321 0000,1612782, ,AF
ORO,D,15,STORAGE,20140321 0000,20140322 0000,1616050, ,AF
ORO,D,15,STORAGE,20140322 0000,20140323 0000,1618414, ,AF
ORO,D,15,STORAGE,20140323 0000,20140324 0000,1621144, ,AF
ORO,D,15,STORAGE,20140324 0000,20140325 0000,1623786, ,AF
ORO,D,15,STORAGE,20140325 0000,20140326 0000,1626705, ,AF
ORO,D,15,STORAGE,20140326 0000,20140327 0000,1630908, ,AF
ORO,D,15,STORAGE,20140327 0000,20140328 0000,1634110, ,AF
ORO,D,15,STORAGE,20140328 0000,20140329 0000,1637959, ,AF
ORO,D,15,STORAGE,20140329 0000,20140330 0000,1671028, ,AF
ORO,D,15,STORAGE,20140330 0000,20140331 0000,1698160, ,AF
ORO,D,15,STORAGE,20140331 0000,20140401 0000,1716103, ,AF
ORO,D,15,STORAGE,20140401 0000,20140402 0000,1731127, ,AF
ORO,D,15,STORAGE,20140402 0000,20140403 0000,1742025, ,AF
ORO,D,15,STORAGE,20140403 0000,20140404 0000,1751431, ,AF
ORO,D,15,STORAGE,20140404 0000,20140405 0000,1759716, ,AF
ORO,D,15,STORAGE,20140405 0000,20140406 0000,1766674, ,AF
ORO,D,15,STORAGE,20140406 0000,20140407 0000,1773271, ,AF
ORO,D,15,STORAGE,20140407 0000,20140408 0000,1781426, ,AF
ORO,D,15,STORAGE,20140408 0000,20140409 0000,1788437, ,AF
ORO,D,15,STORAGE,20140409 0000,20140410 0000,1797327, ,AF
ORO,D,15,STORAGE,20140410 0000,20140411 0000,1805070, ,AF
ORO,D,15,STORAGE,20140411 0000,20140412 0000,1812346, ,AF
ORO,D,15,STORAGE,20140412 0000,20140413 0000,1818260, ,AF
ORO,D,15,STORAGE,20140413 0000,20140414 0000,1824089, ,AF
ORO,D,15,STORAGE,20140414 0000,20140415 0000,1828841, ,AF
ORO,D,15,STORAGE,20140415 0000,20140416 0000,1834496, ,AF
ORO,D,15,STORAGE,20140416 0000,20140417 0000,1839467, ,AF
ORO,D,15,STORAGE,20140417 0000,20140418 0000,1843551, ,AF
ORO,D,15,STORAGE,20140418 0000,20140419 0000,1848040, ,AF
ORO,D,15,STORAGE,20140419 0000,20140420 0000,1851637, ,AF
ORO,D,15,STORAGE,20140420 0000,20140421 0000,1855640, ,AF
ORO,D,15,STORAGE,20140421 0000,20140422 0000,1858846, ,AF
ORO,D,15,STORAGE,20140422 0000,20140423 0000,1862157, ,AF
ORO,D,15,STORAGE,20140423 0000,20140424 0000,1864267, ,AF
ORO,D,15,STORAGE,20140424 0000,20140425 0000,1866478, ,AF
ORO,D,15,STORAGE,20140425 0000,20140426 0000,1869698, ,AF
ORO,D,15,STORAGE,20140426 0000,20140427 0000,1872417, ,AF
ORO,D,15,STORAGE,20140427 0000,20140428 0000,1874837, ,AF
ORO,D,15,STORAGE,20140428 0000,20140429 0000,1876552, ,AF
ORO,D,15,STORAGE,20140429 0000,20140430 0000,1877662, ,AF
ORO,D,15,STORAGE,20140430 0000,20140501 0000,1876552, ,AF
ORO,D,15,STORAGE,20140501 0000,20140502 0000,1875744, ,AF
ORO,D,15,STORAGE,20140502 0000,20140503 0000,1877662, ,AF
ORO,D,15,STORAGE,20140503 0000,20140504 0000,1874232, ,AF
ORO,D,15,STORAGE,20140504 0000,20140505 0000,1872921, ,AF
ORO,D,15,STORAGE,20140505 0000,20140506 0000,1869396, ,AF
ORO,D,15,STORAGE,20140506 0000,20140507 0000,1863864, ,AF
ORO,D,15,STORAGE,20140507 0000,20140508 0000,1856942, ,AF
ORO,D,15,STORAGE,20140508 0000,20140509 0000,1850038, ,AF
ORO,D,15,STORAGE,20140509 0000,20140510 0000,1853438, ,AF
ORO,D,15,STORAGE,20140510 0000,20140511 0000,1846942, ,AF
ORO,D,15,STORAGE,20140511 0000,20140512 0000,1840761, ,AF
ORO,D,15,STORAGE,20140512 0000,20140513 0000,1837279, ,AF
ORO,D,15,STORAGE,20140513 0000,20140514 0000,1833205, ,AF
ORO,D,15,STORAGE,20140514 0000,20140515 0000,1822309, ,AF
ORO,D,15,STORAGE,20140515 0000,20140516 0000,1817471, ,AF
ORO,D,15,STORAGE,20140516 0000,20140517 0000,1812148, ,AF
ORO,D,15,STORAGE,20140517 0000,20140518 0000,1806052, ,AF
ORO,D,15,STORAGE,20140518 0000,20140519 0000,1799677, ,AF
ORO,D,15,STORAGE,20140519 0000,20140520 0000,1792146, ,AF
ORO,D,15,STORAGE,20140520 0000,20140521 0000,1786390, ,AF
ORO,D,15,STORAGE,20140521 0000,20140522 0000,1780454, ,AF
ORO,D,15,STORAGE,20140522 0000,20140523 0000,1777442, ,AF
ORO,D,15,STORAGE,20140523 0000,20140524 0000,1775114, ,AF
ORO,D,15,STORAGE,20140524 0000,20140525 0000,1768707, ,AF
ORO,D,15,STORAGE,20140525 0000,20140526 0000,1763773, ,AF
ORO,D,15,STORAGE,20140526 0000,20140527 0000,1758558, ,AF
ORO,D,15,STORAGE,20140527 0000,20140528 0000,1754704, ,AF
ORO,D,15,STORAGE,20140528 0000,20140529 0000,1751720, ,AF
ORO,D,15,STORAGE,20140529 0000,20140530 0000,1747012, ,AF
ORO,D,15,STORAGE,20140530 0000,20140531 0000,1740013, ,AF
ORO,D,15,STORAGE,20140531 0000,20140601 0000,1734181, ,AF
ORO,D,15,STORAGE,20140601 0000,20140602 0000,1729124, ,AF
ORO,D,15,STORAGE,20140602 0000,20140603 0000,1723033, ,AF
ORO,D,15,STORAGE,20140603 0000,20140604 0000,1715250, ,AF
ORO,D,15,STORAGE,20140604 0000,20140605 0000,1710990, ,AF
ORO,D,15,STORAGE,20140605 0000,20140606 0000,1705793, ,AF
ORO,D,15,STORAGE,20140606 0000,20140607 0000,1700324, ,AF
ORO,D,15,STORAGE,20140607 0000,20140608 0000,1695339, ,AF
ORO,D,15,STORAGE,20140608 0000,20140609 0000,1694775, ,AF
ORO,D,15,STORAGE,20140609 0000,20140610 0000,1690925, ,AF
ORO,D,15,STORAGE,20140610 0000,20140611 0000,1685772, ,AF
ORO,D,15,STORAGE,20140611 0000,20140612 0000,1678015, ,AF
ORO,D,15,STORAGE,20140612 0000,20140613 0000,1669726, ,AF
ORO,D,15,STORAGE,20140613 0000,20140613 0000,1663417, ,AF
ORO,D,15,STORAGE,20140614 0000,20140615 0000,1652128, ,AF
ORO,D,15,STORAGE,20140615 0000,20140616 0000,1640621, ,AF
ORO,D,15,STORAGE,20140616 0000,20140617 0000,1628805, ,AF
ORO,D,15,STORAGE,20140617 0000,20140618 0000,1619778, ,AF
ORO,D,15,STORAGE,20140618 0000,20140619 0000,1611784, ,AF
ORO,D,15,STORAGE,20140619 0000,20140620 0000,1602282, ,AF
ORO,D,15,STORAGE,20140620 0000,20140621 0000,1600567, ,AF
ORO,D,15,STORAGE,20140621 0000,20140622 0000,1589494, ,AF
ORO,D,15,STORAGE,20140622 0000,20140623 0000,1577314, ,AF
ORO,D,15,STORAGE,20140623 0000,20140624 0000,1567421, ,AF
ORO,D,15,STORAGE,20140624 0000,20140625 0000,1557661, ,AF
ORO,D,15,STORAGE,20140625 0000,20140626 0000,1552797, ,AF
ORO,D,15,STORAGE,20140626 0000,20140627 0000,1547590, ,AF
ORO,D,15,STORAGE,20140627 0000,20140628 0000,1542397, ,AF
ORO,D,15,STORAGE,20140628 0000,20140629 0000,1529159, ,AF
ORO,D,15,STORAGE,20140629 0000,20140630 0000,1516088, ,AF
ORO,D,15,STORAGE,20140630 0000,20140701 0000,1511388, ,AF
ORO,D,15,STORAGE,20140701 0000,20140702 0000,1507576, ,AF
ORO,D,15,STORAGE,20140702 0000,20140703 0000,1496782, ,AF
ORO,D,15,STORAGE,20140703 0000,20140704 0000,1485872, ,AF
ORO,D,15,STORAGE,20140704 0000,20140705 0000,1471268, ,AF
ORO,D,15,STORAGE,20140705 0000,20140706 0000,1456681, ,AF
ORO,D,15,STORAGE,20140706 0000,20140707 0000,1447741, ,AF
ORO,D,15,STORAGE,20140707 0000,20140708 0000,1439174, ,AF
ORO,D,15,STORAGE,20140708 0000,20140709 0000,1436912, ,AF
ORO,D,15,STORAGE,20140709 0000,20140710 0000,1432897, ,AF
ORO,D,15,STORAGE,20140710 0000,20140711 0000,1424724, ,AF
ORO,D,15,STORAGE,20140711 0000,20140712 0000,1411532, ,AF
ORO,D,15,STORAGE,20140712 0000,20140713 0000,1395140, ,AF
ORO,D,15,STORAGE,20140713 0000,20140714 0000,1382953, ,AF
ORO,D,15,STORAGE,20140714 0000,20140715 0000,1374652, ,AF
ORO,D,15,STORAGE,20140715 0000,20140716 0000,1367680, ,AF
ORO,D,15,STORAGE,20140716 0000,20140717 0000,1365658, ,AF
ORO,D,15,STORAGE,20140717 0000,20140718 0000,1359281, ,AF
ORO,D,15,STORAGE,20140718 0000,20140719 0000,1354692, ,AF
ORO,D,15,STORAGE,20140719 0000,20140720 0000,1341230, ,AF
ORO,D,15,STORAGE,20140720 0000,20140721 0000,1327383, ,AF
ORO,D,15,STORAGE,20140721 0000,20140722 0000,1322710, ,AF
ORO,D,15,STORAGE,20140722 0000,20140723 0000,1316786, ,AF
ORO,D,15,STORAGE,20140723 0000,20140724 0000,1312768, ,AF
ORO,D,15,STORAGE,20140724 0000,20140725 0000,1303268, ,AF
ORO,D,15,STORAGE,20140725 0000,20140726 0000,1291868, ,AF
ORO,D,15,STORAGE,20140726 0000,20140727 0000,1285106, ,AF
ORO,D,15,STORAGE,20140727 0000,20140728 0000,1274816, ,AF
ORO,D,15,STORAGE,20140728 0000,20140729 0000,1268653, ,AF
ORO,D,15,STORAGE,20140729 0000,20140730 0000,1264888, ,AF
ORO,D,15,STORAGE,20140730 0000,20140731 0000,1258145, ,AF
ORO,D,15,STORAGE,20140731 0000,20140801 0000,1252662, ,AF
ORO,D,15,STORAGE,20140801 0000,20140802 0000,1247482, ,AF
ORO,D,15,STORAGE,20140802 0000,20140803 0000,1241331, ,AF
ORO,D,15,STORAGE,20140803 0000,20140804 0000,1235807, ,AF
ORO,D,15,STORAGE,20140804 0000,20140805 0000,1229923, ,AF
ORO,D,15,STORAGE,20140805 0000,20140806 0000,1221360, ,AF
ORO,D,15,STORAGE,20140806 0000,20140807 0000,1215377, ,AF
ORO,D,15,STORAGE,20140807 0000,20140808 0000,1210010, ,AF
ORO,D,15,STORAGE,20140808 0000,20140809 0000,1205922, ,AF
ORO,D,15,STORAGE,20140809 0000,20140810 0000,1199179, ,AF
ORO,D,15,STORAGE,20140810 0000,20140811 0000,1193494, ,AF
ORO,D,15,STORAGE,20140811 0000,20140812 0000,1188711, ,AF
ORO,D,15,STORAGE,20140812 0000,20140813 0000,1184454, ,AF
ORO,D,15,STORAGE,20140813 0000,20140814 0000,1179331, ,AF
ORO,D,15,STORAGE,20140814 0000,20140815 0000,1173933, ,AF
ORO,D,15,STORAGE,20140815 0000,20140816 0000,1167681, ,AF
ORO,D,15,STORAGE,20140816 0000,20140817 0000,1161814, ,AF
ORO,D,15,STORAGE,20140817 0000,20140818 0000,1155680, ,AF
ORO,D,15,STORAGE,20140818 0000,20140819 0000,1149641, ,AF
ORO,D,15,STORAGE,20140819 0000,20140820 0000,1143910, ,AF
ORO,D,15,STORAGE,20140820 0000,20140821 0000,1139197, ,AF
ORO,D,15,STORAGE,20140821 0000,20140822 0000,1133787, ,AF
ORO,D,15,STORAGE,20140822 0000,20140823 0000,1128679, ,AF
ORO,D,15,STORAGE,20140823 0000,20140824 0000,1123093, ,AF
ORO,D,15,STORAGE,20140824 0000,20140825 0000,1118230, ,AF
ORO,D,15,STORAGE,20140825 0000,20140826 0000,1114645, ,AF
ORO,D,15,STORAGE,20140826 0000,20140827 0000,1112120, ,AF
ORO,D,15,STORAGE,20140827 0000,20140828 0000,1109738, ,AF
ORO,D,15,STORAGE,20140828 0000,20140829 0000,1107290, ,AF
ORO,D,15,STORAGE,20140829 0000,20140830 0000,1104497, ,AF
ORO,D,15,STORAGE,20140830 0000,20140831 0000,1101709, ,AF
ORO,D,15,STORAGE,20140831 0000,20140901 0000,1100386, ,AF
ORO,D,15,STORAGE,20140901 0000,20140902 0000,1100873, ,AF
ORO,D,15,STORAGE,20140902 0000,20140903 0000,1097883, ,AF
ORO,D,15,STORAGE,20140903 0000,20140904 0000,1099900, ,AF
ORO,D,15,STORAGE,20140904 0000,20140905 0000,1098022, ,AF
ORO,D,15,STORAGE,20140905 0000,20140906 0000,1096217, ,AF
ORO,D,15,STORAGE,20140906 0000,20140907 0000,1094275, ,AF
ORO,D,15,STORAGE,20140907 0000,20140908 0000,1092751, ,AF
ORO,D,15,STORAGE,20140908 0000,20140909 0000,1092959, ,AF
ORO,D,15,STORAGE,20140909 0000,20140910 0000,1091575, ,AF
ORO,D,15,STORAGE,20140910 0000,20140911 0000,1089293, ,AF
ORO,D,15,STORAGE,20140911 0000,20140912 0000,1090053, ,AF
ORO,D,15,STORAGE,20140912 0000,20140913 0000,1088326, ,AF
ORO,D,15,STORAGE,20140913 0000,20140914 0000,1087981, ,AF
ORO,D,15,STORAGE,20140914 0000,20140915 0000,1086670, ,AF
ORO,D,15,STORAGE,20140915 0000,20140916 0000,1084464, ,AF
ORO,D,15,STORAGE,20140916 0000,20140917 0000,1086050, ,AF
ORO,D,15,STORAGE,20140917 0000,20140918 0000,1084051, ,AF
ORO,D,15,STORAGE,20140918 0000,20140919 0000,1083707, ,AF
ORO,D,15,STORAGE,20140919 0000,20140920 0000,1083225, ,AF
ORO,D,15,STORAGE,20140920 0000,20140921 0000,1082812, ,AF
ORO,D,15,STORAGE,20140921 0000,20140922 0000,1082193, ,AF
ORO,D,15,STORAGE,20140922 0000,20140923 0000,1081987, ,AF
ORO,D,15,STORAGE,20140923 0000,20140924 0000,1081712, ,AF
ORO,D,15,STORAGE,20140924 0000,20140925 0000,1080475, ,AF
ORO,D,15,STORAGE,20140925 0000,20140926 0000,1082537, ,AF
ORO,D,15,STORAGE,20140926 0000,20140927 0000,1081918, ,AF
ORO,D,15,STORAGE,20140927 0000,20140928 0000,1079994, ,AF
ORO,D,15,STORAGE,20140928 0000,20140929 0000,1079994, ,AF
ORO,D,15,STORAGE,20140929 0000,20140930 0000,1077798, ,AF
ORO,D,15,STORAGE,20140930 0000,20141001 0000,1075879, ,AF
ORO,D,15,STORAGE,20141001 0000,20141002 0000,1075537, ,AF
ORO,D,15,STORAGE,20141002 0000,20141003 0000,1075811, ,AF
ORO,D,15,STORAGE,20141003 0000,20141004 0000,1076222, ,AF
ORO,D,15,STORAGE,20141004 0000,20141005 0000,1073074, ,AF
ORO,D,15,STORAGE,20141005 0000,20141006 0000,1071366, ,AF
ORO,D,15,STORAGE,20141006 0000,20141007 0000,1067818, ,AF
ORO,D,15,STORAGE,20141007 0000,20141008 0000,1064688, ,AF
ORO,D,15,STORAGE,20141008 0000,20141009 0000,1059868, ,AF
ORO,D,15,STORAGE,20141009 0000,20141010 0000,1056956, ,AF
ORO,D,15,STORAGE,20141010 0000,20141011 0000,1053645, ,AF
ORO,D,15,STORAGE,20141011 0000,20141012 0000,1049937, ,AF
ORO,D,15,STORAGE,20141012 0000,20141013 0000,1046708, ,AF
ORO,D,15,STORAGE,20141013 0000,20141014 0000,1043085, ,AF
ORO,D,15,STORAGE,20141014 0000,20141015 0000,1037064, ,AF
ORO,D,15,STORAGE,20141015 0000,20141016 0000,1033130, ,AF
ORO,D,15,STORAGE,20141016 0000,20141017 0000,1028608, ,AF
ORO,D,15,STORAGE,20141017 0000,20141018 0000,1024034, ,AF
ORO,D,15,STORAGE,20141018 0000,20141019 0000,1019012, ,AF
ORO,D,15,STORAGE,20141019 0000,20141020 0000,1014730, ,AF
ORO,D,15,STORAGE,20141020 0000,20141021 0000,1009084, ,AF
ORO,D,15,STORAGE,20141021 0000,20141022 0000,1005091, ,AF
ORO,D,15,STORAGE,20141022 0000,20141023 0000,1000002, ,AF
ORO,D,15,STORAGE,20141023 0000,20141024 0000,1002218, ,AF
ORO,D,15,STORAGE,20141024 0000,20141025 0000,987032, ,AF
ORO,D,15,STORAGE,20141025 0000,20141026 0000,982327, ,AF
ORO,D,15,STORAGE,20141026 0000,20141027 0000,977701, ,AF
ORO,D,15,STORAGE,20141027 0000,20141028 0000,973026, ,AF
ORO,D,15,STORAGE,20141028 0000,20141029 0000,966264, ,AF
ORO,D,15,STORAGE,20141029 0000,20141030 0000,963912, ,AF
ORO,D,15,STORAGE,20141030 0000,20141031 0000,959662, ,AF
ORO,D,15,STORAGE,20141031 0000,20141101 0000,953720, ,AF
ORO,D,15,STORAGE,20141101 0000,20141102 0000,950759, ,AF
ORO,D,15,STORAGE,20141102 0000,20141103 0000,947050, ,AF
ORO,D,15,STORAGE,20141103 0000,20141104 0000,943352, ,AF
ORO,D,15,STORAGE,20141104 0000,20141105 0000,940350, ,AF
ORO,D,15,STORAGE,20141105 0000,20141106 0000,934988, ,AF
ORO,D,15,STORAGE,20141106 0000,20141107 0000,934677, ,AF
ORO,D,15,STORAGE,20141107 0000,20141108 0000,929214, ,AF
ORO,D,15,STORAGE,20141108 0000,20141109 0000,925686, ,AF
ORO,D,15,STORAGE,20141109 0000,20141110 0000,923525, ,AF
ORO,D,15,STORAGE,20141110 0000,20141111 0000,918782, ,AF
ORO,D,15,STORAGE,20141111 0000,20141112 0000,915221, ,AF
ORO,D,15,STORAGE,20141112 0000,20141113 0000,912097, ,AF
ORO,D,15,STORAGE,20141113 0000,20141114 0000,910446, ,AF
ORO,D,15,STORAGE,20141114 0000,20141115 0000,909042, ,AF
ORO,D,15,STORAGE,20141115 0000,20141116 0000,909103, ,AF
ORO,D,15,STORAGE,20141116 0000,20141117 0000,909163, ,AF
ORO,D,15,STORAGE,20141117 0000,20141118 0000,904167, ,AF
ORO,D,15,STORAGE,20141118 0000,20141119 0000,902708, ,AF
ORO,D,15,STORAGE,20141119 0000,20141120 0000,900099, ,AF
ORO,D,15,STORAGE,20141120 0000,20141121 0000,899371, ,AF
ORO,D,15,STORAGE,20141121 0000,20141122 0000,898221, ,AF
ORO,D,15,STORAGE,20141122 0000,20141123 0000,901615, ,AF
ORO,D,15,STORAGE,20141123 0000,20141124 0000,903437, ,AF
ORO,D,15,STORAGE,20141124 0000,20141125 0000,903985, ,AF
ORO,D,15,STORAGE,20141125 0000,20141126 0000,904410, ,AF
ORO,D,15,STORAGE,20141126 0000,20141127 0000,905567, ,AF
ORO,D,15,STORAGE,20141127 0000,20141128 0000,905567, ,AF
ORO,D,15,STORAGE,20141128 0000,20141129 0000,905506, ,AF
ORO,D,15,STORAGE,20141129 0000,20141130 0000,906846, ,AF
ORO,D,15,STORAGE,20141130 0000,20141201 0000,910446, ,AF
ORO,D,15,STORAGE,20141201 0000,20141202 0000,914240, ,AF
ORO,D,15,STORAGE,20141202 0000,20141203 0000,919889, ,AF
ORO,D,15,STORAGE,20141203 0000,20141204 0000,937292, ,AF
ORO,D,15,STORAGE,20141204 0000,20141205 0000,961817, ,AF
ORO,D,15,STORAGE,20141205 0000,20141206 0000,978728, ,AF
ORO,D,15,STORAGE,20141206 0000,20141207 0000,1000328, ,AF
ORO,D,15,STORAGE,20141207 0000,20141208 0000,1013678, ,AF
ORO,D,15,STORAGE,20141208 0000,20141209 0000,1020663, ,AF
ORO,D,15,STORAGE,20141209 0000,20141210 0000,1027746, ,AF
ORO,D,15,STORAGE,20141210 0000,20141211 0000,1033796, ,AF
ORO,D,15,STORAGE,20141211 0000,20141212 0000,1075126, ,AF
ORO,D,15,STORAGE,20141212 0000,20141213 0000,1112189, ,AF
ORO,D,15,STORAGE,20141213 0000,20141214 0000,1130096, ,AF
ORO,D,15,STORAGE,20141214 0000,20141215 0000,1143195, ,AF
ORO,D,15,STORAGE,20141215 0000,20141216 0000,1152442, ,AF
ORO,D,15,STORAGE,20141216 0000,20141217 0000,1168552, ,AF
ORO,D,15,STORAGE,20141217 0000,20141218 0000,1181525, ,AF
ORO,D,15,STORAGE,20141218 0000,20141219 0000,1192832, ,AF
ORO,D,15,STORAGE,20141219 0000,20141220 0000,1209490, ,AF
ORO,D,15,STORAGE,20141220 0000,20141221 0000,1230300, ,AF
ORO,D,15,STORAGE,20141221 0000,20141222 0000,1249004, ,AF
ORO,D,15,STORAGE,20141222 0000,20141223 0000,1267345, ,AF
ORO,D,15,STORAGE,20141223 0000,20141224 0000,1279992, ,AF
ORO,D,15,STORAGE,20141224 0000,20141225 0000,1292335, ,AF
ORO,D,15,STORAGE,20141225 0000,20141226 0000,1300062,e,AF
ORO,D,15,STORAGE,20141226 0000,20141227 0000,1310253,e,AF
ORO,D,15,STORAGE,20141227 0000,20141228 0000,1318682,e,AF
ORO,D,15,STORAGE,20141228 0000,20141229 0000,1326038,e,AF
ORO,D,15,STORAGE,20141229 0000,20141230 0000,1332706,e,AF
ORO,D,15,STORAGE,20141230 0000,20141231 0000,1342189,e,AF
ORO,D,15,STORAGE,20141231 0000,20150101 0000,1346988, ,AF
ORO,D,15,STORAGE,20150101 0000,20150102 0000,1351639, ,AF
ORO,D,15,STORAGE,20150102 0000,20150103 0000,1356221, ,AF
ORO,D,15,STORAGE,20150103 0000,20150104 0000,1360248, ,AF
ORO,D,15,STORAGE,20150104 0000,20150105 0000,1364122, ,AF
ORO,D,15,STORAGE,20150105 0000,20150106 0000,1368084, ,AF
ORO,D,15,STORAGE,20150106 0000,20150107 0000,1371649, ,AF
ORO,D,15,STORAGE,20150107 0000,20150108 0000,1374733, ,AF
ORO,D,15,STORAGE,20150108 0000,20150109 0000,1379123, ,AF
ORO,D,15,STORAGE,20150109 0000,20150110 0000,1381974, ,AF
ORO,D,15,STORAGE,20150110 0000,20150111 0000,1385401, ,AF
ORO,D,15,STORAGE,20150111 0000,20150112 0000,1387688, ,AF
ORO,D,15,STORAGE,20150112 0000,20150113 0000,1390633, ,AF
ORO,D,15,STORAGE,20150113 0000,20150114 0000,1393500, ,AF
ORO,D,15,STORAGE,20150114 0000,20150115 0000,1396535, ,AF
ORO,D,15,STORAGE,20150115 0000,20150116 0000,1399411, ,AF
ORO,D,15,STORAGE,20150116 0000,20150117 0000,1402619, ,AF
ORO,D,15,STORAGE,20150117 0000,20150118 0000,1405009, ,AF
ORO,D,15,STORAGE,20150118 0000,20150119 0000,1408227, ,AF
ORO,D,15,STORAGE,20150119 0000,20150120 0000,1412359, ,AF
ORO,D,15,STORAGE,20150120 0000,20150121 0000,1415920, ,AF
ORO,D,15,STORAGE,20150121 0000,20150122 0000,1418823, ,AF
ORO,D,15,STORAGE,20150122 0000,20150123 0000,1421813, ,AF
ORO,D,15,STORAGE,20150123 0000,20150124 0000,1424974, ,AF
ORO,D,15,STORAGE,20150124 0000,20150125 0000,1427306, ,AF
ORO,D,15,STORAGE,20150125 0000,20150126 0000,1430225, ,AF
ORO,D,15,STORAGE,20150126 0000,20150127 0000,1433315, ,AF
ORO,D,15,STORAGE,20150127 0000,20150128 0000,1435656, ,AF
ORO,D,15,STORAGE,20150128 0000,20150129 0000,1438839, ,AF
ORO,D,15,STORAGE,20150129 0000,20150130 0000,1442109, ,AF
ORO,D,15,STORAGE,20150130 0000,20150131 0000,1443285, ,AF
ORO,D,15,STORAGE,20150131 0000,20150201 0000,1443957, ,AF
ORO,D,15,STORAGE,20150201 0000,20150202 0000,1445218, ,AF
ORO,D,15,STORAGE,20150202 0000,20150203 0000,1446563, ,AF
ORO,D,15,STORAGE,20150203 0000,20150204 0000,1447993, ,AF
ORO,D,15,STORAGE,20150204 0000,20150205 0000,1451025, ,AF
ORO,D,15,STORAGE,20150205 0000,20150206 0000,1453302, ,AF
ORO,D,15,STORAGE,20150206 0000,20150207 0000,1460403, ,AF
ORO,D,15,STORAGE,20150207 0000,20150208 0000,1496610, ,AF
ORO,D,15,STORAGE,20150208 0000,20150209 0000,1520784, ,AF
ORO,D,15,STORAGE,20150209 0000,20150210 0000,1575707, ,AF
ORO,D,15,STORAGE,20150210 0000,20150211 0000,1607254, ,AF
ORO,D,15,STORAGE,20150211 0000,20150212 0000,1627709, ,AF
ORO,D,15,STORAGE,20150212 0000,20150213 0000,1642550, ,AF
ORO,D,15,STORAGE,20150213 0000,20150214 0000,1654343, ,AF
ORO,D,15,STORAGE,20150214 0000,20150215 0000,1664433, ,AF
ORO,D,15,STORAGE,20150215 0000,20150216 0000,1673448, ,AF
ORO,D,15,STORAGE,20150216 0000,20150217 0000,1680069, ,AF
ORO,D,15,STORAGE,20150217 0000,20150218 0000,1686614, ,AF
ORO,D,15,STORAGE,20150218 0000,20150219 0000,1691676, ,AF
ORO,D,15,STORAGE,20150219 0000,20150220 0000,1697783, ,AF
ORO,D,15,STORAGE,20150220 0000,20150221 0000,1703246, ,AF
ORO,D,15,STORAGE,20150221 0000,20150222 0000,1708626, ,AF
ORO,D,15,STORAGE,20150222 0000,20150223 0000,1711368, ,AF
ORO,D,15,STORAGE,20150223 0000,20150224 0000,1716956, ,AF
ORO,D,15,STORAGE,20150224 0000,20150225 0000,1721037, ,AF
ORO,D,15,STORAGE,20150225 0000,20150226 0000,1725030, ,AF
ORO,D,15,STORAGE,20150226 0000,20150227 0000,1728362, ,AF
ORO,D,15,STORAGE,20150227 0000,20150228 0000,1732176, ,AF
ORO,D,15,STORAGE,20150228 0000,20150301 0000,1735518, ,AF
ORO,D,15,STORAGE,20150301 0000,20150302 0000,1739248, ,AF
ORO,D,15,STORAGE,20150302 0000,20150303 0000,1742791, ,AF
ORO,D,15,STORAGE,20150303 0000,20150304 0000,1745860, ,AF
ORO,D,15,STORAGE,20150304 0000,20150305 0000,1749508, ,AF
ORO,D,15,STORAGE,20150305 0000,20150306 0000,1752201, ,AF
ORO,D,15,STORAGE,20150306 0000,20150307 0000,1754992, ,AF
ORO,D,15,STORAGE,20150307 0000,20150308 0000,1758462, ,AF
ORO,D,15,STORAGE,20150308 0000,20150309 0000,1760875, ,AF
ORO,D,15,STORAGE,20150309 0000,20150310 0000,1763676, ,AF
ORO,D,15,STORAGE,20150310 0000,20150311 0000,1766287, ,AF
ORO,D,15,STORAGE,20150311 0000,20150312 0000,1769094, ,AF
ORO,D,15,STORAGE,20150312 0000,20150313 0000,1771323, ,AF
ORO,D,15,STORAGE,20150313 0000,20150314 0000,1773853, ,AF
ORO,D,15,STORAGE,20150314 0000,20150315 0000,1774629, ,AF
ORO,D,15,STORAGE,20150315 0000,20150316 0000,1775308, ,AF
ORO,D,15,STORAGE,20150316 0000,20150317 0000,1775987, ,AF
ORO,D,15,STORAGE,20150317 0000,20150318 0000,1776957, ,AF
ORO,D,15,STORAGE,20150318 0000,20150319 0000,1778414, ,AF
ORO,D,15,STORAGE,20150319 0000,20150320 0000,1779871, ,AF
ORO,D,15,STORAGE,20150320 0000,20150321 0000,1780648, ,AF
ORO,D,15,STORAGE,20150321 0000,20150322 0000,1781426, ,AF
ORO,D,15,STORAGE,20150322 0000,20150323 0000,1782301, ,AF
ORO,D,15,STORAGE,20150323 0000,20150324 0000,1783955, ,AF
ORO,D,15,STORAGE,20150324 0000,20150325 0000,1785806, ,AF
ORO,D,15,STORAGE,20150325 0000,20150326 0000,1786780, ,AF
ORO,D,15,STORAGE,20150326 0000,20150327 0000,1788340, ,AF
ORO,D,15,STORAGE,20150327 0000,20150328 0000,1789608, ,AF
ORO,D,15,STORAGE,20150328 0000,20150329 0000,1790681, ,AF
ORO,D,15,STORAGE,20150329 0000,20150330 0000,1791560, ,AF
ORO,D,15,STORAGE,20150330 0000,20150331 0000,1792048, ,AF
ORO,D,15,STORAGE,20150331 0000,20150401 0000,1793611, ,AF
ORO,D,15,STORAGE,20150401 0000,20150402 0000,1794100, ,AF
ORO,D,15,STORAGE,20150402 0000,20150403 0000,1795664, ,AF
ORO,D,15,STORAGE,20150403 0000,20150404 0000,1792927, ,AF
ORO,D,15,STORAGE,20150404 0000,20150405 0000,1791560, ,AF
ORO,D,15,STORAGE,20150405 0000,20150406 0000,1793318, ,AF
ORO,D,15,STORAGE,20150406 0000,20150407 0000,1794882, ,AF
ORO,D,15,STORAGE,20150407 0000,20150408 0000,1797034, ,AF
ORO,D,15,STORAGE,20150408 0000,20150409 0000,1798110, ,AF
ORO,D,15,STORAGE,20150409 0000,20150410 0000,1800167, ,AF
ORO,D,15,STORAGE,20150410 0000,20150411 0000,1801637, ,AF
ORO,D,15,STORAGE,20150411 0000,20150412 0000,1802911, ,AF
ORO,D,15,STORAGE,20150412 0000,20150413 0000,1805365, ,AF
ORO,D,15,STORAGE,20150413 0000,20150414 0000,1806642, ,AF
ORO,D,15,STORAGE,20150414 0000,20150415 0000,1808214, ,AF
ORO,D,15,STORAGE,20150415 0000,20150416 0000,1810082, ,AF
ORO,D,15,STORAGE,20150416 0000,20150417 0000,1811558, ,AF
ORO,D,15,STORAGE,20150417 0000,20150418 0000,1812641, ,AF
ORO,D,15,STORAGE,20150418 0000,20150419 0000,1809394, ,AF
ORO,D,15,STORAGE,20150419 0000,20150420 0000,1807231, ,AF
ORO,D,15,STORAGE,20150420 0000,20150421 0000,1805660, ,AF
ORO,D,15,STORAGE,20150421 0000,20150422 0000,1804285, ,AF
ORO,D,15,STORAGE,20150422 0000,20150423 0000,1802911, ,AF
ORO,D,15,STORAGE,20150423 0000,20150424 0000,1803500, ,AF
ORO,D,15,STORAGE,20150424 0000,20150425 0000,1800657, ,AF
ORO,D,15,STORAGE,20150425 0000,20150426 0000,1799383, ,AF
ORO,D,15,STORAGE,20150426 0000,20150427 0000,1796251, ,AF
ORO,D,15,STORAGE,20150427 0000,20150428 0000,1793611, ,AF
ORO,D,15,STORAGE,20150428 0000,20150429 0000,1790095, ,AF
ORO,D,15,STORAGE,20150429 0000,20150430 0000,1786683, ,AF
ORO,D,15,STORAGE,20150430 0000,20150501 0000,1782496, ,AF
ORO,D,15,STORAGE,20150501 0000,20150502 0000,1777442, ,AF
ORO,D,15,STORAGE,20150502 0000,20150503 0000,1770160, ,AF
ORO,D,15,STORAGE,20150503 0000,20150504 0000,1763386, ,AF
ORO,D,15,STORAGE,20150504 0000,20150505 0000,1755860, ,AF
ORO,D,15,STORAGE,20150505 0000,20150506 0000,1750951, ,AF
ORO,D,15,STORAGE,20150506 0000,20150507 0000,1743750, ,AF
ORO,D,15,STORAGE,20150507 0000,20150508 0000,1733035, ,AF
ORO,D,15,STORAGE,20150508 0000,20150509 0000,1722938, ,AF
ORO,D,15,STORAGE,20150509 0000,20150510 0000,1712409, ,AF
ORO,D,15,STORAGE,20150510 0000,20150511 0000,1702491, ,AF
ORO,D,15,STORAGE,20150511 0000,20150512 0000,1691957, ,AF
ORO,D,15,STORAGE,20150512 0000,20150513 0000,1684555, ,AF
ORO,D,15,STORAGE,20150513 0000,20150514 0000,1671959, ,AF
ORO,D,15,STORAGE,20150514 0000,20150515 0000,1664897, ,AF
ORO,D,15,STORAGE,20150515 0000,20150516 0000,1656191, ,AF
ORO,D,15,STORAGE,20150516 0000,20150517 0000,1649361, ,AF
ORO,D,15,STORAGE,20150517 0000,20150518 0000,1640621, ,AF
ORO,D,15,STORAGE,20150518 0000,20150519 0000,1632646, ,AF
ORO,D,15,STORAGE,20150519 0000,20150520 0000,1626249, ,AF
ORO,D,15,STORAGE,20150520 0000,20150521 0000,1617504, ,AF
ORO,D,15,STORAGE,20150521 0000,20150522 0000,1611512, ,AF
ORO,D,15,STORAGE,20150522 0000,20150523 0000,1602914, ,AF
ORO,D,15,STORAGE,20150523 0000,20150524 0000,1596960, ,AF
ORO,D,15,STORAGE,20150524 0000,20150525 0000,1593179, ,AF
ORO,D,15,STORAGE,20150525 0000,20150526 0000,1588057, ,AF
ORO,D,15,STORAGE,20150526 0000,20150527 0000,1583754, ,AF
ORO,D,15,STORAGE,20150527 0000,20150528 0000,1581784, ,AF
ORO,D,15,STORAGE,20150528 0000,20150529 0000,1578386, ,AF
ORO,D,15,STORAGE,20150529 0000,20150530 0000,1574636, ,AF
ORO,D,15,STORAGE,20150530 0000,20150531 0000,1570179, ,AF
ORO,D,15,STORAGE,20150531 0000,20150601 0000,1565377, ,AF
ORO,D,15,STORAGE,20150601 0000,20150602 0000,1559875, ,AF
ORO,D,15,STORAGE,20150602 0000,20150603 0000,1555360, ,AF
ORO,D,15,STORAGE,20150603 0000,20150604 0000,1550589, ,AF
ORO,D,15,STORAGE,20150604 0000,20150605 0000,1544948, ,AF
ORO,D,15,STORAGE,20150605 0000,20150606 0000,1540024, ,AF
ORO,D,15,STORAGE,20150606 0000,20150607 0000,1535023, ,AF
ORO,D,15,STORAGE,20150607 0000,20150608 0000,1531345, ,AF
ORO,D,15,STORAGE,20150608 0000,20150609 0000,1527674, ,AF
ORO,D,15,STORAGE,20150609 0000,20150610 0000,1521046, ,AF
ORO,D,15,STORAGE,20150610 0000,20150611 0000,1516696, ,AF
ORO,D,15,STORAGE,20150611 0000,20150612 0000,1512688, ,AF
ORO,D,15,STORAGE,20150612 0000,20150613 0000,1508528, ,AF
ORO,D,15,STORAGE,20150613 0000,20150614 0000,1504894, ,AF
ORO,D,15,STORAGE,20150614 0000,20150615 0000,1500920, ,AF
ORO,D,15,STORAGE,20150615 0000,20150616 0000,1496954, ,AF
ORO,D,15,STORAGE,20150616 0000,20150617 0000,1491277, ,AF
ORO,D,15,STORAGE,20150617 0000,20150618 0000,1485700, ,AF
ORO,D,15,STORAGE,20150618 0000,20150619 0000,1480053, ,AF
ORO,D,15,STORAGE,20150619 0000,20150620 0000,1473908, ,AF
ORO,D,15,STORAGE,20150620 0000,20150621 0000,1467527, ,AF
ORO,D,15,STORAGE,20150621 0000,20150622 0000,1461080, ,AF
ORO,D,15,STORAGE,20150622 0000,20150623 0000,1453218, ,AF
ORO,D,15,STORAGE,20150623 0000,20150624 0000,1444713, ,AF
ORO,D,15,STORAGE,20150624 0000,20150625 0000,1441606, ,AF
ORO,D,15,STORAGE,20150625 0000,20150626 0000,1434736, ,AF
ORO,D,15,STORAGE,20150626 0000,20150627 0000,1426639, ,AF
ORO,D,15,STORAGE,20150627 0000,20150628 0000,1419238, ,AF
ORO,D,15,STORAGE,20150628 0000,20150629 0000,1412194, ,AF
ORO,D,15,STORAGE,20150629 0000,20150630 0000,1404184, ,AF
ORO,D,15,STORAGE,20150630 0000,20150701 0000,1395386, ,AF
ORO,D,15,STORAGE,20150701 0000,20150702 0000,1386462, ,AF
ORO,D,15,STORAGE,20150702 0000,20150703 0000,1377334, ,AF
ORO,D,15,STORAGE,20150703 0000,20150704 0000,1369218, ,AF
ORO,D,15,STORAGE,20150704 0000,20150705 0000,1361942, ,AF
ORO,D,15,STORAGE,20150705 0000,20150706 0000,1354933, ,AF
ORO,D,15,STORAGE,20150706 0000,20150707 0000,1348511, ,AF
ORO,D,15,STORAGE,20150707 0000,20150708 0000,1339793, ,AF
ORO,D,15,STORAGE,20150708 0000,20150709 0000,1331432, ,AF
ORO,D,15,STORAGE,20150709 0000,20150710 0000,1323344, ,AF
ORO,D,15,STORAGE,20150710 0000,20150711 0000,1316865, ,AF
ORO,D,15,STORAGE,20150711 0000,20150712 0000,1310094, ,AF
ORO,D,15,STORAGE,20150712 0000,20150713 0000,1301468, ,AF
ORO,D,15,STORAGE,20150713 0000,20150714 0000,1293035, ,AF
ORO,D,15,STORAGE,20150714 0000,20150715 0000,1285106, ,AF
ORO,D,15,STORAGE,20150715 0000,20150716 0000,1277673, ,AF
ORO,D,15,STORAGE,20150716 0000,20150717 0000,1269883, ,AF
ORO,D,15,STORAGE,20150717 0000,20150718 0000,1263200, ,AF
ORO,D,15,STORAGE,20150718 0000,20150719 0000,1256845, ,AF
ORO,D,15,STORAGE,20150719 0000,20150720 0000,1250451, ,AF
ORO,D,15,STORAGE,20150720 0000,20150721 0000,1244062, ,AF
ORO,D,15,STORAGE,20150721 0000,20150722 0000,1237848, ,AF
ORO,D,15,STORAGE,20150722 0000,20150723 0000,1230375, ,AF
ORO,D,15,STORAGE,20150723 0000,20150724 0000,1224285, ,AF
ORO,D,15,STORAGE,20150724 0000,20150725 0000,1212542, ,AF
ORO,D,15,STORAGE,20150725 0000,20150726 0000,1203770, ,AF
ORO,D,15,STORAGE,20150726 0000,20150727 0000,1195707, ,AF
ORO,D,15,STORAGE,20150727 0000,20150728 0000,1188491, ,AF
ORO,D,15,STORAGE,20150728 0000,20150729 0000,1181306, ,AF
ORO,D,15,STORAGE,20150729 0000,20150730 0000,1174734, ,AF
ORO,D,15,STORAGE,20150730 0000,20150731 0000,1168262, ,AF
ORO,D,15,STORAGE,20150731 0000,20150801 0000,1161959, ,AF
ORO,D,15,STORAGE,20150801 0000,20150802 0000,1155320, ,AF
ORO,D,15,STORAGE,20150802 0000,20150803 0000,1148923, ,AF
ORO,D,15,STORAGE,20150803 0000,20150804 0000,1142052, ,AF
ORO,D,15,STORAGE,20150804 0000,20150805 0000,1136988, ,AF
ORO,D,15,STORAGE,20150805 0000,20150806 0000,1130664, ,AF
ORO,D,15,STORAGE,20150806 0000,20150807 0000,1126272, ,AF
ORO,D,15,STORAGE,20150807 0000,20150808 0000,1123728, ,AF
ORO,D,15,STORAGE,20150808 0000,20150809 0000,1120977, ,AF
ORO,D,15,STORAGE,20150809 0000,20150810 0000,1116894, ,AF
ORO,D,15,STORAGE,20150810 0000,20150811 0000,1114083, ,AF
ORO,D,15,STORAGE,20150811 0000,20150812 0000,1110508, ,AF
ORO,D,15,STORAGE,20150812 0000,20150813 0000,1106661, ,AF
ORO,D,15,STORAGE,20150813 0000,20150814 0000,1104078, ,AF
ORO,D,15,STORAGE,20150814 0000,20150815 0000,1099621, ,AF
ORO,D,15,STORAGE,20150815 0000,20150816 0000,1098300, ,AF
ORO,D,15,STORAGE,20150816 0000,20150817 0000,1095870, ,AF
ORO,D,15,STORAGE,20150817 0000,20150818 0000,1093582, ,AF
ORO,D,15,STORAGE,20150818 0000,20150819 0000,1092612, ,AF
ORO,D,15,STORAGE,20150819 0000,20150820 0000,1090122, ,AF
ORO,D,15,STORAGE,20150820 0000,20150821 0000,1088050, ,AF
ORO,D,15,STORAGE,20150821 0000,20150822 0000,1087291, ,AF
ORO,D,15,STORAGE,20150822 0000,20150823 0000,1084189, ,AF
ORO,D,15,STORAGE,20150823 0000,20150824 0000,1083913, ,AF
ORO,D,15,STORAGE,20150824 0000,20150825 0000,1082056, ,AF
ORO,D,15,STORAGE,20150825 0000,20150826 0000,1079719, ,AF
ORO,D,15,STORAGE,20150826 0000,20150827 0000,1079926, ,AF
ORO,D,15,STORAGE,20150827 0000,20150828 0000,1080475, ,AF
ORO,D,15,STORAGE,20150828 0000,20150829 0000,1077798, ,AF
ORO,D,15,STORAGE,20150829 0000,20150830 0000,1075605, ,AF
ORO,D,15,STORAGE,20150830 0000,20150831 0000,1072937, ,AF
ORO,D,15,STORAGE,20150831 0000,20150901 0000,1072117, ,AF
ORO,D,15,STORAGE,20150901 0000,20150902 0000,1070137, ,AF
ORO,D,15,STORAGE,20150902 0000,20150903 0000,1068364, ,AF
ORO,D,15,STORAGE,20150903 0000,20150904 0000,1065980, ,AF
ORO,D,15,STORAGE,20150904 0000,20150905 0000,1064348, ,AF
ORO,D,15,STORAGE,20150905 0000,20150906 0000,1060749, ,AF
ORO,D,15,STORAGE,20150906 0000,20150907 0000,1060275, ,AF
ORO,D,15,STORAGE,20150907 0000,20150908 0000,1057836, ,AF
ORO,D,15,STORAGE,20150908 0000,20150909 0000,1057971, ,AF
ORO,D,15,STORAGE,20150909 0000,20150910 0000,1057701, ,AF
ORO,D,15,STORAGE,20150910 0000,20150911 0000,1058242, ,AF
ORO,D,15,STORAGE,20150911 0000,20150912 0000,1057565, ,AF
ORO,D,15,STORAGE,20150912 0000,20150913 0000,1056077, ,AF
ORO,D,15,STORAGE,20150913 0000,20150914 0000,1055266, ,AF
ORO,D,15,STORAGE,20150914 0000,20150915 0000,1055536, ,AF
ORO,D,15,STORAGE,20150915 0000,20150916 0000,1054590, ,AF
ORO,D,15,STORAGE,20150916 0000,20150917 0000,1054253, ,AF
ORO,D,15,STORAGE,20150917 0000,20150918 0000,1053983, ,AF
ORO,D,15,STORAGE,20150918 0000,20150919 0000,1054456, ,AF
ORO,D,15,STORAGE,20150919 0000,20150920 0000,1054658, ,AF
ORO,D,15,STORAGE,20150920 0000,20150921 0000,1054726, ,AF
ORO,D,15,STORAGE,20150921 0000,20150922 0000,1054861, ,AF
ORO,D,15,STORAGE,20150922 0000,20150923 0000,1054861, ,AF
ORO,D,15,STORAGE,20150923 0000,20150924 0000,1054793, ,AF
ORO,D,15,STORAGE,20150924 0000,20150925 0000,1054726, ,AF
ORO,D,15,STORAGE,20150925 0000,20150926 0000,1054996, ,AF
ORO,D,15,STORAGE,20150926 0000,20150927 0000,1055198, ,AF
ORO,D,15,STORAGE,20150927 0000,20150928 0000,1056010, ,AF
ORO,D,15,STORAGE,20150928 0000,20150929 0000,1056753, ,AF
ORO,D,15,STORAGE,20150929 0000,20150930 0000,1056889, ,AF
ORO,D,15,STORAGE,20150930 0000,20151001 0000,1057227, ,AF
ORO,D,15,STORAGE,20151001 0000,20151002 0000,1057903, ,AF
ORO,D,15,STORAGE,20151002 0000,20151003 0000,1058513, ,AF
ORO,D,15,STORAGE,20151003 0000,20151004 0000,1058987, ,AF
ORO,D,15,STORAGE,20151004 0000,20151005 0000,1058784, ,AF
ORO,D,15,STORAGE,20151005 0000,20151006 0000,1056212, ,AF
ORO,D,15,STORAGE,20151006 0000,20151007 0000,1055469, ,AF
ORO,D,15,STORAGE,20151007 0000,20151008 0000,1052296, ,AF
ORO,D,15,STORAGE,20151008 0000,20151009 0000,1051082, ,AF
ORO,D,15,STORAGE,20151009 0000,20151010 0000,1047918, ,AF
ORO,D,15,STORAGE,20151010 0000,20151011 0000,1046977, ,AF
ORO,D,15,STORAGE,20151011 0000,20151012 0000,1046037, ,AF
ORO,D,15,STORAGE,20151012 0000,20151013 0000,1044962, ,AF
ORO,D,15,STORAGE,20151013 0000,20151014 0000,1042749, ,AF
ORO,D,15,STORAGE,20151014 0000,20151015 0000,1043018, ,AF
ORO,D,15,STORAGE,20151015 0000,20151016 0000,1041142, ,AF
ORO,D,15,STORAGE,20151016 0000,20151017 0000,1039603, ,AF
ORO,D,15,STORAGE,20151017 0000,20151018 0000,1038467, ,AF
ORO,D,15,STORAGE,20151018 0000,20151019 0000,1038066, ,AF
ORO,D,15,STORAGE,20151019 0000,20151020 0000,1036263, ,AF
ORO,D,15,STORAGE,20151020 0000,20151021 0000,1036663, ,AF
ORO,D,15,STORAGE,20151021 0000,20151022 0000,1035196, ,AF
ORO,D,15,STORAGE,20151022 0000,20151023 0000,1032464, ,AF
ORO,D,15,STORAGE,20151023 0000,20151024 0000,1031067, ,AF
ORO,D,15,STORAGE,20151024 0000,20151025 0000,1028078, ,AF
ORO,D,15,STORAGE,20151025 0000,20151026 0000,1024431, ,AF
ORO,D,15,STORAGE,20151026 0000,20151027 0000,1023836, ,AF
ORO,D,15,STORAGE,20151027 0000,20151028 0000,1021125, ,AF
ORO,D,15,STORAGE,20151028 0000,20151029 0000,1017628, ,AF
ORO,D,15,STORAGE,20151029 0000,20151030 0000,1014073, ,AF
ORO,D,15,STORAGE,20151030 0000,20151031 0000,1010132, ,AF
ORO,D,15,STORAGE,20151031 0000,20151101 0000,1006530, ,AF
ORO,D,15,STORAGE,20151101 0000,20151102 0000,1004372, ,AF
ORO,D,15,STORAGE,20151102 0000,20151103 0000,1002414, ,AF
ORO,D,15,STORAGE,20151103 0000,20151104 0000,998830, ,AF
ORO,D,15,STORAGE,20151104 0000,20151105 0000,996164, ,AF
ORO,D,15,STORAGE,20151105 0000,20151106 0000,993697, ,AF
ORO,D,15,STORAGE,20151106 0000,20151107 0000,989100, ,AF
ORO,D,15,STORAGE,20151107 0000,20151108 0000,985935, ,AF
ORO,D,15,STORAGE,20151108 0000,20151109 0000,980719, ,AF
ORO,D,15,STORAGE,20151109 0000,20151110 0000,977124, ,AF
ORO,D,15,STORAGE,20151110 0000,20151111 0000,973921, ,AF
ORO,D,15,STORAGE,20151111 0000,20151112 0000,970534, ,AF
ORO,D,15,STORAGE,20151112 0000,20151113 0000,967156, ,AF
ORO,D,15,STORAGE,20151113 0000,20151114 0000,964102, ,AF
ORO,D,15,STORAGE,20151114 0000,20151115 0000,961309, ,AF
ORO,D,15,STORAGE,20151115 0000,20151116 0000,959788, ,AF
ORO,D,15,STORAGE,20151116 0000,20151117 0000,956372, ,AF
ORO,D,15,STORAGE,20151117 0000,20151118 0000,955866, ,AF
ORO,D,15,STORAGE,20151118 0000,20151119 0000,953594, ,AF
ORO,D,15,STORAGE,20151119 0000,20151120 0000,952460, ,AF
ORO,D,15,STORAGE,20151120 0000,20151121 0000,949375, ,AF
ORO,D,15,STORAGE,20151121 0000,20151122 0000,946737, ,AF
ORO,D,15,STORAGE,20151122 0000,20151123 0000,946423, ,AF
ORO,D,15,STORAGE,20151123 0000,20151124 0000,945044, ,AF
ORO,D,15,STORAGE,20151124 0000,20151125 0000,944605, ,AF
ORO,D,15,STORAGE,20151125 0000,20151126 0000,941913, ,AF
ORO,D,15,STORAGE,20151126 0000,20151127 0000,939976, ,AF
ORO,D,15,STORAGE,20151127 0000,20151128 0000,936109, ,AF
ORO,D,15,STORAGE,20151128 0000,20151129 0000,933371, ,AF
ORO,D,15,STORAGE,20151129 0000,20151130 0000,930701, ,AF
ORO,D,15,STORAGE,20151130 0000,20151201 0000,929152, ,AF
ORO,D,15,STORAGE,20151201 0000,20151202 0000,927294, ,AF
ORO,D,15,STORAGE,20151202 0000,20151203 0000,924019, ,AF
ORO,D,15,STORAGE,20151203 0000,20151204 0000,920258, ,AF
ORO,D,15,STORAGE,20151204 0000,20151205 0000,918168, ,AF
ORO,D,15,STORAGE,20151205 0000,20151206 0000,916386, ,AF
ORO,D,15,STORAGE,20151206 0000,20151207 0000,913015, ,AF
ORO,D,15,STORAGE,20151207 0000,20151208 0000,911669, ,AF
ORO,D,15,STORAGE,20151208 0000,20151209 0000,910874, ,AF
ORO,D,15,STORAGE,20151209 0000,20151210 0000,908980, ,AF
ORO,D,15,STORAGE,20151210 0000,20151211 0000,918168, ,AF
ORO,D,15,STORAGE,20151211 0000,20151212 0000,920443, ,AF
ORO,D,15,STORAGE,20151212 0000,20151213 0000,920690, ,AF
ORO,D,15,STORAGE,20151213 0000,20151214 0000,923895, ,AF
ORO,D,15,STORAGE,20151214 0000,20151215 0000,927232, ,AF
ORO,D,15,STORAGE,20151215 0000,20151216 0000,928594, ,AF
ORO,D,15,STORAGE,20151216 0000,20151217 0000,928594, ,AF
ORO,D,15,STORAGE,20151217 0000,20151218 0000,930081, ,AF
ORO,D,15,STORAGE,20151218 0000,20151219 0000,933185, ,AF
ORO,D,15,STORAGE,20151219 0000,20151220 0000,937979, ,AF
ORO,D,15,STORAGE,20151220 0000,20151221 0000,940787, ,AF
ORO,D,15,STORAGE,20151221 0000,20151222 0000,951011, ,AF
ORO,D,15,STORAGE,20151222 0000,20151223 0000,972131, ,AF
ORO,D,15,STORAGE,20151223 0000,20151224 0000,983872, ,AF
ORO,D,15,STORAGE,20151224 0000,20151225 0000,990717, ,AF
ORO,D,15,STORAGE,20151225 0000,20151226 0000,995839, ,AF
ORO,D,15,STORAGE,20151226 0000,20151227 0000,1000458, ,AF
ORO,D,15,STORAGE,20151227 0000,20151228 0000,1005222, ,AF
ORO,D,15,STORAGE,20151228 0000,20151229 0000,1008952, ,AF
ORO,D,15,STORAGE,20151229 0000,20151230 0000,1011707, ,AF
ORO,D,15,STORAGE,20151230 0000,20151231 0000,1014467, ,AF
ORO,D,15,STORAGE,20151231 0000,20160101 0000,1016837, ,AF
ORO,D,15,STORAGE,20160101 0000,20160102 0000,1017628, ,AF
ORO,D,15,STORAGE,20160102 0000,20160103 0000,1020993, ,AF
ORO,D,15,STORAGE,20160103 0000,20160104 0000,1022777, ,AF
ORO,D,15,STORAGE,20160104 0000,20160105 0000,1025028, ,AF
ORO,D,15,STORAGE,20160105 0000,20160106 0000,1029273, ,AF
ORO,D,15,STORAGE,20160106 0000,20160107 0000,1036330, ,AF
ORO,D,15,STORAGE,20160107 0000,20160108 0000,1043085, ,AF
ORO,D,15,STORAGE,20160108 0000,20160109 0000,1048457, ,AF
ORO,D,15,STORAGE,20160109 0000,20160110 0000,1051082, ,AF
ORO,D,15,STORAGE,20160110 0000,20160111 0000,1055672, ,AF
ORO,D,15,STORAGE,20160111 0000,20160112 0000,1057633, ,AF
ORO,D,15,STORAGE,20160112 0000,20160113 0000,1059529, ,AF
ORO,D,15,STORAGE,20160113 0000,20160114 0000,1064892, ,AF
ORO,D,15,STORAGE,20160114 0000,20160115 0000,1072458, ,AF
ORO,D,15,STORAGE,20160115 0000,20160116 0000,1081368, ,AF
ORO,D,15,STORAGE,20160116 0000,20160117 0000,1090122, ,AF
ORO,D,15,STORAGE,20160117 0000,20160118 0000,1115769, ,AF
ORO,D,15,STORAGE,20160118 0000,20160119 0000,1173642, ,AF
ORO,D,15,STORAGE,20160119 0000,20160120 0000,1212095, ,AF
ORO,D,15,STORAGE,20160120 0000,20160121 0000,1240498, ,AF
ORO,D,15,STORAGE,20160121 0000,20160122 0000,1262126, ,AF
ORO,D,15,STORAGE,20160122 0000,20160123 0000,1283477, ,AF
ORO,D,15,STORAGE,20160123 0000,20160124 0000,1319312, ,AF
ORO,D,15,STORAGE,20160124 0000,20160125 0000,1346748, ,AF
ORO,D,15,STORAGE,20160125 0000,20160126 0000,1366062, ,AF
ORO,D,15,STORAGE,20160126 0000,20160127 0000,1381648, ,AF
ORO,D,15,STORAGE,20160127 0000,20160128 0000,1394484, ,AF
ORO,D,15,STORAGE,20160128 0000,20160129 0000,1405916, ,AF
ORO,D,15,STORAGE,20160129 0000,20160130 0000,1439509, ,AF
ORO,D,15,STORAGE,20160130 0000,20160131 0000,1500489, ,AF
ORO,D,15,STORAGE,20160131 0000,20160201 0000,1534234, ,AF
ORO,D,15,STORAGE,20160201 0000,20160202 0000,1558458, ,AF
ORO,D,15,STORAGE,20160202 0000,20160203 0000,1578207, ,AF
ORO,D,15,STORAGE,20160203 0000,20160204 0000,1594798, ,AF
ORO,D,15,STORAGE,20160204 0000,20160205 0000,1608340, ,AF
ORO,D,15,STORAGE,20160205 0000,20160206 0000,1620143, ,AF
ORO,D,15,STORAGE,20160206 0000,20160207 0000,1630999, ,AF
ORO,D,15,STORAGE,20160207 0000,20160207 0000,1640740,e,AF
ORO,D,15,STORAGE,20160208 0000,20160209 0000,1649822, ,AF
ORO,D,15,STORAGE,20160209 0000,20160210 0000,1658781, ,AF
ORO,D,15,STORAGE,20160210 0000,20160211 0000,1667775, ,AF
ORO,D,15,STORAGE,20160211 0000,20160212 0000,1675870, ,AF
ORO,D,15,STORAGE,20160212 0000,20160213 0000,1684649, ,AF
ORO,D,15,STORAGE,20160213 0000,20160214 0000,1692708, ,AF
ORO,D,15,STORAGE,20160214 0000,20160215 0000,1700042, ,AF
ORO,D,15,STORAGE,20160215 0000,20160216 0000,1708154, ,AF
ORO,D,15,STORAGE,20160216 0000,20160217 0000,1716009, ,AF
ORO,D,15,STORAGE,20160217 0000,20160218 0000,1726934, ,AF
ORO,D,15,STORAGE,20160218 0000,20160219 0000,1742983, ,AF
ORO,D,15,STORAGE,20160219 0000,20160220 0000,1759041, ,AF
ORO,D,15,STORAGE,20160220 0000,20160221 0000,1772884, ,AF
ORO,D,15,STORAGE,20160221 0000,20160222 0000,1785708, ,AF
ORO,D,15,STORAGE,20160222 0000,20160223 0000,1797327, ,AF
ORO,D,15,STORAGE,20160223 0000,20160224 0000,1808410, ,AF
ORO,D,15,STORAGE,20160224 0000,20160225 0000,1818556, ,AF
ORO,D,15,STORAGE,20160225 0000,20160226 0000,1828049, ,AF
ORO,D,15,STORAGE,20160226 0000,20160227 0000,1837677, ,AF
ORO,D,15,STORAGE,20160227 0000,20160228 0000,1846643, ,AF
ORO,D,15,STORAGE,20160228 0000,20160229 0000,1855840, ,AF
ORO,D,15,STORAGE,20160229 0000,20160301 0000,1864668, ,AF
ORO,D,15,STORAGE,20160301 0000,20160302 0000,1873223, ,AF
ORO,D,15,STORAGE,20160302 0000,20160303 0000,1881300, ,AF
ORO,D,15,STORAGE,20160303 0000,20160304 0000,1889910, ,AF
ORO,D,15,STORAGE,20160304 0000,20160305 0000,1900992, ,AF
ORO,D,15,STORAGE,20160305 0000,20160306 0000,1958157, ,AF
ORO,D,15,STORAGE,20160306 0000,20160307 0000,2062863, ,AF
ORO,D,15,STORAGE,20160307 0000,20160308 0000,2122805, ,AF
ORO,D,15,STORAGE,20160308 0000,20160309 0000,2163893, ,AF
ORO,D,15,STORAGE,20160309 0000,20160310 0000,2196374, ,AF
ORO,D,15,STORAGE,20160310 0000,20160311 0000,2244762, ,AF
ORO,D,15,STORAGE,20160311 0000,20160312 0000,2322552, ,AF
ORO,D,15,STORAGE,20160312 0000,20160313 0000,2388277, ,AF
ORO,D,15,STORAGE,20160313 0000,20160314 0000,2491852, ,AF
ORO,D,15,STORAGE,20160314 0000,20160315 0000,2599743, ,AF
ORO,D,15,STORAGE,20160315 0000,20160316 0000,2661672, ,AF
ORO,D,15,STORAGE,20160316 0000,20160317 0000,2708486, ,AF
ORO,D,15,STORAGE,20160317 0000,20160318 0000,2748974, ,AF
ORO,D,15,STORAGE,20160318 0000,20160319 0000,2781881, ,AF
ORO,D,15,STORAGE,20160319 0000,20160320 0000,2809960, ,AF
ORO,D,15,STORAGE,20160320 0000,20160321 0000,2840131, ,AF
ORO,D,15,STORAGE,20160321 0000,20160322 0000,2886634, ,AF
ORO,D,15,STORAGE,20160322 0000,20160323 0000,2926483, ,AF
ORO,D,15,STORAGE,20160323 0000,20160324 0000,2958780, ,AF
ORO,D,15,STORAGE,20160324 0000,20160325 0000,2982222, ,AF
ORO,D,15,STORAGE,20160325 0000,20160326 0000,2997501, ,AF
ORO,D,15,STORAGE,20160326 0000,20160327 0000,3009454, ,AF
ORO,D,15,STORAGE,20160327 0000,20160328 0000,3019465, ,AF
ORO,D,15,STORAGE,20160328 0000,20160329 0000,3029216, ,AF
ORO,D,15,STORAGE,20160329 0000,20160330 0000,3039556, ,AF
ORO,D,15,STORAGE,20160330 0000,20160331 0000,3049496, ,AF
ORO,D,15,STORAGE,20160331 0000,20160401 0000,3059742, ,AF
ORO,D,15,STORAGE,20160401 0000,20160402 0000,3070014, ,AF
ORO,D,15,STORAGE,20160402 0000,20160403 0000,3080738, ,AF
ORO,D,15,STORAGE,20160403 0000,20160404 0000,3089624, ,AF
ORO,D,15,STORAGE,20160404 0000,20160405 0000,3106298, ,AF
ORO,D,15,STORAGE,20160405 0000,20160406 0000,3117258, ,AF
ORO,D,15,STORAGE,20160406 0000,20160407 0000,3129112, ,AF
ORO,D,15,STORAGE,20160407 0000,20160408 0000,3143468, ,AF
ORO,D,15,STORAGE,20160408 0000,20160409 0000,3158743, ,AF
ORO,D,15,STORAGE,20160409 0000,20160410 0000,3175681, ,AF
ORO,D,15,STORAGE,20160410 0000,20160411 0000,3192830, ,AF
ORO,D,15,STORAGE,20160411 0000,20160412 0000,3208423, ,AF
ORO,D,15,STORAGE,20160412 0000,20160413 0000,3223626, ,AF
ORO,D,15,STORAGE,20160413 0000,20160414 0000,3237380, ,AF
ORO,D,15,STORAGE,20160414 0000,20160415 0000,3251939, ,AF
ORO,D,15,STORAGE,20160415 0000,20160416 0000,3265650, ,AF
ORO,D,15,STORAGE,20160416 0000,20160417 0000,3276110, ,AF
ORO,D,15,STORAGE,20160417 0000,20160418 0000,3285994, ,AF
ORO,D,15,STORAGE,20160418 0000,20160419 0000,3296350, ,AF
ORO,D,15,STORAGE,20160419 0000,20160420 0000,3305526, ,AF
ORO,D,15,STORAGE,20160420 0000,20160421 0000,3314718, ,AF
ORO,D,15,STORAGE,20160421 0000,20160422 0000,3323628, ,AF
ORO,D,15,STORAGE,20160422 0000,20160423 0000,3337555, ,AF
ORO,D,15,STORAGE,20160423 0000,20160424 0000,3351827, ,AF
ORO,D,15,STORAGE,20160424 0000,20160425 0000,3362788, ,AF
ORO,D,15,STORAGE,20160425 0000,20160426 0000,3372860, ,AF
ORO,D,15,STORAGE,20160426 0000,20160427 0000,3381115, ,AF
ORO,D,15,STORAGE,20160427 0000,20160428 0000,3388312, ,AF
ORO,D,15,STORAGE,20160428 0000,20160429 0000,3394446, ,AF
ORO,D,15,STORAGE,20160429 0000,20160430 0000,3397209, ,AF
ORO,D,15,STORAGE,20160430 0000,20160501 0000,3399820, ,AF
ORO,D,15,STORAGE,20160501 0000,20160502 0000,3403047, ,AF
ORO,D,15,STORAGE,20160502 0000,20160503 0000,3405815, ,AF
ORO,D,15,STORAGE,20160503 0000,20160504 0000,3406431, ,AF
ORO,D,15,STORAGE,20160504 0000,20160505 0000,3405969, ,AF
ORO,D,15,STORAGE,20160505 0000,20160506 0000,3401357, ,AF
ORO,D,15,STORAGE,20160506 0000,20160507 0000,3401971, ,AF
ORO,D,15,STORAGE,20160507 0000,20160508 0000,3401203, ,AF
ORO,D,15,STORAGE,20160508 0000,20160509 0000,3403816, ,AF
ORO,D,15,STORAGE,20160509 0000,20160510 0000,3403662, ,AF
ORO,D,15,STORAGE,20160510 0000,20160511 0000,3406123, ,AF
ORO,D,15,STORAGE,20160511 0000,20160512 0000,3407661, ,AF
ORO,D,15,STORAGE,20160512 0000,20160513 0000,3408738, ,AF
ORO,D,15,STORAGE,20160513 0000,20160514 0000,3408123, ,AF
ORO,D,15,STORAGE,20160514 0000,20160515 0000,3405354, ,AF
ORO,D,15,STORAGE,20160515 0000,20160516 0000,3399513, ,AF
ORO,D,15,STORAGE,20160516 0000,20160517 0000,3397516, ,AF
ORO,D,15,STORAGE,20160517 0000,20160518 0000,3392298, ,AF
ORO,D,15,STORAGE,20160518 0000,20160519 0000,3385861, ,AF
ORO,D,15,STORAGE,20160519 0000,20160520 0000,3378820, ,AF
ORO,D,15,STORAGE,20160520 0000,20160521 0000,3372860, ,AF
ORO,D,15,STORAGE,20160521 0000,20160522 0000,3361569, ,AF
ORO,D,15,STORAGE,20160522 0000,20160523 0000,3351980, ,AF
ORO,D,15,STORAGE,20160523 0000,20160524 0000,3342105, ,AF
ORO,D,15,STORAGE,20160524 0000,20160525 0000,3334524, ,AF
ORO,D,15,STORAGE,20160525 0000,20160526 0000,3331343, ,AF
ORO,D,15,STORAGE,20160526 0000,20160527 0000,3325291, ,AF
ORO,D,15,STORAGE,20160527 0000,20160528 0000,3321512, ,AF
ORO,D,15,STORAGE,20160528 0000,20160529 0000,3318492, ,AF
ORO,D,15,STORAGE,20160529 0000,20160530 0000,3314266, ,AF
ORO,D,15,STORAGE,20160530 0000,20160531 0000,3311400, ,AF
ORO,D,15,STORAGE,20160531 0000,20160601 0000,3307332, ,AF
ORO,D,15,STORAGE,20160601 0000,20160602 0000,3301763, ,AF
ORO,D,15,STORAGE,20160602 0000,20160603 0000,3294247, ,AF
ORO,D,15,STORAGE,20160603 0000,20160604 0000,3288694, ,AF
ORO,D,15,STORAGE,20160604 0000,20160605 0000,3280001, ,AF
ORO,D,15,STORAGE,20160605 0000,20160606 0000,3272222, ,AF
ORO,D,15,STORAGE,20160606 0000,20160607 0000,3264158, ,AF
ORO,D,15,STORAGE,20160607 0000,20160608 0000,3257150, ,AF
ORO,D,15,STORAGE,20160608 0000,20160609 0000,3251641, ,AF
ORO,D,15,STORAGE,20160609 0000,20160610 0000,3247031, ,AF
ORO,D,15,STORAGE,20160610 0000,20160611 0000,3239753, ,AF
ORO,D,15,STORAGE,20160611 0000,20160612 0000,3230581, ,AF
ORO,D,15,STORAGE,20160612 0000,20160613 0000,3219636, ,AF
ORO,D,15,STORAGE,20160613 0000,20160614 0000,3207539, ,AF
ORO,D,15,STORAGE,20160614 0000,20160615 0000,3193564, ,AF
ORO,D,15,STORAGE,20160615 0000,20160616 0000,3181097, ,AF
ORO,D,15,STORAGE,20160616 0000,20160617 0000,3168226, ,AF
ORO,D,15,STORAGE,20160617 0000,20160618 0000,3158452, ,AF
ORO,D,15,STORAGE,20160618 0000,20160619 0000,3144920, ,AF
ORO,D,15,STORAGE,20160619 0000,20160620 0000,3130995, ,AF
ORO,D,15,STORAGE,20160620 0000,20160621 0000,3116680, ,AF
ORO,D,15,STORAGE,20160621 0000,20160622 0000,3105003, ,AF
ORO,D,15,STORAGE,20160622 0000,20160623 0000,3089911, ,AF
ORO,D,15,STORAGE,20160623 0000,20160623 0000,3075873,e,AF
ORO,D,15,STORAGE,20160624 0000,20160625 0000,3059030, ,AF
ORO,D,15,STORAGE,20160625 0000,20160626 0000,3044807, ,AF
ORO,D,15,STORAGE,20160626 0000,20160627 0000,3031764, ,AF
ORO,D,15,STORAGE,20160627 0000,20160628 0000,3019606, ,AF
ORO,D,15,STORAGE,20160628 0000,20160629 0000,2999467, ,AF
ORO,D,15,STORAGE,20160629 0000,20160630 0000,2979284, ,AF
ORO,D,15,STORAGE,20160630 0000,20160701 0000,2957945, ,AF
ORO,D,15,STORAGE,20160701 0000,20160702 0000,2938374, ,AF
ORO,D,15,STORAGE,20160702 0000,20160703 0000,2916002, ,AF
ORO,D,15,STORAGE,20160703 0000,20160704 0000,2894572, ,AF
ORO,D,15,STORAGE,20160704 0000,20160705 0000,2873254, ,AF
ORO,D,15,STORAGE,20160705 0000,20160706 0000,2852317, ,AF
ORO,D,15,STORAGE,20160706 0000,20160707 0000,2831218, ,AF
ORO,D,15,STORAGE,20160707 0000,20160708 0000,2808351, ,AF
ORO,D,15,STORAGE,20160708 0000,20160709 0000,2787748, ,AF
ORO,D,15,STORAGE,20160709 0000,20160710 0000,2766720, ,AF
ORO,D,15,STORAGE,20160710 0000,20160711 0000,2745012, ,AF
ORO,D,15,STORAGE,20160711 0000,20160712 0000,2726575, ,AF
ORO,D,15,STORAGE,20160712 0000,20160713 0000,2705741, ,AF
ORO,D,15,STORAGE,20160713 0000,20160714 0000,2685539, ,AF
ORO,D,15,STORAGE,20160714 0000,20160715 0000,2667754, ,AF
ORO,D,15,STORAGE,20160715 0000,20160716 0000,2646449, ,AF
ORO,D,15,STORAGE,20160716 0000,20160717 0000,2625008, ,AF
ORO,D,15,STORAGE,20160717 0000,20160718 0000,2603433, ,AF
ORO,D,15,STORAGE,20160718 0000,20160719 0000,2583247, ,AF
ORO,D,15,STORAGE,20160719 0000,20160720 0000,2562417, ,AF
ORO,D,15,STORAGE,20160720 0000,20160721 0000,2543957, ,AF
ORO,D,15,STORAGE,20160721 0000,20160722 0000,2521855, ,AF
ORO,D,15,STORAGE,20160722 0000,20160723 0000,2501990, ,AF
ORO,D,15,STORAGE,20160723 0000,20160724 0000,2482729, ,AF
ORO,D,15,STORAGE,20160724 0000,20160725 0000,2465410, ,AF
ORO,D,15,STORAGE,20160725 0000,20160726 0000,2445494, ,AF
ORO,D,15,STORAGE,20160726 0000,20160727 0000,2426540, ,AF
ORO,D,15,STORAGE,20160727 0000,20160728 0000,2408098, ,AF
ORO,D,15,STORAGE,20160728 0000,20160729 0000,2390554, ,AF
ORO,D,15,STORAGE,20160729 0000,20160730 0000,2372739, ,AF
ORO,D,15,STORAGE,20160730 0000,20160731 0000,2352883, ,AF
ORO,D,15,STORAGE,20160731 0000,20160801 0000,2333732, ,AF
ORO,D,15,STORAGE,20160801 0000,20160802 0000,2312816, ,AF
ORO,D,15,STORAGE,20160802 0000,20160803 0000,2294358, ,AF
ORO,D,15,STORAGE,20160803 0000,20160804 0000,2273688, ,AF
ORO,D,15,STORAGE,20160804 0000,20160805 0000,2254644, ,AF
ORO,D,15,STORAGE,20160805 0000,20160806 0000,2235026, ,AF
ORO,D,15,STORAGE,20160806 0000,20160807 0000,2216778, ,AF
ORO,D,15,STORAGE,20160807 0000,20160808 0000,2197165, ,AF
ORO,D,15,STORAGE,20160808 0000,20160809 0000,2180147, ,AF
ORO,D,15,STORAGE,20160809 0000,20160810 0000,2162999, ,AF
ORO,D,15,STORAGE,20160810 0000,20160811 0000,2142724, ,AF
ORO,D,15,STORAGE,20160811 0000,20160812 0000,2124680, ,AF
ORO,D,15,STORAGE,20160812 0000,20160813 0000,2107184, ,AF
ORO,D,15,STORAGE,20160813 0000,20160814 0000,2090553, ,AF
ORO,D,15,STORAGE,20160814 0000,20160815 0000,2075535, ,AF
ORO,D,15,STORAGE,20160815 0000,20160816 0000,2058651, ,AF
ORO,D,15,STORAGE,20160816 0000,20160817 0000,2043154, ,AF
ORO,D,15,STORAGE,20160817 0000,20160818 0000,2030195, ,AF
ORO,D,15,STORAGE,20160818 0000,20160819 0000,2012727, ,AF
ORO,D,15,STORAGE,20160819 0000,20160820 0000,1996527, ,AF
ORO,D,15,STORAGE,20160820 0000,20160821 0000,1980947, ,AF
ORO,D,15,STORAGE,20160821 0000,20160822 0000,1966289, ,AF
ORO,D,15,STORAGE,20160822 0000,20160823 0000,1953164, ,AF
ORO,D,15,STORAGE,20160823 0000,20160824 0000,1941137, ,AF
ORO,D,15,STORAGE,20160824 0000,20160825 0000,1928546, ,AF
ORO,D,15,STORAGE,20160825 0000,20160826 0000,1914170, ,AF
ORO,D,15,STORAGE,20160826 0000,20160827 0000,1902216, ,AF
ORO,D,15,STORAGE,20160827 0000,20160828 0000,1887476, ,AF
ORO,D,15,STORAGE,20160828 0000,20160829 0000,1875543, ,AF
ORO,D,15,STORAGE,20160829 0000,20160830 0000,1862458, ,AF
ORO,D,15,STORAGE,20160830 0000,20160831 0000,1850537, ,AF
ORO,D,15,STORAGE,20160831 0000,20160901 0000,1839567, ,AF
ORO,D,15,STORAGE,20160901 0000,20160902 0000,1827950, ,AF
ORO,D,15,STORAGE,20160902 0000,20160903 0000,1816780, ,AF
ORO,D,15,STORAGE,20160903 0000,20160904 0000,1806052, ,AF
ORO,D,15,STORAGE,20160904 0000,20160905 0000,1794784, ,AF
ORO,D,15,STORAGE,20160905 0000,20160906 0000,1784150, ,AF
ORO,D,15,STORAGE,20160906 0000,20160907 0000,1774144, ,AF
ORO,D,15,STORAGE,20160907 0000,20160908 0000,1762806, ,AF
ORO,D,15,STORAGE,20160908 0000,20160909 0000,1753933, ,AF
ORO,D,15,STORAGE,20160909 0000,20160910 0000,1746627, ,AF
ORO,D,15,STORAGE,20160910 0000,20160911 0000,1739152, ,AF
ORO,D,15,STORAGE,20160911 0000,20160912 0000,1729792, ,AF
ORO,D,15,STORAGE,20160912 0000,20160913 0000,1720753, ,AF
ORO,D,15,STORAGE,20160913 0000,20160914 0000,1714397, ,AF
ORO,D,15,STORAGE,20160914 0000,20160915 0000,1706170, ,AF
ORO,D,15,STORAGE,20160915 0000,20160916 0000,1699100, ,AF
ORO,D,15,STORAGE,20160916 0000,20160917 0000,1694775, ,AF
ORO,D,15,STORAGE,20160917 0000,20160918 0000,1689238, ,AF
ORO,D,15,STORAGE,20160918 0000,20160919 0000,1683526, ,AF
ORO,D,15,STORAGE,20160919 0000,20160920 0000,1677549, ,AF
ORO,D,15,STORAGE,20160920 0000,20160921 0000,1670470, ,AF
ORO,D,15,STORAGE,20160921 0000,20160922 0000,1664804, ,AF
ORO,D,15,STORAGE,20160922 0000,20160923 0000,1658966, ,AF
ORO,D,15,STORAGE,20160923 0000,20160924 0000,1653789, ,AF
ORO,D,15,STORAGE,20160924 0000,20160925 0000,1648992, ,AF
ORO,D,15,STORAGE,20160925 0000,20160926 0000,1644757, ,AF
ORO,D,15,STORAGE,20160926 0000,20160927 0000,1640529, ,AF
ORO,D,15,STORAGE,20160927 0000,20160928 0000,1635851, ,AF
ORO,D,15,STORAGE,20160928 0000,20160929 0000,1629993, ,AF
ORO,D,15,STORAGE,20160929 0000,20160930 0000,1625154, ,AF
ORO,D,15,STORAGE,20160930 0000,20161001 0000,1618960, ,AF
ORO,D,15,STORAGE,20161001 0000,20161002 0000,1614234, ,AF
ORO,D,15,STORAGE,20161002 0000,20161003 0000,1609428, ,AF
ORO,D,15,STORAGE,20161003 0000,20161004 0000,1606440, ,AF
ORO,D,15,STORAGE,20161004 0000,20161005 0000,1601830, ,AF
ORO,D,15,STORAGE,20161005 0000,20161006 0000,1595609, ,AF
ORO,D,15,STORAGE,20161006 0000,20161007 0000,1590392, ,AF
ORO,D,15,STORAGE,20161007 0000,20161008 0000,1585367, ,AF
ORO,D,15,STORAGE,20161008 0000,20161009 0000,1580084, ,AF
ORO,D,15,STORAGE,20161009 0000,20161010 0000,1574904, ,AF
ORO,D,15,STORAGE,20161010 0000,20161011 0000,1569824, ,AF
ORO,D,15,STORAGE,20161011 0000,20161012 0000,1564489, ,AF
ORO,D,15,STORAGE,20161012 0000,20161013 0000,1559521, ,AF
ORO,D,15,STORAGE,20161013 0000,20161014 0000,1553946, ,AF
ORO,D,15,STORAGE,20161014 0000,20161015 0000,1553238, ,AF
ORO,D,15,STORAGE,20161015 0000,20161016 0000,1551825, ,AF
ORO,D,15,STORAGE,20161016 0000,20161017 0000,1552443, ,AF
ORO,D,15,STORAGE,20161017 0000,20161018 0000,1551825, ,AF
ORO,D,15,STORAGE,20161018 0000,20161019 0000,1554387, ,AF
ORO,D,15,STORAGE,20161019 0000,20161020 0000,1554034, ,AF
ORO,D,15,STORAGE,20161020 0000,20161021 0000,1556687, ,AF
ORO,D,15,STORAGE,20161021 0000,20161022 0000,1556952, ,AF
ORO,D,15,STORAGE,20161022 0000,20161023 0000,1554476, ,AF
ORO,D,15,STORAGE,20161023 0000,20161024 0000,1552620, ,AF
ORO,D,15,STORAGE,20161024 0000,20161025 0000,1548648, ,AF
ORO,D,15,STORAGE,20161025 0000,20161026 0000,1555095, ,AF
ORO,D,15,STORAGE,20161026 0000,20161027 0000,1553504, ,AF
ORO,D,15,STORAGE,20161027 0000,20161028 0000,1550678, ,AF
ORO,D,15,STORAGE,20161028 0000,20161029 0000,1550148, ,AF
ORO,D,15,STORAGE,20161029 0000,20161030 0000,1555095, ,AF
ORO,D,15,STORAGE,20161030 0000,20161031 0000,1556333, ,AF
ORO,D,15,STORAGE,20161031 0000,20161101 0000,1559166, ,AF
ORO,D,15,STORAGE,20161101 0000,20161102 0000,1563068, ,AF
ORO,D,15,STORAGE,20161102 0000,20161103 0000,1564222, ,AF
ORO,D,15,STORAGE,20161103 0000,20161104 0000,1562802, ,AF
ORO,D,15,STORAGE,20161104 0000,20161105 0000,1559698, ,AF
ORO,D,15,STORAGE,20161105 0000,20161106 0000,1556510, ,AF
ORO,D,15,STORAGE,20161106 0000,20161107 0000,1553504, ,AF
ORO,D,15,STORAGE,20161107 0000,20161108 0000,1551207, ,AF
ORO,D,15,STORAGE,20161108 0000,20161109 0000,1547855, ,AF
ORO,D,15,STORAGE,20161109 0000,20161110 0000,1544332, ,AF
ORO,D,15,STORAGE,20161110 0000,20161111 0000,1540902, ,AF
ORO,D,15,STORAGE,20161111 0000,20161112 0000,1537215, ,AF
ORO,D,15,STORAGE,20161112 0000,20161113 0000,1533534, ,AF
ORO,D,15,STORAGE,20161113 0000,20161114 0000,1529771, ,AF
ORO,D,15,STORAGE,20161114 0000,20161115 0000,1525230, ,AF
ORO,D,15,STORAGE,20161115 0000,20161116 0000,1521568, ,AF
ORO,D,15,STORAGE,20161116 0000,20161117 0000,1517478, ,AF
ORO,D,15,STORAGE,20161117 0000,20161118 0000,1511561, ,AF
ORO,D,15,STORAGE,20161118 0000,20161119 0000,1505758, ,AF
ORO,D,15,STORAGE,20161119 0000,20161120 0000,1504548, ,AF
ORO,D,15,STORAGE,20161120 0000,20161121 0000,1502734, ,AF
ORO,D,15,STORAGE,20161121 0000,20161122 0000,1504807, ,AF
ORO,D,15,STORAGE,20161122 0000,20161123 0000,1501783, ,AF
ORO,D,15,STORAGE,20161123 0000,20161124 0000,1500661, ,AF
ORO,D,15,STORAGE,20161124 0000,20161125 0000,1499195, ,AF
ORO,D,15,STORAGE,20161125 0000,20161126 0000,1495232, ,AF
ORO,D,15,STORAGE,20161126 0000,20161127 0000,1492996, ,AF
ORO,D,15,STORAGE,20161127 0000,20161128 0000,1492136, ,AF
ORO,D,15,STORAGE,20161128 0000,20161129 0000,1491105, ,AF
ORO,D,15,STORAGE,20161129 0000,20161130 0000,1488530, ,AF
ORO,D,15,STORAGE,20161130 0000,20161201 0000,1485786, ,AF
ORO,D,15,STORAGE,20161201 0000,20161202 0000,1481848, ,AF
ORO,D,15,STORAGE,20161202 0000,20161203 0000,1478088, ,AF
ORO,D,15,STORAGE,20161203 0000,20161204 0000,1474675, ,AF
ORO,D,15,STORAGE,20161204 0000,20161205 0000,1472290, ,AF
ORO,D,15,STORAGE,20161205 0000,20161206 0000,1468462, ,AF
ORO,D,15,STORAGE,20161206 0000,20161207 0000,1466338, ,AF
ORO,D,15,STORAGE,20161207 0000,20161208 0000,1463453, ,AF
ORO,D,15,STORAGE,20161208 0000,20161209 0000,1461673, ,AF
ORO,D,15,STORAGE,20161209 0000,20161210 0000,1469397, ,AF
ORO,D,15,STORAGE,20161210 0000,20161211 0000,1541429, ,AF
ORO,D,15,STORAGE,20161211 0000,20161212 0000,1576599, ,AF
ORO,D,15,STORAGE,20161212 0000,20161213 0000,1591740, ,AF
ORO,D,15,STORAGE,20161213 0000,20161214 0000,1601740, ,AF
ORO,D,15,STORAGE,20161214 0000,20161215 0000,1618141, ,AF
ORO,D,15,STORAGE,20161215 0000,20161216 0000,1717810, ,AF
ORO,D,15,STORAGE,20161216 0000,20161217 0000,1807624, ,AF
ORO,D,15,STORAGE,20161217 0000,20161218 0000,1843351, ,AF
ORO,D,15,STORAGE,20161218 0000,20161219 0000,1864970, ,AF
ORO,D,15,STORAGE,20161219 0000,20161220 0000,1881604, ,AF
ORO,D,15,STORAGE,20161220 0000,20161221 0000,1895293, ,AF
ORO,D,15,STORAGE,20161221 0000,20161222 0000,1907420, ,AF
ORO,D,15,STORAGE,20161222 0000,20161223 0000,1918167, ,AF
ORO,D,15,STORAGE,20161223 0000,20161224 0000,1929679, ,AF
ORO,D,15,STORAGE,20161224 0000,20161225 0000,1939276, ,AF
ORO,D,15,STORAGE,20161225 0000,20161226 0000,1947559, ,AF
ORO,D,15,STORAGE,20161226 0000,20161227 0000,1954204, ,AF
ORO,D,15,STORAGE,20161227 0000,20161228 0000,1959927, ,AF
ORO,D,15,STORAGE,20161228 0000,20161229 0000,1965558, ,AF
ORO,D,15,STORAGE,20161229 0000,20161230 0000,1971201, ,AF
ORO,D,15,STORAGE,20161230 0000,20161231 0000,1976332, ,AF
ORO,D,15,STORAGE,20161231 0000,20170101 0000,1981577, ,AF
ORO,D,15,STORAGE,20170101 0000,20170102 0000,1986306, ,AF
ORO,D,15,STORAGE,20170102 0000,20170103 0000,1991359, ,AF
ORO,D,15,STORAGE,20170103 0000,20170104 0000,1999590, ,AF
ORO,D,15,STORAGE,20170104 0000,20170105 0000,2021342, ,AF
ORO,D,15,STORAGE,20170105 0000,20170106 0000,2041008, ,AF
ORO,D,15,STORAGE,20170106 0000,20170107 0000,2055416, ,AF
ORO,D,15,STORAGE,20170107 0000,20170108 0000,2074450, ,AF
ORO,D,15,STORAGE,20170108 0000,20170109 0000,2254644, ,AF
ORO,D,15,STORAGE,20170109 0000,20170110 0000,2433696, ,AF
ORO,D,15,STORAGE,20170110 0000,20170111 0000,2607254, ,AF
ORO,D,15,STORAGE,20170111 0000,20170112 0000,2738549, ,AF
ORO,D,15,STORAGE,20170112 0000,20170113 0000,2799374, ,AF
ORO,D,15,STORAGE,20170113 0000,20170114 0000,2825960, ,AF
ORO,D,15,STORAGE,20170114 0000,20170115 0000,2830409, ,AF
ORO,D,15,STORAGE,20170115 0000,20170116 0000,2826365, ,AF
ORO,D,15,STORAGE,20170116 0000,20170117 0000,2818423, ,AF
ORO,D,15,STORAGE,20170117 0000,20170118 0000,2806473, ,AF
ORO,D,15,STORAGE,20170118 0000,20170119 0000,2803792, ,AF
ORO,D,15,STORAGE,20170119 0000,20170120 0000,2815869, ,AF
ORO,D,15,STORAGE,20170120 0000,20170121 0000,2830813, ,AF
ORO,D,15,STORAGE,20170121 0000,20170122 0000,2845543, ,AF
ORO,D,15,STORAGE,20170122 0000,20170123 0000,2864404, ,AF
ORO,D,15,STORAGE,20170123 0000,20170124 0000,2876663, ,AF
ORO,D,15,STORAGE,20170124 0000,20170125 0000,2882123, ,AF
ORO,D,15,STORAGE,20170125 0000,20170126 0000,2880894, ,AF
ORO,D,15,STORAGE,20170126 0000,20170127 0000,2880894, ,AF
ORO,D,15,STORAGE,20170127 0000,20170128 0000,2878300, ,AF
ORO,D,15,STORAGE,20170128 0000,20170129 0000,2873800, ,AF
ORO,D,15,STORAGE,20170129 0000,20170130 0000,2867670, ,AF
ORO,D,15,STORAGE,20170130 0000,20170131 0000,2859103, ,AF
ORO,D,15,STORAGE,20170131 0000,20170201 0000,2841754, ,AF
ORO,D,15,STORAGE,20170201 0000,20170202 0000,2818827, ,AF
ORO,D,15,STORAGE,20170202 0000,20170203 0000,2796832, ,AF
ORO,D,15,STORAGE,20170203 0000,20170204 0000,2785613, ,AF
ORO,D,15,STORAGE,20170204 0000,20170205 0000,2797635, ,AF
ORO,D,15,STORAGE,20170205 0000,20170206 0000,2799641, ,AF
ORO,D,15,STORAGE,20170206 0000,20170207 0000,2819768, ,AF
ORO,D,15,STORAGE,20170207 0000,20170208 0000,2976908, ,AF
ORO,D,15,STORAGE,20170208 0000,20170209 0000,3155684, ,AF
ORO,D,15,STORAGE,20170209 0000,20170210 0000,3396134, ,AF
ORO,D,15,STORAGE,20170210 0000,20170211 0000,3528727, ,AF
ORO,D,15,STORAGE,20170211 0000,20170212 0000,3578367, ,AF
ORO,D,15,STORAGE,20170212 0000,20170213 0000,3533936, ,AF
ORO,D,15,STORAGE,20170213 0000,20170214 0000,3408430, ,AF
ORO,D,15,STORAGE,20170214 0000,20170215 0000,3266396, ,AF
ORO,D,15,STORAGE,20170215 0000,20170216 0000,3117546, ,AF
ORO,D,15,STORAGE,20170216 0000,20170217 0000,2991747, ,AF
ORO,D,15,STORAGE,20170217 0000,20170218 0000,2899096, ,AF
ORO,D,15,STORAGE,20170218 0000,20170219 0000,2852724, ,AF
ORO,D,15,STORAGE,20170219 0000,20170220 0000,2810364, ,AF
ORO,D,15,STORAGE,20170220 0000,20170221 0000,2812914, ,AF
ORO,D,15,STORAGE,20170221 0000,20170222 0000,2846490, ,AF
ORO,D,15,STORAGE,20170222 0000,20170223 0000,2837428, ,AF
ORO,D,15,STORAGE,20170223 0000,20170224 0000,2809290, ,AF
ORO,D,15,STORAGE,20170224 0000,20170225 0000,2773894, ,AF
ORO,D,15,STORAGE,20170225 0000,20170226 0000,2728152, ,AF
ORO,D,15,STORAGE,20170226 0000,20170227 0000,2674233, ,AF
ORO,D,15,STORAGE,20170227 0000,20170228 0000,2666977, ,AF
ORO,D,15,STORAGE,20170228 0000,20170301 0000,2706003, ,AF
ORO,D,15,STORAGE,20170301 0000,20170302 0000,2741581, ,AF
ORO,D,15,STORAGE,20170302 0000,20170303 0000,2775224, ,AF
ORO,D,15,STORAGE,20170303 0000,20170304 0000,2805535, ,AF
ORO,D,15,STORAGE,20170304 0000,20170305 0000,2836077, ,AF
ORO,D,15,STORAGE,20170305 0000,20170306 0000,2870665, ,AF
ORO,D,15,STORAGE,20170306 0000,20170307 0000,2896354, ,AF
ORO,D,15,STORAGE,20170307 0000,20170308 0000,2920964, ,AF
ORO,D,15,STORAGE,20170308 0000,20170309 0000,2936574, ,AF
ORO,D,15,STORAGE,20170309 0000,20170310 0000,2945165, ,AF
ORO,D,15,STORAGE,20170310 0000,20170311 0000,2949883, ,AF
ORO,D,15,STORAGE,20170311 0000,20170312 0000,2955858, ,AF
ORO,D,15,STORAGE,20170312 0000,20170313 0000,2961981, ,AF
ORO,D,15,STORAGE,20170313 0000,20170314 0000,2969089, ,AF
ORO,D,15,STORAGE,20170314 0000,20170315 0000,2977327, ,AF
ORO,D,15,STORAGE,20170315 0000,20170316 0000,2985861, ,AF
ORO,D,15,STORAGE,20170316 0000,20170317 0000,2996658, ,AF
ORO,D,15,STORAGE,20170317 0000,20170318 0000,2973415, ,AF
ORO,D,15,STORAGE,20170318 0000,20170319 0000,2914625, ,AF
ORO,D,15,STORAGE,20170319 0000,20170320 0000,2861685, ,AF
ORO,D,15,STORAGE,20170320 0000,20170321 0000,2809424, ,AF
ORO,D,15,STORAGE,20170321 0000,20170322 0000,2788682, ,AF
ORO,D,15,STORAGE,20170322 0000,20170323 0000,2774160, ,AF
ORO,D,15,STORAGE,20170323 0000,20170324 0000,2743560, ,AF
ORO,D,15,STORAGE,20170324 0000,20170325 0000,2712280, ,AF
ORO,D,15,STORAGE,20170325 0000,20170326 0000,2683200, ,AF
ORO,D,15,STORAGE,20170326 0000,20170327 0000,2650958, ,AF
ORO,D,15,STORAGE,20170327 0000,20170328 0000,2635264, ,AF
ORO,D,15,STORAGE,20170328 0000,20170329 0000,2649411, ,AF
ORO,D,15,STORAGE,20170329 0000,20170330 0000,2661414, ,AF
ORO,D,15,STORAGE,20170330 0000,20170331 0000,2672547, ,AF
ORO,D,15,STORAGE,20170331 0000,20170401 0000,2681122, ,AF
ORO,D,15,STORAGE,20170401 0000,20170402 0000,2689832, ,AF
ORO,D,15,STORAGE,20170402 0000,20170403 0000,2699213, ,AF
ORO,D,15,STORAGE,20170403 0000,20170404 0000,2714245, ,AF
ORO,D,15,STORAGE,20170404 0000,20170405 0000,2724473, ,AF
ORO,D,15,STORAGE,20170405 0000,20170406 0000,2735519, ,AF
ORO,D,15,STORAGE,20170406 0000,20170407 0000,2753998, ,AF
ORO,D,15,STORAGE,20170407 0000,20170408 0000,2807412, ,AF
ORO,D,15,STORAGE,20170408 0000,20170409 0000,2856116, ,AF
ORO,D,15,STORAGE,20170409 0000,20170410 0000,2893066, ,AF
ORO,D,15,STORAGE,20170410 0000,20170411 0000,2922204, ,AF
ORO,D,15,STORAGE,20170411 0000,20170412 0000,2945442, ,AF
ORO,D,15,STORAGE,20170412 0000,20170413 0000,2969228, ,AF
ORO,D,15,STORAGE,20170413 0000,20170414 0000,3014809, ,AF
ORO,D,15,STORAGE,20170414 0000,20170415 0000,3020877, ,AF
ORO,D,15,STORAGE,20170415 0000,20170416 0000,3006639, ,AF
ORO,D,15,STORAGE,20170416 0000,20170417 0000,2988663, ,AF
ORO,D,15,STORAGE,20170417 0000,20170418 0000,2976908, ,AF
ORO,D,15,STORAGE,20170418 0000,20170419 0000,2970205, ,AF
ORO,D,15,STORAGE,20170419 0000,20170420 0000,2956832, ,AF
ORO,D,15,STORAGE,20170420 0000,20170421 0000,2943224, ,AF
ORO,D,15,STORAGE,20170421 0000,20170422 0000,2922066, ,AF
ORO,D,15,STORAGE,20170422 0000,20170423 0000,2896903, ,AF
ORO,D,15,STORAGE,20170423 0000,20170424 0000,2869576, ,AF
ORO,D,15,STORAGE,20170424 0000,20170425 0000,2841484, ,AF
ORO,D,15,STORAGE,20170425 0000,20170426 0000,2812242, ,AF
ORO,D,15,STORAGE,20170426 0000,20170427 0000,2778152, ,AF
ORO,D,15,STORAGE,20170427 0000,20170428 0000,2734466, ,AF
ORO,D,15,STORAGE,20170428 0000,20170429 0000,2689832, ,AF
ORO,D,15,STORAGE,20170429 0000,20170430 0000,2654440, ,AF
ORO,D,15,STORAGE,20170430 0000,20170501 0000,2621552, ,AF
ORO,D,15,STORAGE,20170501 0000,20170502 0000,2614140, ,AF
ORO,D,15,STORAGE,20170502 0000,20170503 0000,2634494, ,AF
ORO,D,15,STORAGE,20170503 0000,20170504 0000,2656376, ,AF
ORO,D,15,STORAGE,20170504 0000,20170505 0000,2680992, ,AF
ORO,D,15,STORAGE,20170505 0000,20170506 0000,2708748, ,AF
ORO,D,15,STORAGE,20170506 0000,20170507 0000,2733150, ,AF
ORO,D,15,STORAGE,20170507 0000,20170508 0000,2753998, ,AF
ORO,D,15,STORAGE,20170508 0000,20170509 0000,2773761, ,AF
ORO,D,15,STORAGE,20170509 0000,20170510 0000,2791352, ,AF
ORO,D,15,STORAGE,20170510 0000,20170511 0000,2781348, ,AF
ORO,D,15,STORAGE,20170511 0000,20170512 0000,2755586, ,AF
ORO,D,15,STORAGE,20170512 0000,20170513 0000,2727626, ,AF
ORO,D,15,STORAGE,20170513 0000,20170514 0000,2697386, ,AF
ORO,D,15,STORAGE,20170514 0000,20170515 0000,2664259, ,AF
ORO,D,15,STORAGE,20170515 0000,20170516 0000,2634494, ,AF
ORO,D,15,STORAGE,20170516 0000,20170517 0000,2607763, ,AF
ORO,D,15,STORAGE,20170517 0000,20170518 0000,2582614, ,AF
ORO,D,15,STORAGE,20170518 0000,20170519 0000,2555876, ,AF
ORO,D,15,STORAGE,20170519 0000,20170520 0000,2541954, ,AF
ORO,D,15,STORAGE,20170520 0000,20170521 0000,2536074, ,AF
ORO,D,15,STORAGE,20170521 0000,20170522 0000,2529830, ,AF
ORO,D,15,STORAGE,20170522 0000,20170523 0000,2526339, ,AF
ORO,D,15,STORAGE,20170523 0000,20170524 0000,2522850, ,AF
ORO,D,15,STORAGE,20170524 0000,20170525 0000,2518370, ,AF
ORO,D,15,STORAGE,20170525 0000,20170526 0000,2514517, ,AF
ORO,D,15,STORAGE,20170526 0000,20170527 0000,2509302, ,AF
ORO,D,15,STORAGE,20170527 0000,20170528 0000,2500753, ,AF
ORO,D,15,STORAGE,20170528 0000,20170529 0000,2492223, ,AF
ORO,D,15,STORAGE,20170529 0000,20170530 0000,2483099, ,AF
ORO,D,15,STORAGE,20170530 0000,20170531 0000,2475840, ,AF
ORO,D,15,STORAGE,20170531 0000,20170601 0000,2465532, ,AF
ORO,D,15,STORAGE,20170601 0000,20170602 0000,2456354, ,AF
ORO,D,15,STORAGE,20170602 0000,20170603 0000,2444032, ,AF
ORO,D,15,STORAGE,20170603 0000,20170604 0000,2430904, ,AF
ORO,D,15,STORAGE,20170604 0000,20170605 0000,2417386, ,AF
ORO,D,15,STORAGE,20170605 0000,20170606 0000,2402801, ,AF
ORO,D,15,STORAGE,20170606 0000,20170607 0000,2389234, ,AF
ORO,D,15,STORAGE,20170607 0000,20170608 0000,2377871, ,AF
ORO,D,15,STORAGE,20170608 0000,20170609 0000,2368688, ,AF
ORO,D,15,STORAGE,20170609 0000,20170610 0000,2358816, ,AF
ORO,D,15,STORAGE,20170610 0000,20170611 0000,2353357, ,AF
ORO,D,15,STORAGE,20170611 0000,20170612 0000,2347908, ,AF
ORO,D,15,STORAGE,20170612 0000,20170613 0000,2344713, ,AF
ORO,D,15,STORAGE,20170613 0000,20170614 0000,2341758, ,AF
ORO,D,15,STORAGE,20170614 0000,20170615 0000,2340458, ,AF
ORO,D,15,STORAGE,20170615 0000,20170616 0000,2338569, ,AF
ORO,D,15,STORAGE,20170616 0000,20170617 0000,2336444, ,AF
ORO,D,15,STORAGE,20170617 0000,20170618 0000,2335619, ,AF
ORO,D,15,STORAGE,20170618 0000,20170619 0000,2338333, ,AF
ORO,D,15,STORAGE,20170619 0000,20170620 0000,2340340, ,AF
ORO,D,15,STORAGE,20170620 0000,20170621 0000,2342231, ,AF
ORO,D,15,STORAGE,20170621 0000,20170622 0000,2344004, ,AF
ORO,D,15,STORAGE,20170622 0000,20170623 0000,2344950, ,AF
ORO,D,15,STORAGE,20170623 0000,20170624 0000,2344713, ,AF
ORO,D,15,STORAGE,20170624 0000,20170625 0000,2341167, ,AF
ORO,D,15,STORAGE,20170625 0000,20170626 0000,2340458, ,AF
ORO,D,15,STORAGE,20170626 0000,20170627 0000,2338215, ,AF
ORO,D,15,STORAGE,20170627 0000,20170628 0000,2336917, ,AF
ORO,D,15,STORAGE,20170628 0000,20170629 0000,2335619, ,AF
ORO,D,15,STORAGE,20170629 0000,20170630 0000,2332318, ,AF
ORO,D,15,STORAGE,20170630 0000,20170701 0000,2331494, ,AF
ORO,D,15,STORAGE,20170701 0000,20170702 0000,2330551, ,AF
ORO,D,15,STORAGE,20170702 0000,20170703 0000,2328903, ,AF
ORO,D,15,STORAGE,20170703 0000,20170704 0000,2326784, ,AF
ORO,D,15,STORAGE,20170704 0000,20170705 0000,2324668, ,AF
ORO,D,15,STORAGE,20170705 0000,20170706 0000,2323140, ,AF
ORO,D,15,STORAGE,20170706 0000,20170707 0000,2321496, ,AF
ORO,D,15,STORAGE,20170707 0000,20170708 0000,2319616, ,AF
ORO,D,15,STORAGE,20170708 0000,20170709 0000,2317973, ,AF
ORO,D,15,STORAGE,20170709 0000,20170710 0000,2316214, ,AF
ORO,D,15,STORAGE,20170710 0000,20170711 0000,2313987, ,AF
ORO,D,15,STORAGE,20170711 0000,20170712 0000,2311058, ,AF
ORO,D,15,STORAGE,20170712 0000,20170713 0000,2308250, ,AF
ORO,D,15,STORAGE,20170713 0000,20170714 0000,2300654, ,AF
ORO,D,15,STORAGE,20170714 0000,20170715 0000,2293892, ,AF
ORO,D,15,STORAGE,20170715 0000,20170716 0000,2286097, ,AF
ORO,D,15,STORAGE,20170716 0000,20170717 0000,2278322, ,AF
ORO,D,15,STORAGE,20170717 0000,20170718 0000,2269177, ,AF
ORO,D,15,STORAGE,20170718 0000,20170719 0000,2262479, ,AF
ORO,D,15,STORAGE,20170719 0000,20170720 0000,2253608, ,AF
ORO,D,15,STORAGE,20170720 0000,20170721 0000,2242698, ,AF
ORO,D,15,STORAGE,20170721 0000,20170722 0000,2232510, ,AF
ORO,D,15,STORAGE,20170722 0000,20170723 0000,2222127, ,AF
ORO,D,15,STORAGE,20170723 0000,20170724 0000,2210870, ,AF
ORO,D,15,STORAGE,20170724 0000,20170725 0000,2199088, ,AF
ORO,D,15,STORAGE,20170725 0000,20170726 0000,2187687, ,AF
ORO,D,15,STORAGE,20170726 0000,20170727 0000,2175094, ,AF
ORO,D,15,STORAGE,20170727 0000,20170728 0000,2161100, ,AF
ORO,D,15,STORAGE,20170728 0000,20170729 0000,2148392, ,AF
ORO,D,15,STORAGE,20170729 0000,20170730 0000,2135848, ,AF
ORO,D,15,STORAGE,20170730 0000,20170731 0000,2123908, ,AF
ORO,D,15,STORAGE,20170731 0000,20170801 0000,2111246, ,AF
ORO,D,15,STORAGE,20170801 0000,20170802 0000,2098638, ,AF
ORO,D,15,STORAGE,20170802 0000,20170803 0000,2085321, ,AF
ORO,D,15,STORAGE,20170803 0000,20170804 0000,2071847, ,AF
ORO,D,15,STORAGE,20170804 0000,20170805 0000,2059407, ,AF
ORO,D,15,STORAGE,20170805 0000,20170806 0000,2043154, ,AF
ORO,D,15,STORAGE,20170806 0000,20170807 0000,2028166, ,AF
ORO,D,15,STORAGE,20170807 0000,20170808 0000,2014533, ,AF
ORO,D,15,STORAGE,20170808 0000,20170809 0000,2000014, ,AF
ORO,D,15,STORAGE,20170809 0000,20170810 0000,1984518, ,AF
ORO,D,15,STORAGE,20170810 0000,20170811 0000,1968692, ,AF
ORO,D,15,STORAGE,20170811 0000,20170812 0000,1953996, ,AF
ORO,D,15,STORAGE,20170812 0000,20170813 0000,1939896, ,AF
ORO,D,15,STORAGE,20170813 0000,20170814 0000,1925253, ,AF
ORO,D,15,STORAGE,20170814 0000,20170815 0000,1912737, ,AF
ORO,D,15,STORAGE,20170815 0000,20170816 0000,1899465, ,AF
ORO,D,15,STORAGE,20170816 0000,20170817 0000,1885855, ,AF
ORO,D,15,STORAGE,20170817 0000,20170818 0000,1874131, ,AF
ORO,D,15,STORAGE,20170818 0000,20170819 0000,1862659, ,AF
ORO,D,15,STORAGE,20170819 0000,20170820 0000,1848040, ,AF
ORO,D,15,STORAGE,20170820 0000,20170821 0000,1833801, ,AF
ORO,D,15,STORAGE,20170821 0000,20170822 0000,1821420, ,AF
ORO,D,15,STORAGE,20170822 0000,20170822 0000,1809787,r,AF
ORO,D,15,STORAGE,20170823 0000,20170824 0000,1799383, ,AF
ORO,D,15,STORAGE,20170824 0000,20170825 0000,1787657, ,AF
ORO,D,15,STORAGE,20170825 0000,20170826 0000,1776472, ,AF
ORO,D,15,STORAGE,20170826 0000,20170827 0000,1764642, ,AF
ORO,D,15,STORAGE,20170827 0000,20170828 0000,1752489, ,AF
ORO,D,15,STORAGE,20170828 0000,20170829 0000,1741066, ,AF
ORO,D,15,STORAGE,20170829 0000,20170830 0000,1729220, ,AF
ORO,D,15,STORAGE,20170830 0000,20170831 0000,1716198, ,AF
ORO,D,15,STORAGE,20170831 0000,20170901 0000,1704000, ,AF
ORO,D,15,STORAGE,20170901 0000,20170902 0000,1691864, ,AF
ORO,D,15,STORAGE,20170902 0000,20170903 0000,1678575, ,AF
ORO,D,15,STORAGE,20170903 0000,20170904 0000,1666382, ,AF
ORO,D,15,STORAGE,20170904 0000,20170905 0000,1652128, ,AF
ORO,D,15,STORAGE,20170905 0000,20170906 0000,1639427, ,AF
ORO,D,15,STORAGE,20170906 0000,20170907 0000,1626249, ,AF
ORO,D,15,STORAGE,20170907 0000,20170908 0000,1611422, ,AF
ORO,D,15,STORAGE,20170908 0000,20170909 0000,1598222, ,AF
ORO,D,15,STORAGE,20170909 0000,20170910 0000,1583575, ,AF
ORO,D,15,STORAGE,20170910 0000,20170911 0000,1569468, ,AF
ORO,D,15,STORAGE,20170911 0000,20170912 0000,1556333, ,AF
ORO,D,15,STORAGE,20170912 0000,20170913 0000,1542397, ,AF
ORO,D,15,STORAGE,20170913 0000,20170914 0000,1529421, ,AF
ORO,D,15,STORAGE,20170914 0000,20170915 0000,1515654, ,AF
ORO,D,15,STORAGE,20170915 0000,20170916 0000,1504894, ,AF
ORO,D,15,STORAGE,20170916 0000,20170917 0000,1492222, ,AF
ORO,D,15,STORAGE,20170917 0000,20170918 0000,1483302, ,AF
ORO,D,15,STORAGE,20170918 0000,20170919 0000,1472290, ,AF
ORO,D,15,STORAGE,20170919 0000,20170920 0000,1458880, ,AF
ORO,D,15,STORAGE,20170920 0000,20170921 0000,1447572, ,AF
ORO,D,15,STORAGE,20170921 0000,20170922 0000,1438168, ,AF
ORO,D,15,STORAGE,20170922 0000,20170923 0000,1428974, ,AF
ORO,D,15,STORAGE,20170923 0000,20170924 0000,1417578, ,AF
ORO,D,15,STORAGE,20170924 0000,20170925 0000,1407236, ,AF
ORO,D,15,STORAGE,20170925 0000,20170926 0000,1394074, ,AF
ORO,D,15,STORAGE,20170926 0000,20170927 0000,1379775, ,AF
ORO,D,15,STORAGE,20170927 0000,20170928 0000,1366385, ,AF
ORO,D,15,STORAGE,20170928 0000,20170929 0000,1353969, ,AF
ORO,D,15,STORAGE,20170929 0000,20170930 0000,1342348, ,AF
ORO,D,15,STORAGE,20170930 0000,20171001 0000,1331591, ,AF
ORO,D,15,STORAGE,20171001 0000,20171002 0000,1321445, ,AF
ORO,D,15,STORAGE,20171002 0000,20171003 0000,1312768, ,AF
ORO,D,15,STORAGE,20171003 0000,20171004 0000,1303660, ,AF
ORO,D,15,STORAGE,20171004 0000,20171005 0000,1298262, ,AF
ORO,D,15,STORAGE,20171005 0000,20171006 0000,1295374, ,AF
ORO,D,15,STORAGE,20171006 0000,20171007 0000,1292257, ,AF
ORO,D,15,STORAGE,20171007 0000,20171008 0000,1288833, ,AF
ORO,D,15,STORAGE,20171008 0000,20171009 0000,1285960, ,AF
ORO,D,15,STORAGE,20171009 0000,20171010 0000,1283555, ,AF
ORO,D,15,STORAGE,20171010 0000,20171011 0000,1279915, ,AF
ORO,D,15,STORAGE,20171011 0000,20171012 0000,1277364, ,AF
ORO,D,15,STORAGE,20171012 0000,20171013 0000,1274507, ,AF
ORO,D,15,STORAGE,20171013 0000,20171014 0000,1271346, ,AF
ORO,D,15,STORAGE,20171014 0000,20171015 0000,1268576, ,AF
ORO,D,15,STORAGE,20171015 0000,20171016 0000,1266347, ,AF
ORO,D,15,STORAGE,20171016 0000,20171017 0000,1264120, ,AF
ORO,D,15,STORAGE,20171017 0000,20171018 0000,1260977, ,AF
ORO,D,15,STORAGE,20171018 0000,20171019 0000,1258068, ,AF
ORO,D,15,STORAGE,20171019 0000,20171020 0000,1255088, ,AF
ORO,D,15,STORAGE,20171020 0000,20171021 0000,1253426, ,AF
ORO,D,15,STORAGE,20171021 0000,20171022 0000,1250451, ,AF
ORO,D,15,STORAGE,20171022 0000,20171023 0000,1247406, ,AF
ORO,D,15,STORAGE,20171023 0000,20171024 0000,1244594, ,AF
ORO,D,15,STORAGE,20171024 0000,20171025 0000,1241634, ,AF
ORO,D,15,STORAGE,20171025 0000,20171026 0000,1238681, ,AF
ORO,D,15,STORAGE,20171026 0000,20171027 0000,1235656, ,AF
ORO,D,15,STORAGE,20171027 0000,20171028 0000,1233240, ,AF
ORO,D,15,STORAGE,20171028 0000,20171029 0000,1230677, ,AF
ORO,D,15,STORAGE,20171029 0000,20171030 0000,1227515, ,AF
ORO,D,15,STORAGE,20171030 0000,20171031 0000,1223160, ,AF
ORO,D,15,STORAGE,20171031 0000,20171101 0000,1217918, ,AF
ORO,D,15,STORAGE,20171101 0000,20171102 0000,1211947, ,AF
ORO,D,15,STORAGE,20171102 0000,20171103 0000,1205996, ,AF
ORO,D,15,STORAGE,20171103 0000,20171104 0000,1199918, ,AF
ORO,D,15,STORAGE,20171104 0000,20171105 0000,1197405, ,AF
ORO,D,15,STORAGE,20171105 0000,20171106 0000,1192390, ,AF
ORO,D,15,STORAGE,20171106 0000,20171107 0000,1186875, ,AF
ORO,D,15,STORAGE,20171107 0000,20171108 0000,1181379, ,AF
ORO,D,15,STORAGE,20171108 0000,20171109 0000,1176557, ,AF
ORO,D,15,STORAGE,20171109 0000,20171110 0000,1181086, ,AF
ORO,D,15,STORAGE,20171110 0000,20171111 0000,1182037, ,AF
ORO,D,15,STORAGE,20171111 0000,20171112 0000,1180867, ,AF
ORO,D,15,STORAGE,20171112 0000,20171113 0000,1178236, ,AF
ORO,D,15,STORAGE,20171113 0000,20171114 0000,1176119, ,AF
ORO,D,15,STORAGE,20171114 0000,20171115 0000,1175974, ,AF
ORO,D,15,STORAGE,20171115 0000,20171116 0000,1179039, ,AF
ORO,D,15,STORAGE,20171116 0000,20171117 0000,1211947, ,AF
ORO,D,15,STORAGE,20171117 0000,20171118 0000,1226162, ,AF
ORO,D,15,STORAGE,20171118 0000,20171119 0000,1233995, ,AF
ORO,D,15,STORAGE,20171119 0000,20171120 0000,1237621, ,AF
ORO,D,15,STORAGE,20171120 0000,20171121 0000,1241559, ,AF
ORO,D,15,STORAGE,20171121 0000,20171122 0000,1246341, ,AF
ORO,D,15,STORAGE,20171122 0000,20171123 0000,1249385, ,AF
ORO,D,15,STORAGE,20171123 0000,20171124 0000,1250756, ,AF
ORO,D,15,STORAGE,20171124 0000,20171125 0000,1251824, ,AF
ORO,D,15,STORAGE,20171125 0000,20171126 0000,1252128, ,AF
ORO,D,15,STORAGE,20171126 0000,20171127 0000,1254571, ,AF
ORO,D,15,STORAGE,20171127 0000,20171128 0000,1262510, ,AF
ORO,D,15,STORAGE,20171128 0000,20171129 0000,1266654, ,AF
ORO,D,15,STORAGE,20171129 0000,20171130 0000,1267038, ,AF
ORO,D,15,STORAGE,20171130 0000,20171201 0000,1268268, ,AF
ORO,D,15,STORAGE,20171201 0000,20171202 0000,1270038, ,AF
ORO,D,15,STORAGE,20171202 0000,20171203 0000,1267576, ,AF
ORO,D,15,STORAGE,20171203 0000,20171204 0000,1266961, ,AF
ORO,D,15,STORAGE,20171204 0000,20171205 0000,1265425, ,AF
ORO,D,15,STORAGE,20171205 0000,20171206 0000,1267960, ,AF
ORO,D,15,STORAGE,20171206 0000,20171207 0000,1269499, ,AF
ORO,D,15,STORAGE,20171207 0000,20171208 0000,1271115, ,AF
ORO,D,15,STORAGE,20171208 0000,20171209 0000,1271423, ,AF
ORO,D,15,STORAGE,20171209 0000,20171210 0000,1271346, ,AF
ORO,D,15,STORAGE,20171210 0000,20171211 0000,1269191, ,AF
ORO,D,15,STORAGE,20171211 0000,20171212 0000,1268268, ,AF
ORO,D,15,STORAGE,20171212 0000,20171213 0000,1268422, ,AF
ORO,D,15,STORAGE,20171213 0000,20171214 0000,1268268, ,AF
ORO,D,15,STORAGE,20171214 0000,20171215 0000,1266731, ,AF
ORO,D,15,STORAGE,20171215 0000,20171216 0000,1266731, ,AF
ORO,D,15,STORAGE,20171216 0000,20171217 0000,1265348, ,AF
ORO,D,15,STORAGE,20171217 0000,20171218 0000,1264427, ,AF
ORO,D,15,STORAGE,20171218 0000,20171219 0000,1262893, ,AF
ORO,D,15,STORAGE,20171219 0000,20171220 0000,1261283, ,AF
ORO,D,15,STORAGE,20171220 0000,20171221 0000,1259522, ,AF
ORO,D,15,STORAGE,20171221 0000,20171222 0000,1257686, ,AF
ORO,D,15,STORAGE,20171222 0000,20171223 0000,1255546, ,AF
ORO,D,15,STORAGE,20171223 0000,20171224 0000,1252205, ,AF
ORO,D,15,STORAGE,20171224 0000,20171225 0000,1249232, ,AF
ORO,D,15,STORAGE,20171225 0000,20171226 0000,1246037, ,AF
ORO,D,15,STORAGE,20171226 0000,20171227 0000,1243607, ,AF
ORO,D,15,STORAGE,20171227 0000,20171228 0000,1239968, ,AF
ORO,D,15,STORAGE,20171228 0000,20171229 0000,1236638, ,AF
ORO,D,15,STORAGE,20171229 0000,20171230 0000,1235051, ,AF
ORO,D,15,STORAGE,20171230 0000,20171231 0000,1232636, ,AF
ORO,D,15,STORAGE,20171231 0000,20180101 0000,1230752, ,AF
ORO,D,15,STORAGE,20180101 0000,20180102 0000,1229321, ,AF
ORO,D,15,STORAGE,20180102 0000,20180103 0000,1228268, ,AF
ORO,D,15,STORAGE,20180103 0000,20180104 0000,1226764, ,AF
ORO,D,15,STORAGE,20180104 0000,20180105 0000,1225937, ,AF
ORO,D,15,STORAGE,20180105 0000,20180106 0000,1225937, ,AF
ORO,D,15,STORAGE,20180106 0000,20180107 0000,1230827, ,AF
ORO,D,15,STORAGE,20180107 0000,20180108 0000,1233541, ,AF
ORO,D,15,STORAGE,20180108 0000,20180109 0000,1238529, ,AF
ORO,D,15,STORAGE,20180109 0000,20180110 0000,1259522, ,AF
ORO,D,15,STORAGE,20180110 0000,20180111 0000,1273118, ,AF
ORO,D,15,STORAGE,20180111 0000,20180112 0000,1281540, ,AF
ORO,D,15,STORAGE,20180112 0000,20180113 0000,1287590, ,AF
ORO,D,15,STORAGE,20180113 0000,20180114 0000,1292257, ,AF
ORO,D,15,STORAGE,20180114 0000,20180115 0000,1296076, ,AF
ORO,D,15,STORAGE,20180115 0000,20180116 0000,1299044, ,AF
ORO,D,15,STORAGE,20180116 0000,20180117 0000,1303268, ,AF
ORO,D,15,STORAGE,20180117 0000,20180118 0000,1307581, ,AF
ORO,D,15,STORAGE,20180118 0000,20180119 0000,1313004, ,AF
ORO,D,15,STORAGE,20180119 0000,20180120 0000,1323818, ,AF
ORO,D,15,STORAGE,20180120 0000,20180121 0000,1332385, ,AF
ORO,D,15,STORAGE,20180121 0000,20180122 0000,1339394, ,AF
ORO,D,15,STORAGE,20180122 0000,20180123 0000,1346428, ,AF
ORO,D,15,STORAGE,20180123 0000,20180124 0000,1351238, ,AF
ORO,D,15,STORAGE,20180124 0000,20180125 0000,1359925, ,AF
ORO,D,15,STORAGE,20180125 0000,20180126 0000,1370271, ,AF
ORO,D,15,STORAGE,20180126 0000,20180127 0000,1377497, ,AF
ORO,D,15,STORAGE,20180127 0000,20180128 0000,1381974, ,AF
ORO,D,15,STORAGE,20180128 0000,20180129 0000,1389651, ,AF
ORO,D,15,STORAGE,20180129 0000,20180130 0000,1395550, ,AF
ORO,D,15,STORAGE,20180130 0000,20180131 0000,1401467, ,AF
ORO,D,15,STORAGE,20180131 0000,20180201 0000,1408227, ,AF
ORO,D,15,STORAGE,20180201 0000,20180202 0000,1412607, ,AF
ORO,D,15,STORAGE,20180202 0000,20180203 0000,1418656, ,AF
ORO,D,15,STORAGE,20180203 0000,20180204 0000,1423143, ,AF
ORO,D,15,STORAGE,20180204 0000,20180205 0000,1430308, ,AF
ORO,D,15,STORAGE,20180205 0000,20180206 0000,1433984, ,AF
ORO,D,15,STORAGE,20180206 0000,20180207 0000,1438671, ,AF
ORO,D,15,STORAGE,20180207 0000,20180208 0000,1444965, ,AF
ORO,D,15,STORAGE,20180208 0000,20180209 0000,1448246, ,AF
ORO,D,15,STORAGE,20180209 0000,20180210 0000,1451363, ,AF
ORO,D,15,STORAGE,20180210 0000,20180211 0000,1452796, ,AF
ORO,D,15,STORAGE,20180211 0000,20180212 0000,1455667, ,AF
ORO,D,15,STORAGE,20180212 0000,20180213 0000,1456596, ,AF
ORO,D,15,STORAGE,20180213 0000,20180214 0000,1456004, ,AF
ORO,D,15,STORAGE,20180214 0000,20180215 0000,1456849, ,AF
ORO,D,15,STORAGE,20180215 0000,20180216 0000,1458118, ,AF
ORO,D,15,STORAGE,20180216 0000,20180217 0000,1458372, ,AF
ORO,D,15,STORAGE,20180217 0000,20180218 0000,1458625, ,AF
ORO,D,15,STORAGE,20180218 0000,20180219 0000,1461504, ,AF
ORO,D,15,STORAGE,20180219 0000,20180220 0000,1459556, ,AF
ORO,D,15,STORAGE,20180220 0000,20180221 0000,1459726, ,AF
ORO,D,15,STORAGE,20180221 0000,20180222 0000,1458625, ,AF
ORO,D,15,STORAGE,20180222 0000,20180223 0000,1458372, ,AF
ORO,D,15,STORAGE,20180223 0000,20180224 0000,1458033, ,AF
ORO,D,15,STORAGE,20180224 0000,20180225 0000,1456596, ,AF
ORO,D,15,STORAGE,20180225 0000,20180226 0000,1460826, ,AF
ORO,D,15,STORAGE,20180226 0000,20180227 0000,1459387, ,AF
ORO,D,15,STORAGE,20180227 0000,20180228 0000,1458033, ,AF
ORO,D,15,STORAGE,20180228 0000,20180301 0000,1460064, ,AF
ORO,D,15,STORAGE,20180301 0000,20180302 0000,1464301, ,AF
ORO,D,15,STORAGE,20180302 0000,20180303 0000,1470588, ,AF
ORO,D,15,STORAGE,20180303 0000,20180304 0000,1472460, ,AF
ORO,D,15,STORAGE,20180304 0000,20180305 0000,1475358, ,AF
ORO,D,15,STORAGE,20180305 0000,20180306 0000,1476637, ,AF
ORO,D,15,STORAGE,20180306 0000,20180307 0000,1477063, ,AF
ORO,D,15,STORAGE,20180307 0000,20180308 0000,1477149, ,AF
ORO,D,15,STORAGE,20180308 0000,20180309 0000,1481334, ,AF
ORO,D,15,STORAGE,20180309 0000,20180310 0000,1485443, ,AF
ORO,D,15,STORAGE,20180310 0000,20180311 0000,1488787, ,AF
ORO,D,15,STORAGE,20180311 0000,20180312 0000,1491793, ,AF
ORO,D,15,STORAGE,20180312 0000,20180313 0000,1495749, ,AF
ORO,D,15,STORAGE,20180313 0000,20180314 0000,1520524, ,AF
ORO,D,15,STORAGE,20180314 0000,20180315 0000,1553504, ,AF
ORO,D,15,STORAGE,20180315 0000,20180316 0000,1576599, ,AF
ORO,D,15,STORAGE,20180316 0000,20180317 0000,1595789, ,AF
ORO,D,15,STORAGE,20180317 0000,20180318 0000,1610515, ,AF
ORO,D,15,STORAGE,20180318 0000,20180319 0000,1623148, ,AF
ORO,D,15,STORAGE,20180319 0000,20180320 0000,1635118, ,AF
ORO,D,15,STORAGE,20180320 0000,20180321 0000,1648071, ,AF
ORO,D,15,STORAGE,20180321 0000,20180322 0000,1677362, ,AF
ORO,D,15,STORAGE,20180322 0000,20180323 0000,1803598, ,AF
ORO,D,15,STORAGE,20180323 0000,20180324 0000,1886868, ,AF
ORO,D,15,STORAGE,20180324 0000,20180325 0000,1945071, ,AF
ORO,D,15,STORAGE,20180325 0000,20180326 0000,1984729, ,AF
ORO,D,15,STORAGE,20180326 0000,20180327 0000,2013258, ,AF
ORO,D,15,STORAGE,20180327 0000,20180328 0000,2035329, ,AF
ORO,D,15,STORAGE,20180328 0000,20180329 0000,2049600, ,AF
ORO,D,15,STORAGE,20180329 0000,20180330 0000,2065242, ,AF
ORO,D,15,STORAGE,20180330 0000,20180331 0000,2080533, ,AF
ORO,D,15,STORAGE,20180331 0000,20180401 0000,2093173, ,AF
ORO,D,15,STORAGE,20180401 0000,20180402 0000,2106416, ,AF
ORO,D,15,STORAGE,20180402 0000,20180403 0000,2120049, ,AF
ORO,D,15,STORAGE,20180403 0000,20180404 0000,2128104, ,AF
ORO,D,15,STORAGE,20180404 0000,20180405 0000,2120379, ,AF
ORO,D,15,STORAGE,20180405 0000,20180406 0000,2111136, ,AF
ORO,D,15,STORAGE,20180406 0000,20180407 0000,2120820, ,AF
ORO,D,15,STORAGE,20180407 0000,20180408 0000,2174982, ,AF
ORO,D,15,STORAGE,20180408 0000,20180409 0000,2198748, ,AF
ORO,D,15,STORAGE,20180409 0000,20180410 0000,2213481, ,AF
ORO,D,15,STORAGE,20180410 0000,20180411 0000,2223267, ,AF
ORO,D,15,STORAGE,20180411 0000,20180412 0000,2231025, ,AF
ORO,D,15,STORAGE,20180412 0000,20180413 0000,2242124, ,AF
ORO,D,15,STORAGE,20180413 0000,20180414 0000,2253264, ,AF
ORO,D,15,STORAGE,20180414 0000,20180415 0000,2261556, ,AF
ORO,D,15,STORAGE,20180415 0000,20180416 0000,2271026, ,AF
ORO,D,15,STORAGE,20180416 0000,20180417 0000,2280409, ,AF
ORO,D,15,STORAGE,20180417 0000,20180418 0000,2291331, ,AF
ORO,D,15,STORAGE,20180418 0000,20180419 0000,2303340, ,AF
ORO,D,15,STORAGE,20180419 0000,20180420 0000,2316566, ,AF
ORO,D,15,STORAGE,20180420 0000,20180421 0000,2327961, ,AF
ORO,D,15,STORAGE,20180421 0000,20180422 0000,2338097, ,AF
ORO,D,15,STORAGE,20180422 0000,20180423 0000,2350632, ,AF
ORO,D,15,STORAGE,20180423 0000,20180424 0000,2361430, ,AF
ORO,D,15,STORAGE,20180424 0000,20180425 0000,2371308, ,AF
ORO,D,15,STORAGE,20180425 0000,20180426 0000,2382771, ,AF
ORO,D,15,STORAGE,20180426 0000,20180427 0000,2395231, ,AF
ORO,D,15,STORAGE,20180427 0000,20180428 0000,2405448, ,AF
ORO,D,15,STORAGE,20180428 0000,20180429 0000,2414368, ,AF
ORO,D,15,STORAGE,20180429 0000,20180430 0000,2424884, ,AF
ORO,D,15,STORAGE,20180430 0000,20180501 0000,2432967, ,AF
ORO,D,15,STORAGE,20180501 0000,20180502 0000,2441475, ,AF
ORO,D,15,STORAGE,20180502 0000,20180503 0000,2448297, ,AF
ORO,D,15,STORAGE,20180503 0000,20180504 0000,2455132, ,AF
ORO,D,15,STORAGE,20180504 0000,20180505 0000,2460634, ,AF
ORO,D,15,STORAGE,20180505 0000,20180506 0000,2465287, ,AF
ORO,D,15,STORAGE,20180506 0000,20180507 0000,2469823, ,AF
ORO,D,15,STORAGE,20180507 0000,20180508 0000,2473997, ,AF
ORO,D,15,STORAGE,20180508 0000,20180509 0000,2475717, ,AF
ORO,D,15,STORAGE,20180509 0000,20180510 0000,2475717, ,AF
ORO,D,15,STORAGE,20180510 0000,20180511 0000,2472769, ,AF
ORO,D,15,STORAGE,20180511 0000,20180512 0000,2471542, ,AF
ORO,D,15,STORAGE,20180512 0000,20180513 0000,2470191, ,AF
ORO,D,15,STORAGE,20180513 0000,20180514 0000,2466390, ,AF
ORO,D,15,STORAGE,20180514 0000,20180515 0000,2464429, ,AF
ORO,D,15,STORAGE,20180515 0000,20180516 0000,2459655, ,AF
ORO,D,15,STORAGE,20180516 0000,20180517 0000,2455010, ,AF
ORO,D,15,STORAGE,20180517 0000,20180518 0000,2452445, ,AF
ORO,D,15,STORAGE,20180518 0000,20180519 0000,2447687, ,AF
ORO,D,15,STORAGE,20180519 0000,20180520 0000,2446468, ,AF
ORO,D,15,STORAGE,20180520 0000,20180521 0000,2450981, ,AF
ORO,D,15,STORAGE,20180521 0000,20180522 0000,2446834, ,AF
ORO,D,15,STORAGE,20180522 0000,20180523 0000,2440259, ,AF
ORO,D,15,STORAGE,20180523 0000,20180524 0000,2432725, ,AF
ORO,D,15,STORAGE,20180524 0000,20180525 0000,2425246, ,AF
ORO,D,15,STORAGE,20180525 0000,20180526 0000,2417990, ,AF
ORO,D,15,STORAGE,20180526 0000,20180527 0000,2417145, ,AF
ORO,D,15,STORAGE,20180527 0000,20180528 0000,2421496, ,AF
ORO,D,15,STORAGE,20180528 0000,20180529 0000,2423674, ,AF
ORO,D,15,STORAGE,20180529 0000,20180530 0000,2421375, ,AF
ORO,D,15,STORAGE,20180530 0000,20180531 0000,2415092, ,AF
ORO,D,15,STORAGE,20180531 0000,20180601 0000,2409544, ,AF
ORO,D,15,STORAGE,20180601 0000,20180602 0000,2407616, ,AF
ORO,D,15,STORAGE,20180602 0000,20180603 0000,2407736, ,AF
ORO,D,15,STORAGE,20180603 0000,20180604 0000,2411110, ,AF
ORO,D,15,STORAGE,20180604 0000,20180605 0000,2406773, ,AF
ORO,D,15,STORAGE,20180605 0000,20180606 0000,2402680, ,AF
ORO,D,15,STORAGE,20180606 0000,20180607 0000,2397632, ,AF
ORO,D,15,STORAGE,20180607 0000,20180608 0000,2393551, ,AF
ORO,D,15,STORAGE,20180608 0000,20180609 0000,2390793, ,AF
ORO,D,15,STORAGE,20180609 0000,20180610 0000,2388996, ,AF
ORO,D,15,STORAGE,20180610 0000,20180611 0000,2388756, ,AF
ORO,D,15,STORAGE,20180611 0000,20180612 0000,2383608, ,AF
ORO,D,15,STORAGE,20180612 0000,20180613 0000,2376557, ,AF
ORO,D,15,STORAGE,20180613 0000,20180614 0000,2372739, ,AF
ORO,D,15,STORAGE,20180614 0000,20180615 0000,2368688, ,AF
ORO,D,15,STORAGE,20180615 0000,20180616 0000,2364284, ,AF
ORO,D,15,STORAGE,20180616 0000,20180617 0000,2359648, ,AF
ORO,D,15,STORAGE,20180617 0000,20180618 0000,2354070, ,AF
ORO,D,15,STORAGE,20180618 0000,20180619 0000,2348737, ,AF
ORO,D,15,STORAGE,20180619 0000,20180620 0000,2343294, ,AF
ORO,D,15,STORAGE,20180620 0000,20180621 0000,2337507, ,AF
ORO,D,15,STORAGE,20180621 0000,20180622 0000,2332671, ,AF
ORO,D,15,STORAGE,20180622 0000,20180623 0000,2321260, ,AF
ORO,D,15,STORAGE,20180623 0000,20180624 0000,2308718, ,AF
ORO,D,15,STORAGE,20180624 0000,20180625 0000,2293892, ,AF
ORO,D,15,STORAGE,20180625 0000,20180626 0000,2282033, ,AF
ORO,D,15,STORAGE,20180626 0000,20180627 0000,2275077, ,AF
ORO,D,15,STORAGE,20180627 0000,20180628 0000,2269408, ,AF
ORO,D,15,STORAGE,20180628 0000,20180629 0000,2264209, ,AF
ORO,D,15,STORAGE,20180629 0000,20180630 0000,2259135, ,AF
ORO,D,15,STORAGE,20180630 0000,20180701 0000,2253033, ,AF
ORO,D,15,STORAGE,20180701 0000,20180702 0000,2245795, ,AF
ORO,D,15,STORAGE,20180702 0000,20180703 0000,2239947, ,AF
ORO,D,15,STORAGE,20180703 0000,20180704 0000,2232967, ,AF
ORO,D,15,STORAGE,20180704 0000,20180705 0000,2224520, ,AF
ORO,D,15,STORAGE,20180705 0000,20180705 0000,2217682, ,AF
ORO,D,15,STORAGE,20180706 0000,20180707 0000,2208714, ,AF
ORO,D,15,STORAGE,20180707 0000,20180708 0000,2200558, ,AF
ORO,D,15,STORAGE,20180708 0000,20180709 0000,2192874, ,AF
ORO,D,15,STORAGE,20180709 0000,20180710 0000,2183521, ,AF
ORO,D,15,STORAGE,20180710 0000,20180711 0000,2174084, ,AF
ORO,D,15,STORAGE,20180711 0000,20180712 0000,2162104, ,AF
ORO,D,15,STORAGE,20180712 0000,20180713 0000,2152956, ,AF
ORO,D,15,STORAGE,20180713 0000,20180714 0000,2141947, ,AF
ORO,D,15,STORAGE,20180714 0000,20180715 0000,2130978, ,AF
ORO,D,15,STORAGE,20180715 0000,20180716 0000,2120159, ,AF
ORO,D,15,STORAGE,20180716 0000,20180717 0000,2108061, ,AF
ORO,D,15,STORAGE,20180717 0000,20180718 0000,2096997, ,AF
ORO,D,15,STORAGE,20180718 0000,20180719 0000,2085103, ,AF
ORO,D,15,STORAGE,20180719 0000,20180720 0000,2073582, ,AF
ORO,D,15,STORAGE,20180720 0000,20180721 0000,2062539, ,AF
ORO,D,15,STORAGE,20180721 0000,20180722 0000,2051107, ,AF
ORO,D,15,STORAGE,20180722 0000,20180723 0000,2040579, ,AF
ORO,D,15,STORAGE,20180723 0000,20180724 0000,2028487, ,AF
ORO,D,15,STORAGE,20180724 0000,20180725 0000,2017297, ,AF
ORO,D,15,STORAGE,20180725 0000,20180726 0000,2006787, ,AF
ORO,D,15,STORAGE,20180726 0000,20180727 0000,1995472, ,AF
ORO,D,15,STORAGE,20180727 0000,20180728 0000,1985359, ,AF
ORO,D,15,STORAGE,20180728 0000,20180729 0000,1972562, ,AF
ORO,D,15,STORAGE,20180729 0000,20180730 0000,1962950, ,AF
ORO,D,15,STORAGE,20180730 0000,20180731 0000,1953476, ,AF
ORO,D,15,STORAGE,20180731 0000,20180801 0000,1943932, ,AF
ORO,D,15,STORAGE,20180801 0000,20180802 0000,1935350, ,AF
ORO,D,15,STORAGE,20180802 0000,20180803 0000,1925664, ,AF
ORO,D,15,STORAGE,20180803 0000,20180804 0000,1915604, ,AF
ORO,D,15,STORAGE,20180804 0000,20180805 0000,1903745, ,AF
ORO,D,15,STORAGE,20180805 0000,20180806 0000,1892550, ,AF
ORO,D,15,STORAGE,20180806 0000,20180807 0000,1881806, ,AF
ORO,D,15,STORAGE,20180807 0000,20180808 0000,1866176, ,AF
ORO,D,15,STORAGE,20180808 0000,20180809 0000,1851837, ,AF
ORO,D,15,STORAGE,20180809 0000,20180810 0000,1837279, ,AF
ORO,D,15,STORAGE,20180810 0000,20180811 0000,1823595, ,AF
ORO,D,15,STORAGE,20180811 0000,20180812 0000,1809394, ,AF
ORO,D,15,STORAGE,20180812 0000,20180813 0000,1797719, ,AF
ORO,D,15,STORAGE,20180813 0000,20180814 0000,1786780, ,AF
ORO,D,15,STORAGE,20180814 0000,20180815 0000,1776472, ,AF
ORO,D,15,STORAGE,20180815 0000,20180816 0000,1765707, ,AF
ORO,D,15,STORAGE,20180816 0000,20180817 0000,1755089, ,AF
ORO,D,15,STORAGE,20180817 0000,20180818 0000,1744325, ,AF
ORO,D,15,STORAGE,20180818 0000,20180819 0000,1732558, ,AF
ORO,D,15,STORAGE,20180819 0000,20180820 0000,1722082, ,AF
ORO,D,15,STORAGE,20180820 0000,20180821 0000,1710044, ,AF
ORO,D,15,STORAGE,20180821 0000,20180822 0000,1699477, ,AF
ORO,D,15,STORAGE,20180822 0000,20180823 0000,1688581, ,AF
ORO,D,15,STORAGE,20180823 0000,20180824 0000,1677642, ,AF
ORO,D,15,STORAGE,20180824 0000,20180825 0000,1666939, ,AF
ORO,D,15,STORAGE,20180825 0000,20180826 0000,1656468, ,AF
ORO,D,15,STORAGE,20180826 0000,20180827 0000,1646321, ,AF
ORO,D,15,STORAGE,20180827 0000,20180828 0000,1636034, ,AF
ORO,D,15,STORAGE,20180828 0000,20180829 0000,1623695, ,AF
ORO,D,15,STORAGE,20180829 0000,20180830 0000,1614052, ,AF
ORO,D,15,STORAGE,20180830 0000,20180831 0000,1605897, ,AF
ORO,D,15,STORAGE,20180831 0000,20180901 0000,1596780, ,AF
ORO,D,15,STORAGE,20180901 0000,20180902 0000,1588147, ,AF
ORO,D,15,STORAGE,20180902 0000,20180903 0000,1579280, ,AF
ORO,D,15,STORAGE,20180903 0000,20180904 0000,1569111, ,AF
ORO,D,15,STORAGE,20180904 0000,20180905 0000,1560053, ,AF
ORO,D,15,STORAGE,20180905 0000,20180906 0000,1551560, ,AF
ORO,D,15,STORAGE,20180906 0000,20180907 0000,1543452, ,AF
ORO,D,15,STORAGE,20180907 0000,20180908 0000,1536338, ,AF
ORO,D,15,STORAGE,20180908 0000,20180909 0000,1528023, ,AF
ORO,D,15,STORAGE,20180909 0000,20180910 0000,1521046, ,AF
ORO,D,15,STORAGE,20180910 0000,20180911 0000,1512342, ,AF
ORO,D,15,STORAGE,20180911 0000,20180912 0000,1504894, ,AF
ORO,D,15,STORAGE,20180912 0000,20180913 0000,1498247, ,AF
ORO,D,15,STORAGE,20180913 0000,20180914 0000,1489903, ,AF
ORO,D,15,STORAGE,20180914 0000,20180915 0000,1482960, ,AF
ORO,D,15,STORAGE,20180915 0000,20180916 0000,1473994, ,AF
ORO,D,15,STORAGE,20180916 0000,20180917 0000,1466508, ,AF
ORO,D,15,STORAGE,20180917 0000,20180918 0000,1458795, ,AF
ORO,D,15,STORAGE,20180918 0000,20180919 0000,1451025, ,AF
ORO,D,15,STORAGE,20180919 0000,20180920 0000,1447656, ,AF
ORO,D,15,STORAGE,20180920 0000,20180921 0000,1439844, ,AF
ORO,D,15,STORAGE,20180921 0000,20180922 0000,1432479, ,AF
ORO,D,15,STORAGE,20180922 0000,20180923 0000,1424724, ,AF
ORO,D,15,STORAGE,20180923 0000,20180924 0000,1416915, ,AF
ORO,D,15,STORAGE,20180924 0000,20180925 0000,1410457, ,AF
ORO,D,15,STORAGE,20180925 0000,20180926 0000,1403443, ,AF
ORO,D,15,STORAGE,20180926 0000,20180927 0000,1395879, ,AF
ORO,D,15,STORAGE,20180927 0000,20180928 0000,1388097, ,AF
ORO,D,15,STORAGE,20180928 0000,20180929 0000,1380345, ,AF
ORO,D,15,STORAGE,20180929 0000,20180930 0000,1372136, ,AF
ORO,D,15,STORAGE,20180930 0000,20181001 0000,1364688, ,AF
ORO,D,15,STORAGE,20181001 0000,20181002 0000,1354853, ,AF
ORO,D,15,STORAGE,20181002 0000,20181003 0000,1348430, ,AF
ORO,D,15,STORAGE,20181003 0000,20181004 0000,1337799, ,AF
ORO,D,15,STORAGE,20181004 0000,20181005 0000,1330796, ,AF
ORO,D,15,STORAGE,20181005 0000,20181006 0000,1323344, ,AF
ORO,D,15,STORAGE,20181006 0000,20181007 0000,1317654, ,AF
ORO,D,15,STORAGE,20181007 0000,20181008 0000,1311824, ,AF
ORO,D,15,STORAGE,20181008 0000,20181009 0000,1306246, ,AF
ORO,D,15,STORAGE,20181009 0000,20181010 0000,1302485, ,AF
ORO,D,15,STORAGE,20181010 0000,20181011 0000,1297716, ,AF
ORO,D,15,STORAGE,20181011 0000,20181012 0000,1293815, ,AF
ORO,D,15,STORAGE,20181012 0000,20181013 0000,1289300, ,AF
ORO,D,15,STORAGE,20181013 0000,20181014 0000,1284951, ,AF
ORO,D,15,STORAGE,20181014 0000,20181015 0000,1280070, ,AF
ORO,D,15,STORAGE,20181015 0000,20181016 0000,1275278, ,AF
ORO,D,15,STORAGE,20181016 0000,20181017 0000,1269653, ,AF
ORO,D,15,STORAGE,20181017 0000,20181018 0000,1264657, ,AF
ORO,D,15,STORAGE,20181018 0000,20181019 0000,1259752, ,AF
ORO,D,15,STORAGE,20181019 0000,20181020 0000,1255317, ,AF
ORO,D,15,STORAGE,20181020 0000,20181021 0000,1252205, ,AF
ORO,D,15,STORAGE,20181021 0000,20181021 0000,1248995,r,AF
ORO,D,15,STORAGE,20181022 0000,20181022 0000,1243143,r,AF
ORO,D,15,STORAGE,20181023 0000,20181023 0000,1235497,r,AF
ORO,D,15,STORAGE,20181024 0000,20181024 0000,1228412,r,AF
ORO,D,15,STORAGE,20181025 0000,20181025 0000,1221430,r,AF
ORO,D,15,STORAGE,20181026 0000,20181026 0000,1214104,r,AF
ORO,D,15,STORAGE,20181027 0000,20181027 0000,1207477,r,AF
ORO,D,15,STORAGE,20181028 0000,20181028 0000,1199619,r,AF
ORO,D,15,STORAGE,20181029 0000,20181029 0000,1192166,r,AF
ORO,D,15,STORAGE,20181030 0000,20181030 0000,1185038,r,AF
ORO,D,15,STORAGE,20181031 0000,20181031 0000,1178891,r,AF
ORO,D,15,STORAGE,20181101 0000,20181101 0000,1171966,r,AF
ORO,D,15,STORAGE,20181102 0000,20181103 0000,1165868, ,AF
ORO,D,15,STORAGE,20181103 0000,20181104 0000,1158780, ,AF
ORO,D,15,STORAGE,20181104 0000,20181105 0000,1151723, ,AF
ORO,D,15,STORAGE,20181105 0000,20181106 0000,1143982, ,AF
ORO,D,15,STORAGE,20181106 0000,20181107 0000,1136704, ,AF
ORO,D,15,STORAGE,20181107 0000,20181108 0000,1129884, ,AF
ORO,D,15,STORAGE,20181108 0000,20181109 0000,1123234, ,AF
ORO,D,15,STORAGE,20181109 0000,20181110 0000,1116542, ,AF
ORO,D,15,STORAGE,20181110 0000,20181111 0000,1107709, ,AF
ORO,D,15,STORAGE,20181111 0000,20181112 0000,1098787, ,AF
ORO,D,15,STORAGE,20181112 0000,20181113 0000,1089984, ,AF
ORO,D,15,STORAGE,20181113 0000,20181114 0000,1081093, ,AF
ORO,D,15,STORAGE,20181114 0000,20181115 0000,1074715, ,AF
ORO,D,15,STORAGE,20181115 0000,20181116 0000,1068091, ,AF
ORO,D,15,STORAGE,20181116 0000,20181117 0000,1062310, ,AF
ORO,D,15,STORAGE,20181117 0000,20181118 0000,1055806, ,AF
ORO,D,15,STORAGE,20181118 0000,20181119 0000,1050543, ,AF
ORO,D,15,STORAGE,20181119 0000,20181120 0000,1045097, ,AF
ORO,D,15,STORAGE,20181120 0000,20181121 0000,1040941, ,AF
ORO,D,15,STORAGE,20181121 0000,20181122 0000,1038467, ,AF
ORO,D,15,STORAGE,20181122 0000,20181123 0000,1035796, ,AF
ORO,D,15,STORAGE,20181123 0000,20181124 0000,1036397, ,AF
ORO,D,15,STORAGE,20181124 0000,20181125 0000,1041276, ,AF
ORO,D,15,STORAGE,20181125 0000,20181126 0000,1037531, ,AF
ORO,D,15,STORAGE,20181126 0000,20181127 0000,1033730, ,AF
ORO,D,15,STORAGE,20181127 0000,20181128 0000,1031532, ,AF
ORO,D,15,STORAGE,20181128 0000,20181129 0000,1029140, ,AF
ORO,D,15,STORAGE,20181129 0000,20181130 0000,1029538, ,AF
ORO,D,15,STORAGE,20181130 0000,20181201 0000,1029870, ,AF
ORO,D,15,STORAGE,20181201 0000,20181202 0000,1028476, ,AF
ORO,D,15,STORAGE,20181202 0000,20181203 0000,1024829, ,AF
ORO,D,15,STORAGE,20181203 0000,20181204 0000,1020993, ,AF
ORO,D,15,STORAGE,20181204 0000,20181205 0000,1018221, ,AF
ORO,D,15,STORAGE,20181205 0000,20181206 0000,1015718, ,AF
ORO,D,15,STORAGE,20181206 0000,20181207 0000,1014664, ,AF
ORO,D,15,STORAGE,20181207 0000,20181208 0000,1014204, ,AF
ORO,D,15,STORAGE,20181208 0000,20181209 0000,1011379, ,AF
ORO,D,15,STORAGE,20181209 0000,20181210 0000,1008625, ,AF
ORO,D,15,STORAGE,20181210 0000,20181211 0000,1006333, ,AF
ORO,D,15,STORAGE,20181211 0000,20181212 0000,1003785, ,AF
ORO,D,15,STORAGE,20181212 0000,20181213 0000,1001240, ,AF
ORO,D,15,STORAGE,20181213 0000,20181214 0000,999937, ,AF
ORO,D,15,STORAGE,20181214 0000,20181215 0000,997724, ,AF
ORO,D,15,STORAGE,20181215 0000,20181216 0000,997204, ,AF
ORO,D,15,STORAGE,20181216 0000,20181217 0000,1000523, ,AF
ORO,D,15,STORAGE,20181217 0000,20181218 0000,1007250, ,AF
ORO,D,15,STORAGE,20181218 0000,20181219 0000,1010329, ,AF
ORO,D,15,STORAGE,20181219 0000,20181220 0000,1011970, ,AF
ORO,D,15,STORAGE,20181220 0000,20181221 0000,1011378,e,AF
ORO,D,15,STORAGE,20181221 0000,20181221 0000,1010785,r,AF
ORO,D,15,STORAGE,20181222 0000,20181222 0000,1011506,r,AF
ORO,D,15,STORAGE,20181223 0000,20181223 0000,1012294,r,AF
ORO,D,15,STORAGE,20181224 0000,20181225 0000,1017232, ,AF
ORO,D,15,STORAGE,20181225 0000,20181226 0000,1023505, ,AF
ORO,D,15,STORAGE,20181226 0000,20181227 0000,1025823, ,AF
ORO,D,15,STORAGE,20181227 0000,20181228 0000,1027414, ,AF
ORO,D,15,STORAGE,20181228 0000,20181229 0000,1028874, ,AF
ORO,D,15,STORAGE,20181229 0000,20181230 0000,1029870, ,AF
ORO,D,15,STORAGE,20181230 0000,20181231 0000,1030934, ,AF
ORO,D,15,STORAGE,20181231 0000,20190101 0000,1031666, ,AF
ORO,D,15,STORAGE,20190101 0000,20190102 0000,1032331, ,AF
ORO,D,15,STORAGE,20190102 0000,20190103 0000,1032597, ,AF
ORO,D,15,STORAGE,20190103 0000,20190104 0000,1032997, ,AF
ORO,D,15,STORAGE,20190104 0000,20190105 0000,1033397, ,AF
ORO,D,15,STORAGE,20190105 0000,20190106 0000,1034663, ,AF
ORO,D,15,STORAGE,20190106 0000,20190107 0000,1038935, ,AF
ORO,D,15,STORAGE,20190107 0000,20190108 0000,1043755, ,AF
ORO,D,15,STORAGE,20190108 0000,20190109 0000,1047112, ,AF
ORO,D,15,STORAGE,20190109 0000,20190110 0000,1058648, ,AF
ORO,D,15,STORAGE,20190110 0000,20190111 0000,1072595, ,AF
ORO,D,15,STORAGE,20190111 0000,20190112 0000,1077387, ,AF
ORO,D,15,STORAGE,20190112 0000,20190113 0000,1081437, ,AF
ORO,D,15,STORAGE,20190113 0000,20190114 0000,1084809, ,AF
ORO,D,15,STORAGE,20190114 0000,20190115 0000,1086187, ,AF
ORO,D,15,STORAGE,20190115 0000,20190116 0000,1090053, ,AF
ORO,D,15,STORAGE,20190116 0000,20190117 0000,1118300, ,AF
ORO,D,15,STORAGE,20190117 0000,20190118 0000,1186141, ,AF
ORO,D,15,STORAGE,20190118 0000,20190119 0000,1214482, ,AF
ORO,D,15,STORAGE,20190119 0000,20190120 0000,1235807, ,AF
ORO,D,15,STORAGE,20190120 0000,20190121 0000,1264657, ,AF
ORO,D,15,STORAGE,20190121 0000,20190122 0000,1296544, ,AF
ORO,D,15,STORAGE,20190122 0000,20190123 0000,1316076, ,AF
ORO,D,15,STORAGE,20190123 0000,20190124 0000,1330637, ,AF
ORO,D,15,STORAGE,20190124 0000,20190125 0000,1343228, ,AF
ORO,D,15,STORAGE,20190125 0000,20190126 0000,1353808, ,AF
ORO,D,15,STORAGE,20190126 0000,20190127 0000,1363153, ,AF
ORO,D,15,STORAGE,20190127 0000,20190128 0000,1373434, ,AF
ORO,D,15,STORAGE,20190128 0000,20190129 0000,1382382, ,AF
ORO,D,15,STORAGE,20190129 0000,20190130 0000,1390060, ,AF
ORO,D,15,STORAGE,20190130 0000,20190131 0000,1397192, ,AF
ORO,D,15,STORAGE,20190131 0000,20190201 0000,1403938, ,AF
ORO,D,15,STORAGE,20190201 0000,20190202 0000,1413187, ,AF
ORO,D,15,STORAGE,20190202 0000,20190203 0000,1432062, ,AF
ORO,D,15,STORAGE,20190203 0000,20190204 0000,1457272, ,AF
ORO,D,15,STORAGE,20190204 0000,20190205 0000,1487929, ,AF
ORO,D,15,STORAGE,20190205 0000,20190206 0000,1506450, ,AF
ORO,D,15,STORAGE,20190206 0000,20190207 0000,1520175, ,AF
ORO,D,15,STORAGE,20190207 0000,20190208 0000,1531870, ,AF
ORO,D,15,STORAGE,20190208 0000,20190209 0000,1542485, ,AF
ORO,D,15,STORAGE,20190209 0000,20190210 0000,1552797, ,AF
ORO,D,15,STORAGE,20190210 0000,20190211 0000,1562713, ,AF
ORO,D,15,STORAGE,20190211 0000,20190212 0000,1571961, ,AF
ORO,D,15,STORAGE,20190212 0000,20190213 0000,1583396, ,AF
ORO,D,15,STORAGE,20190213 0000,20190214 0000,1611240, ,AF
ORO,D,15,STORAGE,20190214 0000,20190215 0000,1711179, ,AF
ORO,D,15,STORAGE,20190215 0000,20190216 0000,1771323, ,AF
ORO,D,15,STORAGE,20190216 0000,20190217 0000,1807133, ,AF
ORO,D,15,STORAGE,20190217 0000,20190218 0000,1836484, ,AF
ORO,D,15,STORAGE,20190218 0000,20190219 0000,1861856, ,AF
ORO,D,15,STORAGE,20190219 0000,20190220 0000,1881502, ,AF
ORO,D,15,STORAGE,20190220 0000,20190221 0000,1899567, ,AF
ORO,D,15,STORAGE,20190221 0000,20190222 0000,1917449, ,AF
ORO,D,15,STORAGE,20190222 0000,20190223 0000,1933802, ,AF
ORO,D,15,STORAGE,20190223 0000,20190224 0000,1947973, ,AF
ORO,D,15,STORAGE,20190224 0000,20190225 0000,1961490, ,AF
ORO,D,15,STORAGE,20190225 0000,20190226 0000,1982522, ,AF
ORO,D,15,STORAGE,20190226 0000,20190227 0000,2053368, ,AF
ORO,D,15,STORAGE,20190227 0000,20190228 0000,2130646, ,AF
ORO,D,15,STORAGE,20190228 0000,20190301 0000,2188476, ,AF
ORO,D,15,STORAGE,20190301 0000,20190302 0000,2230911, ,AF
ORO,D,15,STORAGE,20190302 0000,20190303 0000,2263632, ,AF
ORO,D,15,STORAGE,20190303 0000,20190304 0000,2296572, ,AF
ORO,D,15,STORAGE,20190304 0000,20190305 0000,2332200, ,AF
ORO,D,15,STORAGE,20190305 0000,20190306 0000,2362738, ,AF
ORO,D,15,STORAGE,20190306 0000,20190307 0000,2419924, ,AF
ORO,D,15,STORAGE,20190307 0000,20190308 0000,2480021, ,AF
ORO,D,15,STORAGE,20190308 0000,20190309 0000,2522726, ,AF
ORO,D,15,STORAGE,20190309 0000,20190310 0000,2553238, ,AF
ORO,D,15,STORAGE,20190310 0000,20190311 0000,2575406, ,AF
ORO,D,15,STORAGE,20190311 0000,20190312 0000,2593263, ,AF
ORO,D,15,STORAGE,20190312 0000,20190313 0000,2614140, ,AF
ORO,D,15,STORAGE,20190313 0000,20190314 0000,2631543, ,AF
ORO,D,15,STORAGE,20190314 0000,20190315 0000,2638860, ,AF
ORO,D,15,STORAGE,20190315 0000,20190316 0000,2647350, ,AF
ORO,D,15,STORAGE,20190316 0000,20190317 0000,2655602, ,AF
ORO,D,15,STORAGE,20190317 0000,20190318 0000,2663871, ,AF
ORO,D,15,STORAGE,20190318 0000,20190319 0000,2672158, ,AF
ORO,D,15,STORAGE,20190319 0000,20190320 0000,2681511, ,AF
ORO,D,15,STORAGE,20190320 0000,20190321 0000,2689310, ,AF
ORO,D,15,STORAGE,20190321 0000,20190322 0000,2698691, ,AF
ORO,D,15,STORAGE,20190322 0000,20190323 0000,2711102, ,AF
ORO,D,15,STORAGE,20190323 0000,20190324 0000,2719355, ,AF
ORO,D,15,STORAGE,20190324 0000,20190325 0000,2723686, ,AF
ORO,D,15,STORAGE,20190325 0000,20190326 0000,2729730, ,AF
ORO,D,15,STORAGE,20190326 0000,20190327 0000,2747388, ,AF
ORO,D,15,STORAGE,20190327 0000,20190328 0000,2774825, ,AF
ORO,D,15,STORAGE,20190328 0000,20190328 0000,2805264,r,AF
ORO,D,15,STORAGE,20190329 0000,20190330 0000,2826634, ,AF
ORO,D,15,STORAGE,20190330 0000,20190331 0000,2839320, ,AF
ORO,D,15,STORAGE,20190331 0000,20190401 0000,2849335, ,AF
ORO,D,15,STORAGE,20190401 0000,20190402 0000,2857474, ,AF
ORO,D,15,STORAGE,20190402 0000,20190403 0000,2867670, ,AF
ORO,D,15,STORAGE,20190403 0000,20190404 0000,2872572, ,AF
ORO,D,15,STORAGE,20190404 0000,20190405 0000,2873800, ,AF
ORO,D,15,STORAGE,20190405 0000,20190406 0000,2869440, ,AF
ORO,D,15,STORAGE,20190406 0000,20190407 0000,2860597, ,AF
ORO,D,15,STORAGE,20190407 0000,20190408 0000,2852453, ,AF
ORO,D,15,STORAGE,20190408 0000,20190409 0000,2857880, ,AF
ORO,D,15,STORAGE,20190409 0000,20190410 0000,2892381, ,AF
ORO,D,15,STORAGE,20190410 0000,20190411 0000,2918069, ,AF
ORO,D,15,STORAGE,20190411 0000,20190412 0000,2942253, ,AF
ORO,D,15,STORAGE,20190412 0000,20190413 0000,2962952,r,AF
ORO,D,15,STORAGE,20190413 0000,20190414 0000,2981377,r,AF
ORO,D,15,STORAGE,20190414 0000,20190415 0000,2997075,r,AF
ORO,D,15,STORAGE,20190415 0000,20190416 0000,3013399, ,AF
ORO,D,15,STORAGE,20190416 0000,20190417 0000,3029216, ,AF
ORO,D,15,STORAGE,20190417 0000,20190418 0000,3043955, ,AF
ORO,D,15,STORAGE,20190418 0000,20190419 0000,3059030, ,AF
ORO,D,15,STORAGE,20190419 0000,20190420 0000,3077876, ,AF
ORO,D,15,STORAGE,20190420 0000,20190421 0000,3098529, ,AF
ORO,D,15,STORAGE,20190421 0000,20190422 0000,3118413, ,AF
ORO,D,15,STORAGE,20190422 0000,20190423 0000,3135921, ,AF
ORO,D,15,STORAGE,20190423 0000,20190424 0000,3150881, ,AF
ORO,D,15,STORAGE,20190424 0000,20190425 0000,3169980, ,AF
ORO,D,15,STORAGE,20190425 0000,20190426 0000,3191655, ,AF
ORO,D,15,STORAGE,20190426 0000,20190427 0000,3213583, ,AF
ORO,D,15,STORAGE,20190427 0000,20190428 0000,3234414, ,AF
ORO,D,15,STORAGE,20190428 0000,20190429 0000,3254023, ,AF
ORO,D,15,STORAGE,20190429 0000,20190430 0000,3270279, ,AF
ORO,D,15,STORAGE,20190430 0000,20190501 0000,3285244, ,AF
ORO,D,15,STORAGE,20190501 0000,20190502 0000,3296050, ,AF
ORO,D,15,STORAGE,20190502 0000,20190503 0000,3307784, ,AF
ORO,D,15,STORAGE,20190503 0000,20190504 0000,3315775, ,AF
ORO,D,15,STORAGE,20190504 0000,20190505 0000,3322721, ,AF
ORO,D,15,STORAGE,20190505 0000,20190506 0000,3329526, ,AF
ORO,D,15,STORAGE,20190506 0000,20190507 0000,3335584, ,AF
ORO,D,15,STORAGE,20190507 0000,20190508 0000,3343016, ,AF
ORO,D,15,STORAGE,20190508 0000,20190509 0000,3348939, ,AF
ORO,D,15,STORAGE,20190509 0000,20190510 0000,3354869, ,AF
ORO,D,15,STORAGE,20190510 0000,20190511 0000,3358980, ,AF
ORO,D,15,STORAGE,20190511 0000,20190512 0000,3362484, ,AF
ORO,D,15,STORAGE,20190512 0000,20190513 0000,3364923, ,AF
ORO,D,15,STORAGE,20190513 0000,20190514 0000,3367516, ,AF
ORO,D,15,STORAGE,20190514 0000,20190515 0000,3370263, ,AF
ORO,D,15,STORAGE,20190515 0000,20190516 0000,3374081, ,AF
ORO,D,15,STORAGE,20190516 0000,20190517 0000,3388926, ,AF
ORO,D,15,STORAGE,20190517 0000,20190518 0000,3396134, ,AF
ORO,D,15,STORAGE,20190518 0000,20190519 0000,3396442, ,AF
ORO,D,15,STORAGE,20190519 0000,20190520 0000,3397363, ,AF
ORO,D,15,STORAGE,20190520 0000,20190521 0000,3395214, ,AF
ORO,D,15,STORAGE,20190521 0000,20190522 0000,3397209, ,AF
ORO,D,15,STORAGE,20190522 0000,20190523 0000,3400281, ,AF
ORO,D,15,STORAGE,20190523 0000,20190524 0000,3403662, ,AF
ORO,D,15,STORAGE,20190524 0000,20190525 0000,3408738, ,AF
ORO,D,15,STORAGE,20190525 0000,20190526 0000,3417365, ,AF
ORO,D,15,STORAGE,20190526 0000,20190527 0000,3429870, ,AF
ORO,D,15,STORAGE,20190527 0000,20190528 0000,3439930, ,AF
ORO,D,15,STORAGE,20190528 0000,20190529 0000,3448458, ,AF
ORO,D,15,STORAGE,20190529 0000,20190530 0000,3456534, ,AF
ORO,D,15,STORAGE,20190530 0000,20190531 0000,3460266, ,AF
ORO,D,15,STORAGE,20190531 0000,20190601 0000,3461356, ,AF
ORO,D,15,STORAGE,20190601 0000,20190602 0000,3458710, ,AF
ORO,D,15,STORAGE,20190602 0000,20190603 0000,3455290, ,AF
ORO,D,15,STORAGE,20190603 0000,20190604 0000,3452183, ,AF
ORO,D,15,STORAGE,20190604 0000,20190605 0000,3450940, ,AF
ORO,D,15,STORAGE,20190605 0000,20190606 0000,3448924, ,AF
ORO,D,15,STORAGE,20190606 0000,20190607 0000,3445820, ,AF
ORO,D,15,STORAGE,20190607 0000,20190608 0000,3443959, ,AF
ORO,D,15,STORAGE,20190608 0000,20190609 0000,3439464, ,AF
ORO,D,15,STORAGE,20190609 0000,20190610 0000,3435748, ,AF
ORO,D,15,STORAGE,20190610 0000,20190611 0000,3433582, ,AF
ORO,D,15,STORAGE,20190611 0000,20190612 0000,3435594, ,AF
ORO,D,15,STORAGE,20190612 0000,20190613 0000,3439000, ,AF
ORO,D,15,STORAGE,20190613 0000,20190614 0000,3443804, ,AF
ORO,D,15,STORAGE,20190614 0000,20190615 0000,3447060, ,AF
ORO,D,15,STORAGE,20190615 0000,20190616 0000,3451873, ,AF
ORO,D,15,STORAGE,20190616 0000,20190617 0000,3456534, ,AF
ORO,D,15,STORAGE,20190617 0000,20190618 0000,3460422, ,AF
ORO,D,15,STORAGE,20190618 0000,20190619 0000,3462600, ,AF
ORO,D,15,STORAGE,20190619 0000,20190620 0000,3465714, ,AF
ORO,D,15,STORAGE,20190620 0000,20190621 0000,3468986, ,AF
ORO,D,15,STORAGE,20190621 0000,20190622 0000,3470233, ,AF
ORO,D,15,STORAGE,20190622 0000,20190623 0000,3471480, ,AF
ORO,D,15,STORAGE,20190623 0000,20190624 0000,3473663, ,AF
ORO,D,15,STORAGE,20190624 0000,20190625 0000,3473663, ,AF
ORO,D,15,STORAGE,20190625 0000,20190626 0000,3474287, ,AF
ORO,D,15,STORAGE,20190626 0000,20190627 0000,3474287, ,AF
ORO,D,15,STORAGE,20190627 0000,20190628 0000,3474287, ,AF
ORO,D,15,STORAGE,20190628 0000,20190629 0000,3472571, ,AF
ORO,D,15,STORAGE,20190629 0000,20190630 0000,3465403, ,AF
ORO,D,15,STORAGE,20190630 0000,20190701 0000,3457467, ,AF
ORO,D,15,STORAGE,20190701 0000,20190702 0000,3448768, ,AF
ORO,D,15,STORAGE,20190702 0000,20190703 0000,3439464, ,AF
ORO,D,15,STORAGE,20190703 0000,20190704 0000,3430490, ,AF
ORO,D,15,STORAGE,20190704 0000,20190705 0000,3422765, ,AF
ORO,D,15,STORAGE,20190705 0000,20190706 0000,3415053, ,AF
ORO,D,15,STORAGE,20190706 0000,20190707 0000,3406584, ,AF
ORO,D,15,STORAGE,20190707 0000,20190708 0000,3397824, ,AF
ORO,D,15,STORAGE,20190708 0000,20190709 0000,3388772, ,AF
ORO,D,15,STORAGE,20190709 0000,20190710 0000,3380962, ,AF
ORO,D,15,STORAGE,20190710 0000,20190711 0000,3370874, ,AF
ORO,D,15,STORAGE,20190711 0000,20190712 0000,3361874, ,AF
ORO,D,15,STORAGE,20190712 0000,20190713 0000,3351980, ,AF
ORO,D,15,STORAGE,20190713 0000,20190714 0000,3341649, ,AF
ORO,D,15,STORAGE,20190714 0000,20190715 0000,3329981, ,AF
ORO,D,15,STORAGE,20190715 0000,20190716 0000,3323477, ,AF
ORO,D,15,STORAGE,20190716 0000,20190717 0000,3311702, ,AF
ORO,D,15,STORAGE,20190717 0000,20190718 0000,3303267, ,AF
ORO,D,15,STORAGE,20190718 0000,20190719 0000,3292145, ,AF
ORO,D,15,STORAGE,20190719 0000,20190720 0000,3280301, ,AF
ORO,D,15,STORAGE,20190720 0000,20190721 0000,3267889, ,AF
ORO,D,15,STORAGE,20190721 0000,20190722 0000,3255959, ,AF
ORO,D,15,STORAGE,20190722 0000,20190723 0000,3243762, ,AF
ORO,D,15,STORAGE,20190723 0000,20190724 0000,3229989, ,AF
ORO,D,15,STORAGE,20190724 0000,20190725 0000,3216534, ,AF
ORO,D,15,STORAGE,20190725 0000,20190726 0000,3202091, ,AF
ORO,D,15,STORAGE,20190726 0000,20190727 0000,3186373, ,AF
ORO,D,15,STORAGE,20190727 0000,20190728 0000,3170710, ,AF
ORO,D,15,STORAGE,20190728 0000,20190729 0000,3154374, ,AF
ORO,D,15,STORAGE,20190729 0000,20190730 0000,3137952, ,AF
ORO,D,15,STORAGE,20190730 0000,20190731 0000,3122747, ,AF
ORO,D,15,STORAGE,20190731 0000,20190801 0000,3107018, ,AF
ORO,D,15,STORAGE,20190801 0000,20190802 0000,3091633, ,AF
ORO,D,15,STORAGE,20190802 0000,20190803 0000,3075873, ,AF
ORO,D,15,STORAGE,20190803 0000,20190804 0000,3060597, ,AF
ORO,D,15,STORAGE,20190804 0000,20190805 0000,3045374, ,AF
ORO,D,15,STORAGE,20190805 0000,20190806 0000,3030206, ,AF
ORO,D,15,STORAGE,20190806 0000,20190807 0000,3014386, ,AF
ORO,D,15,STORAGE,20190807 0000,20190808 0000,2999187, ,AF
ORO,D,15,STORAGE,20190808 0000,20190809 0000,2983341, ,AF
ORO,D,15,STORAGE,20190809 0000,20190810 0000,2967136, ,AF
ORO,D,15,STORAGE,20190810 0000,20190811 0000,2947800, ,AF
ORO,D,15,STORAGE,20190811 0000,20190812 0000,2931042, ,AF
ORO,D,15,STORAGE,20190812 0000,20190813 0000,2915589, ,AF
ORO,D,15,STORAGE,20190813 0000,20190814 0000,2900332, ,AF
ORO,D,15,STORAGE,20190814 0000,20190815 0000,2886360, ,AF
ORO,D,15,STORAGE,20190815 0000,20190816 0000,2872028, ,AF
ORO,D,15,STORAGE,20190816 0000,20190817 0000,2858559, ,AF
ORO,D,15,STORAGE,20190817 0000,20190818 0000,2843107, ,AF
ORO,D,15,STORAGE,20190818 0000,20190819 0000,2827308, ,AF
ORO,D,15,STORAGE,20190819 0000,20190820 0000,2809826, ,AF
ORO,D,15,STORAGE,20190820 0000,20190821 0000,2794558, ,AF
ORO,D,15,STORAGE,20190821 0000,20190822 0000,2779749, ,AF
ORO,D,15,STORAGE,20190822 0000,20190823 0000,2764199, ,AF
ORO,D,15,STORAGE,20190823 0000,20190824 0000,2750163, ,AF
ORO,D,15,STORAGE,20190824 0000,20190825 0000,2734466, ,AF
ORO,D,15,STORAGE,20190825 0000,20190826 0000,2720799, ,AF
ORO,D,15,STORAGE,20190826 0000,20190827 0000,2706264, ,AF
ORO,D,15,STORAGE,20190827 0000,20190828 0000,2696214, ,AF
ORO,D,15,STORAGE,20190828 0000,20190829 0000,2681382, ,AF
ORO,D,15,STORAGE,20190829 0000,20190830 0000,2666588, ,AF
ORO,D,15,STORAGE,20190830 0000,20190831 0000,2652506, ,AF
ORO,D,15,STORAGE,20190831 0000,20190901 0000,2637318, ,AF
ORO,D,15,STORAGE,20190901 0000,20190902 0000,2621169, ,AF
ORO,D,15,STORAGE,20190902 0000,20190903 0000,2605597, ,AF
ORO,D,15,STORAGE,20190903 0000,20190904 0000,2590598, ,AF
ORO,D,15,STORAGE,20190904 0000,20190905 0000,2576796, ,AF
ORO,D,15,STORAGE,20190905 0000,20190906 0000,2563298, ,AF
ORO,D,15,STORAGE,20190906 0000,20190907 0000,2548720, ,AF
ORO,D,15,STORAGE,20190907 0000,20190908 0000,2536700, ,AF
ORO,D,15,STORAGE,20190908 0000,20190909 0000,2523972, ,AF
ORO,D,15,STORAGE,20190909 0000,20190910 0000,2506326, ,AF
ORO,D,15,STORAGE,20190910 0000,20190911 0000,2490372, ,AF
ORO,D,15,STORAGE,20190911 0000,20190912 0000,2477069, ,AF
ORO,D,15,STORAGE,20190912 0000,20190913 0000,2461735, ,AF
ORO,D,15,STORAGE,20190913 0000,20190914 0000,2445616, ,AF
ORO,D,15,STORAGE,20190914 0000,20190915 0000,2427872, ,AF
ORO,D,15,STORAGE,20190915 0000,20190916 0000,2415092, ,AF
ORO,D,15,STORAGE,20190916 0000,20190917 0000,2402079, ,AF
ORO,D,15,STORAGE,20190917 0000,20190918 0000,2391153, ,AF
ORO,D,15,STORAGE,20190918 0000,20190919 0000,2381216, ,AF
ORO,D,15,STORAGE,20190919 0000,20190920 0000,2367140, ,AF
ORO,D,15,STORAGE,20190920 0000,20190921 0000,2351342, ,AF
ORO,D,15,STORAGE,20190921 0000,20190922 0000,2341049, ,AF
ORO,D,15,STORAGE,20190922 0000,20190923 0000,2329726, ,AF
ORO,D,15,STORAGE,20190923 0000,20190924 0000,2317973, ,AF
ORO,D,15,STORAGE,20190924 0000,20190925 0000,2305327, ,AF
ORO,D,15,STORAGE,20190925 0000,20190926 0000,2290981, ,AF
ORO,D,15,STORAGE,20190926 0000,20190927 0000,2276004, ,AF
ORO,D,15,STORAGE,20190927 0000,20190928 0000,2261787, ,AF
ORO,D,15,STORAGE,20190928 0000,20190929 0000,2249584, ,AF
ORO,D,15,STORAGE,20190929 0000,20190930 0000,2239260, ,AF
ORO,D,15,STORAGE,20190930 0000,20191001 0000,2228284, ,AF
ORO,D,15,STORAGE,20191001 0000,20191002 0000,2215754, ,AF
ORO,D,15,STORAGE,20191002 0000,20191003 0000,2202255, ,AF
ORO,D,15,STORAGE,20191003 0000,20191004 0000,2188814, ,AF
ORO,D,15,STORAGE,20191004 0000,20191005 0000,2177676, ,AF
ORO,D,15,STORAGE,20191005 0000,20191006 0000,2168368, ,AF
ORO,D,15,STORAGE,20191006 0000,20191007 0000,2158866, ,AF
ORO,D,15,STORAGE,20191007 0000,20191008 0000,2149838, ,AF
ORO,D,15,STORAGE,20191008 0000,20191009 0000,2140726, ,AF
ORO,D,15,STORAGE,20191009 0000,20191010 0000,2132638, ,AF
ORO,D,15,STORAGE,20191010 0000,20191011 0000,2126668, ,AF
ORO,D,15,STORAGE,20191011 0000,20191012 0000,2122584, ,AF
ORO,D,15,STORAGE,20191012 0000,20191013 0000,2122584, ,AF
ORO,D,15,STORAGE,20191013 0000,20191014 0000,2122915, ,AF
ORO,D,15,STORAGE,20191014 0000,20191015 0000,2121040, ,AF
ORO,D,15,STORAGE,20191015 0000,20191016 0000,2116084, ,AF
ORO,D,15,STORAGE,20191016 0000,20191017 0000,2109269, ,AF
ORO,D,15,STORAGE,20191017 0000,20191018 0000,2105100, ,AF
ORO,D,15,STORAGE,20191018 0000,20191019 0000,2102031, ,AF
ORO,D,15,STORAGE,20191019 0000,20191020 0000,2102141, ,AF
ORO,D,15,STORAGE,20191020 0000,20191021 0000,2103236, ,AF
ORO,D,15,STORAGE,20191021 0000,20191022 0000,2099841, ,AF
ORO,D,15,STORAGE,20191022 0000,20191023 0000,2093609, ,AF
ORO,D,15,STORAGE,20191023 0000,20191024 0000,2090662, ,AF
ORO,D,15,STORAGE,20191024 0000,20191025 0000,2085429, ,AF
ORO,D,15,STORAGE,20191025 0000,20191026 0000,2079337, ,AF
ORO,D,15,STORAGE,20191026 0000,20191027 0000,2072823, ,AF
ORO,D,15,STORAGE,20191027 0000,20191028 0000,2067081, ,AF
ORO,D,15,STORAGE,20191028 0000,20191029 0000,2063836, ,AF
ORO,D,15,STORAGE,20191029 0000,20191030 0000,2057680, ,AF
ORO,D,15,STORAGE,20191030 0000,20191031 0000,2053045, ,AF
ORO,D,15,STORAGE,20191031 0000,20191101 0000,2045086, ,AF
ORO,D,15,STORAGE,20191101 0000,20191102 0000,2038327, ,AF
ORO,D,15,STORAGE,20191102 0000,20191103 0000,2031799, ,AF
ORO,D,15,STORAGE,20191103 0000,20191104 0000,2025285, ,AF
ORO,D,15,STORAGE,20191104 0000,20191105 0000,2019105, ,AF
ORO,D,15,STORAGE,20191105 0000,20191106 0000,2012302, ,AF
ORO,D,15,STORAGE,20191106 0000,20191107 0000,2005939, ,AF
ORO,D,15,STORAGE,20191107 0000,20191108 0000,2000860, ,AF
ORO,D,15,STORAGE,20191108 0000,20191109 0000,1995472, ,AF
ORO,D,15,STORAGE,20191109 0000,20191110 0000,1989884, ,AF
ORO,D,15,STORAGE,20191110 0000,20191111 0000,1984308, ,AF
ORO,D,15,STORAGE,20191111 0000,20191112 0000,1978848, ,AF
ORO,D,15,STORAGE,20191112 0000,20191113 0000,1973713, ,AF
ORO,D,15,STORAGE,20191113 0000,20191114 0000,1971620, ,AF
ORO,D,15,STORAGE,20191114 0000,20191115 0000,1965245, ,AF
ORO,D,15,STORAGE,20191115 0000,20191116 0000,1959511, ,AF
ORO,D,15,STORAGE,20191116 0000,20191117 0000,1957116, ,AF
ORO,D,15,STORAGE,20191117 0000,20191118 0000,1953476, ,AF
ORO,D,15,STORAGE,20191118 0000,20191119 0000,1948700, ,AF
ORO,D,15,STORAGE,20191119 0000,20191120 0000,1944656, ,AF
ORO,D,15,STORAGE,20191120 0000,20191121 0000,1941137, ,AF
ORO,D,15,STORAGE,20191121 0000,20191122 0000,1936279, ,AF
ORO,D,15,STORAGE,20191122 0000,20191123 0000,1935040, ,AF
ORO,D,15,STORAGE,20191123 0000,20191124 0000,1935040, ,AF
ORO,D,15,STORAGE,20191124 0000,20191125 0000,1934318, ,AF
ORO,D,15,STORAGE,20191125 0000,20191126 0000,1931843, ,AF
ORO,D,15,STORAGE,20191126 0000,20191127 0000,1929473, ,AF
ORO,D,15,STORAGE,20191127 0000,20191128 0000,1928546, ,AF
ORO,D,15,STORAGE,20191128 0000,20191129 0000,1927105, ,AF
ORO,D,15,STORAGE,20191129 0000,20191130 0000,1924019, ,AF
ORO,D,15,STORAGE,20191130 0000,20191201 0000,1922067, ,AF
ORO,D,15,STORAGE,20191201 0000,20191202 0000,1925150, ,AF
ORO,D,15,STORAGE,20191202 0000,20191203 0000,1931430, ,AF
ORO,D,15,STORAGE,20191203 0000,20191204 0000,1933080, ,AF
ORO,D,15,STORAGE,20191204 0000,20191205 0000,1934834, ,AF
ORO,D,15,STORAGE,20191205 0000,20191206 0000,1936693, ,AF
ORO,D,15,STORAGE,20191206 0000,20191207 0000,1939689, ,AF
ORO,D,15,STORAGE,20191207 0000,20191208 0000,1953268, ,AF
ORO,D,15,STORAGE,20191208 0000,20191209 0000,1970469, ,AF
ORO,D,15,STORAGE,20191209 0000,20191210 0000,1976437, ,AF
ORO,D,15,STORAGE,20191210 0000,20191211 0000,1979478, ,AF
ORO,D,15,STORAGE,20191211 0000,20191212 0000,1983362, ,AF
ORO,D,15,STORAGE,20191212 0000,20191213 0000,1992835, ,AF
ORO,D,15,STORAGE,20191213 0000,20191214 0000,2002129, ,AF
ORO,D,15,STORAGE,20191214 0000,20191215 0000,2014533, ,AF
ORO,D,15,STORAGE,20191215 0000,20191216 0000,2023153, ,AF
ORO,D,15,STORAGE,20191216 0000,20191217 0000,2026778, ,AF
ORO,D,15,STORAGE,20191217 0000,20191218 0000,2029768, ,AF
ORO,D,15,STORAGE,20191218 0000,20191219 0000,2030195, ,AF
ORO,D,15,STORAGE,20191219 0000,20191220 0000,2032226, ,AF
ORO,D,15,STORAGE,20191220 0000,20191221 0000,2035543, ,AF
ORO,D,15,STORAGE,20191221 0000,20191222 0000,2038970, ,AF
ORO,D,15,STORAGE,20191222 0000,20191223 0000,2043905, ,AF
ORO,D,15,STORAGE,20191223 0000,20191224 0000,2049708, ,AF
ORO,D,15,STORAGE,20191224 0000,20191225 0000,2054877, ,AF
ORO,D,15,STORAGE,20191225 0000,20191226 0000,2059515, ,AF
ORO,D,15,STORAGE,20191226 0000,20191227 0000,2063728, ,AF
ORO,D,15,STORAGE,20191227 0000,20191228 0000,2067406, ,AF
ORO,D,15,STORAGE,20191228 0000,20191229 0000,2070655, ,AF
ORO,D,15,STORAGE,20191229 0000,20191230 0000,2073907, ,AF
ORO,D,15,STORAGE,20191230 0000,20191231 0000,2076947, ,AF
ORO,D,15,STORAGE,20191231 0000,20200101 0000,2079445, ,AF
ORO,D,15,STORAGE,20200101 0000,20200102 0000,2081838, ,AF
ORO,D,15,STORAGE,20200102 0000,20200103 0000,2084668, ,AF
ORO,D,15,STORAGE,20200103 0000,20200104 0000,2087827, ,AF
ORO,D,15,STORAGE,20200104 0000,20200105 0000,2090444, ,AF
ORO,D,15,STORAGE,20200105 0000,20200106 0000,2092627, ,AF
ORO,D,15,STORAGE,20200106 0000,20200107 0000,2094374, ,AF
ORO,D,15,STORAGE,20200107 0000,20200108 0000,2100170, ,AF
ORO,D,15,STORAGE,20200108 0000,20200109 0000,2101264, ,AF
ORO,D,15,STORAGE,20200109 0000,20200110 0000,2104771, ,AF
ORO,D,15,STORAGE,20200110 0000,20200111 0000,2107513, ,AF
ORO,D,15,STORAGE,20200111 0000,20200112 0000,2108720, ,AF
ORO,D,15,STORAGE,20200112 0000,20200113 0000,2109160, ,AF
ORO,D,15,STORAGE,20200113 0000,20200114 0000,2111686, ,AF
ORO,D,15,STORAGE,20200114 0000,20200115 0000,2115424, ,AF
ORO,D,15,STORAGE,20200115 0000,20200116 0000,2118616, ,AF
ORO,D,15,STORAGE,20200116 0000,20200117 0000,2121812, ,AF
ORO,D,15,STORAGE,20200117 0000,20200118 0000,2124239, ,AF
ORO,D,15,STORAGE,20200118 0000,20200119 0000,2125012, ,AF
ORO,D,15,STORAGE,20200119 0000,20200120 0000,2127220, ,AF
ORO,D,15,STORAGE,20200120 0000,20200121 0000,2129982, ,AF
ORO,D,15,STORAGE,20200121 0000,20200122 0000,2133633, ,AF
ORO,D,15,STORAGE,20200122 0000,20200123 0000,2139395, ,AF
ORO,D,15,STORAGE,20200123 0000,20200124 0000,2143279, ,AF
ORO,D,15,STORAGE,20200124 0000,20200125 0000,2146390, ,AF
ORO,D,15,STORAGE,20200125 0000,20200126 0000,2150618, ,AF
ORO,D,15,STORAGE,20200126 0000,20200127 0000,2165570, ,AF
ORO,D,15,STORAGE,20200127 0000,20200128 0000,2178574, ,AF
ORO,D,15,STORAGE,20200128 0000,20200129 0000,2188250, ,AF
ORO,D,15,STORAGE,20200129 0000,20200130 0000,2195132, ,AF
ORO,D,15,STORAGE,20200130 0000,20200131 0000,2200105, ,AF
ORO,D,15,STORAGE,20200131 0000,20200201 0000,2204293, ,AF
ORO,D,15,STORAGE,20200201 0000,20200202 0000,2210870, ,AF
ORO,D,15,STORAGE,20200202 0000,20200203 0000,2216891, ,AF
ORO,D,15,STORAGE,20200203 0000,20200204 0000,2221786, ,AF
ORO,D,15,STORAGE,20200204 0000,20200205 0000,2224292, ,AF
ORO,D,15,STORAGE,20200205 0000,20200206 0000,2226801, ,AF
ORO,D,15,STORAGE,20200206 0000,20200207 0000,2229540, ,AF
ORO,D,15,STORAGE,20200207 0000,20200208 0000,2231025, ,AF
ORO,D,15,STORAGE,20200208 0000,20200209 0000,2234110, ,AF
ORO,D,15,STORAGE,20200209 0000,20200210 0000,2238230, ,AF
ORO,D,15,STORAGE,20200210 0000,20200211 0000,2240864, ,AF
ORO,D,15,STORAGE,20200211 0000,20200212 0000,2242927, ,AF
ORO,D,15,STORAGE,20200212 0000,20200213 0000,2242239, ,AF
ORO,D,15,STORAGE,20200213 0000,20200214 0000,2243730, ,AF
ORO,D,15,STORAGE,20200214 0000,20200215 0000,2244418, ,AF
ORO,D,15,STORAGE,20200215 0000,20200216 0000,2247172, ,AF
ORO,D,15,STORAGE,20200216 0000,20200217 0000,2252113, ,AF
ORO,D,15,STORAGE,20200217 0000,20200218 0000,2254759, ,AF
ORO,D,15,STORAGE,20200218 0000,20200219 0000,2253954, ,AF
ORO,D,15,STORAGE,20200219 0000,20200220 0000,2253954, ,AF
ORO,D,15,STORAGE,20200220 0000,20200221 0000,2253608, ,AF
ORO,D,15,STORAGE,20200221 0000,20200222 0000,2253608, ,AF
ORO,D,15,STORAGE,20200222 0000,20200223 0000,2252803, ,AF
ORO,D,15,STORAGE,20200223 0000,20200224 0000,2254298, ,AF
ORO,D,15,STORAGE,20200224 0000,20200225 0000,2254989, ,AF
ORO,D,15,STORAGE,20200225 0000,20200226 0000,2254989, ,AF
ORO,D,15,STORAGE,20200226 0000,20200227 0000,2252688, ,AF
ORO,D,15,STORAGE,20200227 0000,20200228 0000,2251078, ,AF
ORO,D,15,STORAGE,20200228 0000,20200229 0000,2249240, ,AF
ORO,D,15,STORAGE,20200229 0000,20200301 0000,2251998, ,AF
ORO,D,15,STORAGE,20200301 0000,20200302 0000,2254644, ,AF
ORO,D,15,STORAGE,20200302 0000,20200303 0000,2254529, ,AF
ORO,D,15,STORAGE,20200303 0000,20200304 0000,2253033, ,AF
ORO,D,15,STORAGE,20200304 0000,20200305 0000,2251308, ,AF
ORO,D,15,STORAGE,20200305 0000,20200306 0000,2249354, ,AF
ORO,D,15,STORAGE,20200306 0000,20200307 0000,2249354, ,AF
ORO,D,15,STORAGE,20200307 0000,20200308 0000,2251653, ,AF
ORO,D,15,STORAGE,20200308 0000,20200309 0000,2253608, ,AF
ORO,D,15,STORAGE,20200309 0000,20200310 0000,2255334, ,AF
ORO,D,15,STORAGE,20200310 0000,20200311 0000,2254759, ,AF
ORO,D,15,STORAGE,20200311 0000,20200312 0000,2253954, ,AF
ORO,D,15,STORAGE,20200312 0000,20200313 0000,2251653, ,AF
ORO,D,15,STORAGE,20200313 0000,20200314 0000,2250618, ,AF
ORO,D,15,STORAGE,20200314 0000,20200315 0000,2253264, ,AF
ORO,D,15,STORAGE,20200315 0000,20200316 0000,2257752, ,AF
ORO,D,15,STORAGE,20200316 0000,20200317 0000,2259481, ,AF
ORO,D,15,STORAGE,20200317 0000,20200318 0000,2260980, ,AF
ORO,D,15,STORAGE,20200318 0000,20200319 0000,2262017, ,AF
ORO,D,15,STORAGE,20200319 0000,20200320 0000,2262824, ,AF
ORO,D,15,STORAGE,20200320 0000,20200321 0000,2264672, ,AF
ORO,D,15,STORAGE,20200321 0000,20200322 0000,2268368, ,AF
ORO,D,15,STORAGE,20200322 0000,20200323 0000,2272068, ,AF
ORO,D,15,STORAGE,20200323 0000,20200324 0000,2274035, ,AF
ORO,D,15,STORAGE,20200324 0000,20200325 0000,2276699, ,AF
ORO,D,15,STORAGE,20200325 0000,20200326 0000,2278785, ,AF
ORO,D,15,STORAGE,20200326 0000,20200327 0000,2280872, ,AF
ORO,D,15,STORAGE,20200327 0000,20200328 0000,2282497, ,AF
ORO,D,15,STORAGE,20200328 0000,20200329 0000,2284703, ,AF
ORO,D,15,STORAGE,20200329 0000,20200330 0000,2286911, ,AF
ORO,D,15,STORAGE,20200330 0000,20200331 0000,2290283, ,AF
ORO,D,15,STORAGE,20200331 0000,20200401 0000,2293543, ,AF
ORO,D,15,STORAGE,20200401 0000,20200402 0000,2297854, ,AF
ORO,D,15,STORAGE,20200402 0000,20200403 0000,2302873, ,AF
ORO,D,15,STORAGE,20200403 0000,20200404 0000,2307431, ,AF
ORO,D,15,STORAGE,20200404 0000,20200405 0000,2312464, ,AF
ORO,D,15,STORAGE,20200405 0000,20200406 0000,2320791, ,AF
ORO,D,15,STORAGE,20200406 0000,20200407 0000,2329256, ,AF
ORO,D,15,STORAGE,20200407 0000,20200408 0000,2336562, ,AF
ORO,D,15,STORAGE,20200408 0000,20200409 0000,2344476, ,AF
ORO,D,15,STORAGE,20200409 0000,20200410 0000,2352765, ,AF
ORO,D,15,STORAGE,20200410 0000,20200411 0000,2362380, ,AF
ORO,D,15,STORAGE,20200411 0000,20200412 0000,2372262, ,AF
ORO,D,15,STORAGE,20200412 0000,20200413 0000,2382412, ,AF
ORO,D,15,STORAGE,20200413 0000,20200414 0000,2391392, ,AF
ORO,D,15,STORAGE,20200414 0000,20200415 0000,2398954, ,AF
ORO,D,15,STORAGE,20200415 0000,20200416 0000,2406893, ,AF
ORO,D,15,STORAGE,20200416 0000,20200417 0000,2414610, ,AF
ORO,D,15,STORAGE,20200417 0000,20200418 0000,2421980, ,AF
ORO,D,15,STORAGE,20200418 0000,20200419 0000,2428478, ,AF
ORO,D,15,STORAGE,20200419 0000,20200420 0000,2434910, ,AF
ORO,D,15,STORAGE,20200420 0000,20200421 0000,2441232, ,AF
ORO,D,15,STORAGE,20200421 0000,20200422 0000,2446347, ,AF
ORO,D,15,STORAGE,20200422 0000,20200423 0000,2451713, ,AF
ORO,D,15,STORAGE,20200423 0000,20200424 0000,2457698, ,AF
ORO,D,15,STORAGE,20200424 0000,20200425 0000,2463327, ,AF
ORO,D,15,STORAGE,20200425 0000,20200426 0000,2469823, ,AF
ORO,D,15,STORAGE,20200426 0000,20200427 0000,2474612, ,AF
ORO,D,15,STORAGE,20200427 0000,20200428 0000,2480021, ,AF
ORO,D,15,STORAGE,20200428 0000,20200429 0000,2483344, ,AF
ORO,D,15,STORAGE,20200429 0000,20200430 0000,2488398, ,AF
ORO,D,15,STORAGE,20200430 0000,20200501 0000,2490002, ,AF
ORO,D,15,STORAGE,20200501 0000,20200502 0000,2489878, ,AF
ORO,D,15,STORAGE,20200502 0000,20200503 0000,2486425, ,AF
ORO,D,15,STORAGE,20200503 0000,20200504 0000,2482482, ,AF
ORO,D,15,STORAGE,20200504 0000,20200505 0000,2479160, ,AF
ORO,D,15,STORAGE,20200505 0000,20200506 0000,2474734, ,AF
ORO,D,15,STORAGE,20200506 0000,20200507 0000,2470191, ,AF
ORO,D,15,STORAGE,20200507 0000,20200508 0000,2466758, ,AF
ORO,D,15,STORAGE,20200508 0000,20200509 0000,2462837, ,AF
ORO,D,15,STORAGE,20200509 0000,20200510 0000,2459288, ,AF
ORO,D,15,STORAGE,20200510 0000,20200511 0000,2456476, ,AF
ORO,D,15,STORAGE,20200511 0000,20200512 0000,2453544, ,AF
ORO,D,15,STORAGE,20200512 0000,20200513 0000,2448541, ,AF
ORO,D,15,STORAGE,20200513 0000,20200514 0000,2443058, ,AF
ORO,D,15,STORAGE,20200514 0000,20200515 0000,2437583, ,AF
ORO,D,15,STORAGE,20200515 0000,20200516 0000,2433332, ,AF
ORO,D,15,STORAGE,20200516 0000,20200517 0000,2430783, ,AF
ORO,D,15,STORAGE,20200517 0000,20200518 0000,2433696, ,AF
ORO,D,15,STORAGE,20200518 0000,20200519 0000,2437583, ,AF
ORO,D,15,STORAGE,20200519 0000,20200520 0000,2440259, ,AF
ORO,D,15,STORAGE,20200520 0000,20200521 0000,2442449, ,AF
ORO,D,15,STORAGE,20200521 0000,20200522 0000,2445250, ,AF
ORO,D,15,STORAGE,20200522 0000,20200523 0000,2445006, ,AF
ORO,D,15,STORAGE,20200523 0000,20200524 0000,2442692, ,AF
ORO,D,15,STORAGE,20200524 0000,20200525 0000,2447932, ,AF
ORO,D,15,STORAGE,20200525 0000,20200526 0000,2449395, ,AF
ORO,D,15,STORAGE,20200526 0000,20200527 0000,2446712, ,AF
ORO,D,15,STORAGE,20200527 0000,20200528 0000,2442571, ,AF
ORO,D,15,STORAGE,20200528 0000,20200529 0000,2439042, ,AF
ORO,D,15,STORAGE,20200529 0000,20200530 0000,2434182, ,AF
ORO,D,15,STORAGE,20200530 0000,20200531 0000,2429812, ,AF
ORO,D,15,STORAGE,20200531 0000,20200601 0000,2428600, ,AF
ORO,D,15,STORAGE,20200601 0000,20200602 0000,2421012, ,AF
ORO,D,15,STORAGE,20200602 0000,20200603 0000,2414006, ,AF
ORO,D,15,STORAGE,20200603 0000,20200604 0000,2407254, ,AF
ORO,D,15,STORAGE,20200604 0000,20200604 0000,2400484, ,AF
ORO,D,15,STORAGE,20200605 0000,20200606 0000,2392472, ,AF
ORO,D,15,STORAGE,20200606 0000,20200607 0000,2383848, ,AF
ORO,D,15,STORAGE,20200607 0000,20200608 0000,2383010, ,AF
ORO,D,15,STORAGE,20200608 0000,20200609 0000,2376319, ,AF
ORO,D,15,STORAGE,20200609 0000,20200610 0000,2368807, ,AF
ORO,D,15,STORAGE,20200610 0000,20200611 0000,2361073, ,AF
ORO,D,15,STORAGE,20200611 0000,20200612 0000,2351698, ,AF
ORO,D,15,STORAGE,20200612 0000,20200613 0000,2343531, ,AF
ORO,D,15,STORAGE,20200613 0000,20200614 0000,2335619, ,AF
ORO,D,15,STORAGE,20200614 0000,20200615 0000,2334911, ,AF
ORO,D,15,STORAGE,20200615 0000,20200616 0000,2325608, ,AF
ORO,D,15,STORAGE,20200616 0000,20200617 0000,2313987, ,AF
ORO,D,15,STORAGE,20200617 0000,20200618 0000,2303924, ,AF
ORO,D,15,STORAGE,20200618 0000,20200619 0000,2291796, ,AF
ORO,D,15,STORAGE,20200619 0000,20200620 0000,2279481, ,AF
ORO,D,15,STORAGE,20200620 0000,20200621 0000,2267905, ,AF
ORO,D,15,STORAGE,20200621 0000,20200622 0000,2264325, ,AF
ORO,D,15,STORAGE,20200622 0000,20200623 0000,2257407, ,AF
ORO,D,15,STORAGE,20200623 0000,20200624 0000,2245106, ,AF
ORO,D,15,STORAGE,20200624 0000,20200625 0000,2234454, ,AF
ORO,D,15,STORAGE,20200625 0000,20200626 0000,2224520, ,AF
ORO,D,15,STORAGE,20200626 0000,20200627 0000,2213481, ,AF
ORO,D,15,STORAGE,20200627 0000,20200628 0000,2200218, ,AF
ORO,D,15,STORAGE,20200628 0000,20200629 0000,2196826, ,AF
ORO,D,15,STORAGE,20200629 0000,20200630 0000,2191972, ,AF
ORO,D,15,STORAGE,20200630 0000,20200701 0000,2179585, ,AF
ORO,D,15,STORAGE,20200701 0000,20200702 0000,2168145, ,AF
ORO,D,15,STORAGE,20200702 0000,20200703 0000,2157080, ,AF
ORO,D,15,STORAGE,20200703 0000,20200704 0000,2145501, ,AF
ORO,D,15,STORAGE,20200704 0000,20200705 0000,2134408, ,AF
ORO,D,15,STORAGE,20200705 0000,20200706 0000,2128877, ,AF
ORO,D,15,STORAGE,20200706 0000,20200707 0000,2117735, ,AF
ORO,D,15,STORAGE,20200707 0000,20200708 0000,2105428, ,AF
ORO,D,15,STORAGE,20200708 0000,20200709 0000,2093173, ,AF
ORO,D,15,STORAGE,20200709 0000,20200710 0000,2080533, ,AF
ORO,D,15,STORAGE,20200710 0000,20200711 0000,2067622, ,AF
ORO,D,15,STORAGE,20200711 0000,20200712 0000,2054984, ,AF
ORO,D,15,STORAGE,20200712 0000,20200713 0000,2051430, ,AF
ORO,D,15,STORAGE,20200713 0000,20200714 0000,2038649, ,AF
ORO,D,15,STORAGE,20200714 0000,20200715 0000,2026352, ,AF
ORO,D,15,STORAGE,20200715 0000,20200716 0000,2015702, ,AF
ORO,D,15,STORAGE,20200716 0000,20200717 0000,2004245, ,AF
ORO,D,15,STORAGE,20200717 0000,20200718 0000,1993889, ,AF
ORO,D,15,STORAGE,20200718 0000,20200719 0000,1982627, ,AF
ORO,D,15,STORAGE,20200719 0000,20200720 0000,1979268, ,AF
ORO,D,15,STORAGE,20200720 0000,20200721 0000,1968901, ,AF
ORO,D,15,STORAGE,20200721 0000,20200722 0000,1958677, ,AF
ORO,D,15,STORAGE,20200722 0000,20200723 0000,1949426, ,AF
ORO,D,15,STORAGE,20200723 0000,20200724 0000,1940827, ,AF
ORO,D,15,STORAGE,20200724 0000,20200725 0000,1930709, ,AF
ORO,D,15,STORAGE,20200725 0000,20200726 0000,1921656, ,AF
ORO,D,15,STORAGE,20200726 0000,20200727 0000,1918680, ,AF
ORO,D,15,STORAGE,20200727 0000,20200728 0000,1909668, ,AF
ORO,D,15,STORAGE,20200728 0000,20200729 0000,1899770, ,AF
ORO,D,15,STORAGE,20200729 0000,20200730 0000,1891331, ,AF
ORO,D,15,STORAGE,20200730 0000,20200731 0000,1883728, ,AF
ORO,D,15,STORAGE,20200731 0000,20200801 0000,1876552, ,AF
ORO,D,15,STORAGE,20200801 0000,20200802 0000,1865473, ,AF
ORO,D,15,STORAGE,20200802 0000,20200803 0000,1861254, ,AF
ORO,D,15,STORAGE,20200803 0000,20200804 0000,1856541, ,AF
ORO,D,15,STORAGE,20200804 0000,20200805 0000,1851837, ,AF
ORO,D,15,STORAGE,20200805 0000,20200806 0000,1840662, ,AF
ORO,D,15,STORAGE,20200806 0000,20200807 0000,1830130, ,AF
ORO,D,15,STORAGE,20200807 0000,20200808 0000,1817865, ,AF
ORO,D,15,STORAGE,20200808 0000,20200809 0000,1806642, ,AF
ORO,D,15,STORAGE,20200809 0000,20200810 0000,1801735, ,AF
ORO,D,15,STORAGE,20200810 0000,20200811 0000,1794002, ,AF
ORO,D,15,STORAGE,20200811 0000,20200812 0000,1786878, ,AF
ORO,D,15,STORAGE,20200812 0000,20200813 0000,1779676, ,AF
ORO,D,15,STORAGE,20200813 0000,20200814 0000,1772981, ,AF
ORO,D,15,STORAGE,20200814 0000,20200815 0000,1766674, ,AF
ORO,D,15,STORAGE,20200815 0000,20200816 0000,1762903, ,AF
ORO,D,15,STORAGE,20200816 0000,20200817 0000,1757305, ,AF
ORO,D,15,STORAGE,20200817 0000,20200818 0000,1748644, ,AF
ORO,D,15,STORAGE,20200818 0000,20200819 0000,1742887, ,AF
ORO,D,15,STORAGE,20200819 0000,20200820 0000,1737143, ,AF
ORO,D,15,STORAGE,20200820 0000,20200821 0000,1733321, ,AF
ORO,D,15,STORAGE,20200821 0000,20200822 0000,1729315, ,AF
ORO,D,15,STORAGE,20200822 0000,20200823 0000,1724745, ,AF
ORO,D,15,STORAGE,20200823 0000,20200824 0000,1723318, ,AF
ORO,D,15,STORAGE,20200824 0000,20200825 0000,1717431, ,AF
ORO,D,15,STORAGE,20200825 0000,20200826 0000,1713545, ,AF
ORO,D,15,STORAGE,20200826 0000,20200827 0000,1711274, ,AF
ORO,D,15,STORAGE,20200827 0000,20200828 0000,1708626, ,AF
ORO,D,15,STORAGE,20200828 0000,20200829 0000,1706831, ,AF
ORO,D,15,STORAGE,20200829 0000,20200830 0000,1708059, ,AF
ORO,D,15,STORAGE,20200830 0000,20200831 0000,1708437, ,AF
ORO,D,15,STORAGE,20200831 0000,20200901 0000,1705415, ,AF
ORO,D,15,STORAGE,20200901 0000,20200902 0000,1701360, ,AF
ORO,D,15,STORAGE,20200902 0000,20200903 0000,1694023, ,AF
ORO,D,15,STORAGE,20200903 0000,20200904 0000,1688488, ,AF
ORO,D,15,STORAGE,20200904 0000,20200905 0000,1689706, ,AF
ORO,D,15,STORAGE,20200905 0000,20200906 0000,1688581, ,AF
ORO,D,15,STORAGE,20200906 0000,20200907 0000,1687363, ,AF
ORO,D,15,STORAGE,20200907 0000,20200908 0000,1684181, ,AF
ORO,D,15,STORAGE,20200908 0000,20200909 0000,1678949, ,AF
ORO,D,15,STORAGE,20200909 0000,20200910 0000,1677736, ,AF
ORO,D,15,STORAGE,20200910 0000,20200911 0000,1676523, ,AF
ORO,D,15,STORAGE,20200911 0000,20200912 0000,1677269, ,AF
ORO,D,15,STORAGE,20200912 0000,20200913 0000,1676523, ,AF
ORO,D,15,STORAGE,20200913 0000,20200914 0000,1676057, ,AF
ORO,D,15,STORAGE,20200914 0000,20200915 0000,1675964, ,AF
ORO,D,15,STORAGE,20200915 0000,20200916 0000,1673541, ,AF
ORO,D,15,STORAGE,20200916 0000,20200917 0000,1671680, ,AF
ORO,D,15,STORAGE,20200917 0000,20200918 0000,1669354, ,AF
ORO,D,15,STORAGE,20200918 0000,20200919 0000,1666382, ,AF
ORO,D,15,STORAGE,20200919 0000,20200920 0000,1667032, ,AF
ORO,D,15,STORAGE,20200920 0000,20200921 0000,1667960, ,AF
ORO,D,15,STORAGE,20200921 0000,20200922 0000,1666103, ,AF
ORO,D,15,STORAGE,20200922 0000,20200923 0000,1663412, ,AF
ORO,D,15,STORAGE,20200923 0000,20200924 0000,1660725, ,AF
ORO,D,15,STORAGE,20200924 0000,20200925 0000,1656931, ,AF
ORO,D,15,STORAGE,20200925 0000,20200926 0000,1653974, ,AF
ORO,D,15,STORAGE,20200926 0000,20200927 0000,1652312, ,AF
ORO,D,15,STORAGE,20200927 0000,20200928 0000,1649452, ,AF
ORO,D,15,STORAGE,20200928 0000,20200929 0000,1642918, ,AF
ORO,D,15,STORAGE,20200929 0000,20200930 0000,1636950, ,AF
ORO,D,15,STORAGE,20200930 0000,20201001 0000,1631548, ,AF
ORO,D,15,STORAGE,20201001 0000,20201002 0000,1626340, ,AF
ORO,D,15,STORAGE,20201002 0000,20201003 0000,1620324, ,AF
ORO,D,15,STORAGE,20201003 0000,20201004 0000,1618687, ,AF
ORO,D,15,STORAGE,20201004 0000,20201005 0000,1618141, ,AF
ORO,D,15,STORAGE,20201005 0000,20201006 0000,1613599, ,AF
ORO,D,15,STORAGE,20201006 0000,20201007 0000,1608340, ,AF
ORO,D,15,STORAGE,20201007 0000,20201008 0000,1605535, ,AF
ORO,D,15,STORAGE,20201008 0000,20201009 0000,1602011, ,AF
ORO,D,15,STORAGE,20201009 0000,20201010 0000,1598853, ,AF
ORO,D,15,STORAGE,20201010 0000,20201011 0000,1599665, ,AF
ORO,D,15,STORAGE,20201011 0000,20201012 0000,1599845, ,AF
ORO,D,15,STORAGE,20201012 0000,20201013 0000,1597140, ,AF
ORO,D,15,STORAGE,20201013 0000,20201014 0000,1593089, ,AF
ORO,D,15,STORAGE,20201014 0000,20201015 0000,1587340, ,AF
ORO,D,15,STORAGE,20201015 0000,20201016 0000,1578207, ,AF
ORO,D,15,STORAGE,20201016 0000,20201017 0000,1571159, ,AF
ORO,D,15,STORAGE,20201017 0000,20201018 0000,1567599, ,AF
ORO,D,15,STORAGE,20201018 0000,20201019 0000,1563778, ,AF
ORO,D,15,STORAGE,20201019 0000,20201020 0000,1560496, ,AF
ORO,D,15,STORAGE,20201020 0000,20201021 0000,1555891, ,AF
ORO,D,15,STORAGE,20201021 0000,20201022 0000,1551119, ,AF
ORO,D,15,STORAGE,20201022 0000,20201023 0000,1545036, ,AF
ORO,D,15,STORAGE,20201023 0000,20201024 0000,1538531, ,AF
ORO,D,15,STORAGE,20201024 0000,20201025 0000,1534847, ,AF
ORO,D,15,STORAGE,20201025 0000,20201026 0000,1530470, ,AF
ORO,D,15,STORAGE,20201026 0000,20201027 0000,1521830, ,AF
ORO,D,15,STORAGE,20201027 0000,20201028 0000,1514685, ,AF
ORO,D,15,STORAGE,20201028 0000,20201029 0000,1510520, ,AF
ORO,D,15,STORAGE,20201029 0000,20201030 0000,1507056, ,AF
ORO,D,15,STORAGE,20201030 0000,20201031 0000,1504375, ,AF
ORO,D,15,STORAGE,20201031 0000,20201101 0000,1502734, ,AF
ORO,D,15,STORAGE,20201101 0000,20201102 0000,1500834, ,AF
ORO,D,15,STORAGE,20201102 0000,20201103 0000,1493512, ,AF
ORO,D,15,STORAGE,20201103 0000,20201104 0000,1484844, ,AF
ORO,D,15,STORAGE,20201104 0000,20201105 0000,1476381, ,AF
ORO,D,15,STORAGE,20201105 0000,20201106 0000,1468122, ,AF
ORO,D,15,STORAGE,20201106 0000,20201107 0000,1458541, ,AF
ORO,D,15,STORAGE,20201107 0000,20201108 0000,1450519, ,AF
ORO,D,15,STORAGE,20201108 0000,20201109 0000,1442109, ,AF
ORO,D,15,STORAGE,20201109 0000,20201110 0000,1432396, ,AF
ORO,D,15,STORAGE,20201110 0000,20201111 0000,1421979, ,AF
ORO,D,15,STORAGE,20201111 0000,20201112 0000,1414097, ,AF
ORO,D,15,STORAGE,20201112 0000,20201113 0000,1406328, ,AF
ORO,D,15,STORAGE,20201113 0000,20201114 0000,1399411, ,AF
ORO,D,15,STORAGE,20201114 0000,20201115 0000,1392926, ,AF
ORO,D,15,STORAGE,20201115 0000,20201116 0000,1385972, ,AF
ORO,D,15,STORAGE,20201116 0000,20201117 0000,1378880, ,AF
ORO,D,15,STORAGE,20201117 0000,20201118 0000,1373434, ,AF
ORO,D,15,STORAGE,20201118 0000,20201119 0000,1371325, ,AF
ORO,D,15,STORAGE,20201119 0000,20201120 0000,1367518, ,AF
ORO,D,15,STORAGE,20201120 0000,20201121 0000,1362668, ,AF
ORO,D,15,STORAGE,20201121 0000,20201122 0000,1357508, ,AF
ORO,D,15,STORAGE,20201122 0000,20201123 0000,1353165, ,AF
ORO,D,15,STORAGE,20201123 0000,20201124 0000,1347469, ,AF
ORO,D,15,STORAGE,20201124 0000,20201125 0000,1341550, ,AF
ORO,D,15,STORAGE,20201125 0000,20201126 0000,1335966, ,AF
ORO,D,15,STORAGE,20201126 0000,20201127 0000,1330319, ,AF
ORO,D,15,STORAGE,20201127 0000,20201128 0000,1324214, ,AF
ORO,D,15,STORAGE,20201128 0000,20201129 0000,1319786, ,AF
ORO,D,15,STORAGE,20201129 0000,20201130 0000,1315446, ,AF
ORO,D,15,STORAGE,20201130 0000,20201201 0000,1309622, ,AF
ORO,D,15,STORAGE,20201201 0000,20201202 0000,1304130, ,AF
ORO,D,15,STORAGE,20201202 0000,20201203 0000,1298965, ,AF
ORO,D,15,STORAGE,20201203 0000,20201204 0000,1293893, ,AF
ORO,D,15,STORAGE,20201204 0000,20201205 0000,1291011, ,AF
ORO,D,15,STORAGE,20201205 0000,20201206 0000,1287668, ,AF
ORO,D,15,STORAGE,20201206 0000,20201207 0000,1284020, ,AF
ORO,D,15,STORAGE,20201207 0000,20201208 0000,1279915, ,AF
ORO,D,15,STORAGE,20201208 0000,20201209 0000,1275896, ,AF
ORO,D,15,STORAGE,20201209 0000,20201210 0000,1271963, ,AF
ORO,D,15,STORAGE,20201210 0000,20201211 0000,1268422, ,AF
ORO,D,15,STORAGE,20201211 0000,20201212 0000,1265272, ,AF
ORO,D,15,STORAGE,20201212 0000,20201213 0000,1264504, ,AF
ORO,D,15,STORAGE,20201213 0000,20201214 0000,1262663, ,AF
ORO,D,15,STORAGE,20201214 0000,20201215 0000,1260518, ,AF
ORO,D,15,STORAGE,20201215 0000,20201216 0000,1258528, ,AF
ORO,D,15,STORAGE,20201216 0000,20201217 0000,1256386, ,AF
ORO,D,15,STORAGE,20201217 0000,20201218 0000,1257151, ,AF
ORO,D,15,STORAGE,20201218 0000,20201219 0000,1255776, ,AF
ORO,D,15,STORAGE,20201219 0000,20201220 0000,1254266, ,AF
ORO,D,15,STORAGE,20201220 0000,20201221 0000,1251976, ,AF
ORO,D,15,STORAGE,20201221 0000,20201222 0000,1249080, ,AF
ORO,D,15,STORAGE,20201222 0000,20201223 0000,1245505, ,AF
ORO,D,15,STORAGE,20201223 0000,20201224 0000,1243076, ,AF
ORO,D,15,STORAGE,20201224 0000,20201225 0000,1240725, ,AF
ORO,D,15,STORAGE,20201225 0000,20201226 0000,1239362, ,AF
ORO,D,15,STORAGE,20201226 0000,20201227 0000,1239968, ,AF
ORO,D,15,STORAGE,20201227 0000,20201228 0000,1240498, ,AF
ORO,D,15,STORAGE,20201228 0000,20201229 0000,1239892, ,AF
ORO,D,15,STORAGE,20201229 0000,20201230 0000,1239135, ,AF
ORO,D,15,STORAGE,20201230 0000,20201231 0000,1237848, ,AF
ORO,D,15,STORAGE,20201231 0000,20210101 0000,1236790, ,AF
ORO,D,15,STORAGE,20210101 0000,20210102 0000,1235504, ,AF
ORO,D,15,STORAGE,20210102 0000,20210103 0000,1234372, ,AF
ORO,D,15,STORAGE,20210103 0000,20210104 0000,1233315, ,AF
ORO,D,15,STORAGE,20210104 0000,20210105 0000,1234070, ,AF
ORO,D,15,STORAGE,20210105 0000,20210106 0000,1236487, ,AF
ORO,D,15,STORAGE,20210106 0000,20210107 0000,1236790, ,AF
ORO,D,15,STORAGE,20210107 0000,20210108 0000,1236185, ,AF
ORO,D,15,STORAGE,20210108 0000,20210109 0000,1235278, ,AF
ORO,D,15,STORAGE,20210109 0000,20210110 0000,1234598, ,AF
ORO,D,15,STORAGE,20210110 0000,20210111 0000,1233164, ,AF
ORO,D,15,STORAGE,20210111 0000,20210112 0000,1231882, ,AF
ORO,D,15,STORAGE,20210112 0000,20210113 0000,1230074, ,AF
ORO,D,15,STORAGE,20210113 0000,20210114 0000,1228192, ,AF
ORO,D,15,STORAGE,20210114 0000,20210115 0000,1226388, ,AF
ORO,D,15,STORAGE,20210115 0000,20210116 0000,1224886, ,AF
ORO,D,15,STORAGE,20210116 0000,20210117 0000,1223610, ,AF
ORO,D,15,STORAGE,20210117 0000,20210118 0000,1222410, ,AF
ORO,D,15,STORAGE,20210118 0000,20210119 0000,1220537, ,AF
ORO,D,15,STORAGE,20210119 0000,20210120 0000,1218965, ,AF
ORO,D,15,STORAGE,20210120 0000,20210121 0000,1217993, ,AF
ORO,D,15,STORAGE,20210121 0000,20210122 0000,1217320, ,AF
ORO,D,15,STORAGE,20210122 0000,20210123 0000,1216572, ,AF
ORO,D,15,STORAGE,20210123 0000,20210124 0000,1217320, ,AF
ORO,D,15,STORAGE,20210124 0000,20210125 0000,1217993, ,AF
ORO,D,15,STORAGE,20210125 0000,20210126 0000,1219414, ,AF
ORO,D,15,STORAGE,20210126 0000,20210127 0000,1220986, ,AF
ORO,D,15,STORAGE,20210127 0000,20210128 0000,1221510, ,AF
ORO,D,15,STORAGE,20210128 0000,20210129 0000,1230375, ,AF
ORO,D,15,STORAGE,20210129 0000,20210130 0000,1234070, ,AF
ORO,D,15,STORAGE,20210130 0000,20210131 0000,1235883, ,AF
ORO,D,15,STORAGE,20210131 0000,20210201 0000,1238983, ,AF
ORO,D,15,STORAGE,20210201 0000,20210202 0000,1240649, ,AF
ORO,D,15,STORAGE,20210202 0000,20210203 0000,1251366, ,AF
ORO,D,15,STORAGE,20210203 0000,20210204 0000,1258374, ,AF
ORO,D,15,STORAGE,20210204 0000,20210205 0000,1262203, ,AF
ORO,D,15,STORAGE,20210205 0000,20210206 0000,1264580, ,AF
ORO,D,15,STORAGE,20210206 0000,20210207 0000,1266193, ,AF
ORO,D,15,STORAGE,20210207 0000,20210208 0000,1268960, ,AF
ORO,D,15,STORAGE,20210208 0000,20210209 0000,1270038, ,AF
ORO,D,15,STORAGE,20210209 0000,20210210 0000,1271115, ,AF
ORO,D,15,STORAGE,20210210 0000,20210211 0000,1272348, ,AF
ORO,D,15,STORAGE,20210211 0000,20210212 0000,1274275, ,AF
ORO,D,15,STORAGE,20210212 0000,20210213 0000,1281773, ,AF
ORO,D,15,STORAGE,20210213 0000,20210214 0000,1290311, ,AF
ORO,D,15,STORAGE,20210214 0000,20210215 0000,1298653, ,AF
ORO,D,15,STORAGE,20210215 0000,20210216 0000,1304992, ,AF
ORO,D,15,STORAGE,20210216 0000,20210217 0000,1308994, ,AF
ORO,D,15,STORAGE,20210217 0000,20210218 0000,1313949, ,AF
ORO,D,15,STORAGE,20210218 0000,20210219 0000,1318601, ,AF
ORO,D,15,STORAGE,20210219 0000,20210220 0000,1322790, ,AF
ORO,D,15,STORAGE,20210220 0000,20210221 0000,1326274, ,AF
ORO,D,15,STORAGE,20210221 0000,20210222 0000,1329446, ,AF
ORO,D,15,STORAGE,20210222 0000,20210223 0000,1332544, ,AF
ORO,D,15,STORAGE,20210223 0000,20210224 0000,1335090, ,AF
ORO,D,15,STORAGE,20210224 0000,20210225 0000,1335966, ,AF
ORO,D,15,STORAGE,20210225 0000,20210226 0000,1338038, ,AF
ORO,D,15,STORAGE,20210226 0000,20210227 0000,1340112, ,AF
ORO,D,15,STORAGE,20210227 0000,20210228 0000,1342428, ,AF
ORO,D,15,STORAGE,20210228 0000,20210301 0000,1344667, ,AF
ORO,D,15,STORAGE,20210301 0000,20210302 0000,1348430, ,AF
ORO,D,15,STORAGE,20210302 0000,20210303 0000,1351479, ,AF
ORO,D,15,STORAGE,20210303 0000,20210304 0000,1354692, ,AF
ORO,D,15,STORAGE,20210304 0000,20210305 0000,1357670, ,AF
ORO,D,15,STORAGE,20210305 0000,20210306 0000,1359603, ,AF
ORO,D,15,STORAGE,20210306 0000,20210307 0000,1361781, ,AF
ORO,D,15,STORAGE,20210307 0000,20210308 0000,1364041, ,AF
ORO,D,15,STORAGE,20210308 0000,20210309 0000,1365172, ,AF
ORO,D,15,STORAGE,20210309 0000,20210310 0000,1365658, ,AF
ORO,D,15,STORAGE,20210310 0000,20210311 0000,1368246, ,AF
ORO,D,15,STORAGE,20210311 0000,20210312 0000,1370109, ,AF
ORO,D,15,STORAGE,20210312 0000,20210313 0000,1371649, ,AF
ORO,D,15,STORAGE,20210313 0000,20210314 0000,1373759, ,AF
ORO,D,15,STORAGE,20210314 0000,20210315 0000,1376196, ,AF
ORO,D,15,STORAGE,20210315 0000,20210316 0000,1377171, ,AF
ORO,D,15,STORAGE,20210316 0000,20210317 0000,1377252, ,AF
ORO,D,15,STORAGE,20210317 0000,20210318 0000,1377334, ,AF
ORO,D,15,STORAGE,20210318 0000,20210319 0000,1381648, ,AF
ORO,D,15,STORAGE,20210319 0000,20210320 0000,1389896, ,AF
ORO,D,15,STORAGE,20210320 0000,20210321 0000,1396289, ,AF
ORO,D,15,STORAGE,20210321 0000,20210322 0000,1402044, ,AF
ORO,D,15,STORAGE,20210322 0000,20210323 0000,1405833, ,AF
ORO,D,15,STORAGE,20210323 0000,20210324 0000,1409714, ,AF
ORO,D,15,STORAGE,20210324 0000,20210325 0000,1413104, ,AF
ORO,D,15,STORAGE,20210325 0000,20210326 0000,1416749, ,AF
ORO,D,15,STORAGE,20210326 0000,20210327 0000,1419985, ,AF
ORO,D,15,STORAGE,20210327 0000,20210328 0000,1422894, ,AF
ORO,D,15,STORAGE,20210328 0000,20210329 0000,1426139, ,AF
ORO,D,15,STORAGE,20210329 0000,20210330 0000,1429140, ,AF
ORO,D,15,STORAGE,20210330 0000,20210331 0000,1431894, ,AF
ORO,D,15,STORAGE,20210331 0000,20210401 0000,1434903, ,AF
ORO,D,15,STORAGE,20210401 0000,20210402 0000,1437749, ,AF
ORO,D,15,STORAGE,20210402 0000,20210403 0000,1441354, ,AF
ORO,D,15,STORAGE,20210403 0000,20210404 0000,1444125, ,AF
ORO,D,15,STORAGE,20210404 0000,20210405 0000,1447236, ,AF
ORO,D,15,STORAGE,20210405 0000,20210406 0000,1450436, ,AF
ORO,D,15,STORAGE,20210406 0000,20210407 0000,1454062, ,AF
ORO,D,15,STORAGE,20210407 0000,20210408 0000,1456934, ,AF
ORO,D,15,STORAGE,20210408 0000,20210409 0000,1461588, ,AF
ORO,D,15,STORAGE,20210409 0000,20210410 0000,1465150, ,AF
ORO,D,15,STORAGE,20210410 0000,20210411 0000,1467952, ,AF
ORO,D,15,STORAGE,20210411 0000,20210412 0000,1471268, ,AF
ORO,D,15,STORAGE,20210412 0000,20210413 0000,1474846, ,AF
ORO,D,15,STORAGE,20210413 0000,20210414 0000,1477832, ,AF
ORO,D,15,STORAGE,20210414 0000,20210415 0000,1480394, ,AF
ORO,D,15,STORAGE,20210415 0000,20210416 0000,1482532, ,AF
ORO,D,15,STORAGE,20210416 0000,20210417 0000,1484416, ,AF
ORO,D,15,STORAGE,20210417 0000,20210417 0000,---, ,AF
ORO,D,15,STORAGE,20210418 0000,20210419 0000,1488616, ,AF
ORO,D,15,STORAGE,20210419 0000,20210420 0000,1491019, ,AF
ORO,D,15,STORAGE,20210420 0000,20210421 0000,1493426, ,AF
ORO,D,15,STORAGE,20210421 0000,20210422 0000,1495835, ,AF
ORO,D,15,STORAGE,20210422 0000,20210423 0000,1497213, ,AF
ORO,D,15,STORAGE,20210423 0000,20210424 0000,1498161, ,AF
ORO,D,15,STORAGE,20210424 0000,20210425 0000,1497385, ,AF
ORO,D,15,STORAGE,20210425 0000,20210426 0000,1497299, ,AF
ORO,D,15,STORAGE,20210426 0000,20210427 0000,1496696, ,AF
ORO,D,15,STORAGE,20210427 0000,20210428 0000,1493426, ,AF
ORO,D,15,STORAGE,20210428 0000,20210429 0000,1490075, ,AF
ORO,D,15,STORAGE,20210429 0000,20210430 0000,1488101, ,AF
ORO,D,15,STORAGE,20210430 0000,20210501 0000,1486386, ,AF
ORO,D,15,STORAGE,20210501 0000,20210502 0000,1485872, ,AF
ORO,D,15,STORAGE,20210502 0000,20210503 0000,1485272, ,AF
ORO,D,15,STORAGE,20210503 0000,20210504 0000,1484844, ,AF
ORO,D,15,STORAGE,20210504 0000,20210505 0000,1482618, ,AF
ORO,D,15,STORAGE,20210505 0000,20210506 0000,1485186, ,AF
ORO,D,15,STORAGE,20210506 0000,20210507 0000,1487157, ,AF
ORO,D,15,STORAGE,20210507 0000,20210508 0000,1483559, ,AF
ORO,D,15,STORAGE,20210508 0000,20210509 0000,1476466, ,AF
ORO,D,15,STORAGE,20210509 0000,20210510 0000,1468887, ,AF
ORO,D,15,STORAGE,20210510 0000,20210511 0000,1461419, ,AF
ORO,D,15,STORAGE,20210511 0000,20210512 0000,1454231, ,AF
ORO,D,15,STORAGE,20210512 0000,20210513 0000,1447825, ,AF
ORO,D,15,STORAGE,20210513 0000,20210514 0000,1441102, ,AF
ORO,D,15,STORAGE,20210514 0000,20210515 0000,1434151, ,AF
ORO,D,15,STORAGE,20210515 0000,20210516 0000,1427639, ,AF
ORO,D,15,STORAGE,20210516 0000,20210517 0000,1421813, ,AF
ORO,D,15,STORAGE,20210517 0000,20210518 0000,1416003, ,AF
ORO,D,15,STORAGE,20210518 0000,20210519 0000,1411449, ,AF
ORO,D,15,STORAGE,20210519 0000,20210520 0000,1406246, ,AF
ORO,D,15,STORAGE,20210520 0000,20210521 0000,1400891, ,AF
ORO,D,15,STORAGE,20210521 0000,20210522 0000,1395058, ,AF
ORO,D,15,STORAGE,20210522 0000,20210523 0000,1389323, ,AF
ORO,D,15,STORAGE,20210523 0000,20210524 0000,1384095, ,AF
ORO,D,15,STORAGE,20210524 0000,20210525 0000,1378635, ,AF
ORO,D,15,STORAGE,20210525 0000,20210526 0000,1373109, ,AF
ORO,D,15,STORAGE,20210526 0000,20210527 0000,1368165, ,AF
ORO,D,15,STORAGE,20210527 0000,20210528 0000,1363072, ,AF
ORO,D,15,STORAGE,20210528 0000,20210529 0000,1357830, ,AF
ORO,D,15,STORAGE,20210529 0000,20210530 0000,1352442, ,AF
ORO,D,15,STORAGE,20210530 0000,20210531 0000,1347149, ,AF
ORO,D,15,STORAGE,20210531 0000,20210601 0000,1341550, ,AF
ORO,D,15,STORAGE,20210601 0000,20210602 0000,1338756, ,AF
ORO,D,15,STORAGE,20210602 0000,20210603 0000,1331591, ,AF
ORO,D,15,STORAGE,20210603 0000,20210604 0000,1329129, ,AF
ORO,D,15,STORAGE,20210604 0000,20210605 0000,1322552, ,AF
ORO,D,15,STORAGE,20210605 0000,20210606 0000,1316155, ,AF
ORO,D,15,STORAGE,20210606 0000,20210607 0000,1310565, ,AF
ORO,D,15,STORAGE,20210607 0000,20210608 0000,1304757, ,AF
ORO,D,15,STORAGE,20210608 0000,20210609 0000,1298575, ,AF
ORO,D,15,STORAGE,20210609 0000,20210610 0000,1291556, ,AF
ORO,D,15,STORAGE,20210610 0000,20210611 0000,1284330, ,AF
ORO,D,15,STORAGE,20210611 0000,20210612 0000,1276746, ,AF
ORO,D,15,STORAGE,20210612 0000,20210613 0000,1270038, ,AF
ORO,D,15,STORAGE,20210613 0000,20210614 0000,1262356, ,AF
ORO,D,15,STORAGE,20210614 0000,20210615 0000,1255012, ,AF
ORO,D,15,STORAGE,20210615 0000,20210616 0000,1251900, ,AF
ORO,D,15,STORAGE,20210616 0000,20210617 0000,1249080, ,AF
ORO,D,15,STORAGE,20210617 0000,20210617 0000,1244586,r,AF
ORO,D,15,STORAGE,20210618 0000,20210619 0000,1237318, ,AF
ORO,D,15,STORAGE,20210619 0000,20210620 0000,1228343, ,AF
ORO,D,15,STORAGE,20210620 0000,20210621 0000,1219189, ,AF
ORO,D,15,STORAGE,20210621 0000,20210622 0000,1209192, ,AF
ORO,D,15,STORAGE,20210622 0000,20210623 0000,1205180, ,AF
ORO,D,15,STORAGE,20210623 0000,20210624 0000,1195265, ,AF
ORO,D,15,STORAGE,20210624 0000,20210625 0000,1185701, ,AF
ORO,D,15,STORAGE,20210625 0000,20210626 0000,1175682, ,AF
ORO,D,15,STORAGE,20210626 0000,20210627 0000,1166448, ,AF
ORO,D,15,STORAGE,20210627 0000,20210628 0000,1156184, ,AF
ORO,D,15,STORAGE,20210628 0000,20210629 0000,1146056, ,AF
ORO,D,15,STORAGE,20210629 0000,20210630 0000,1136063, ,AF
ORO,D,15,STORAGE,20210630 0000,20210701 0000,1128112, ,AF
ORO,D,15,STORAGE,20210701 0000,20210702 0000,1120554, ,AF
ORO,D,15,STORAGE,20210702 0000,20210703 0000,1113241, ,AF
ORO,D,15,STORAGE,20210703 0000,20210704 0000,1107080, ,AF
ORO,D,15,STORAGE,20210704 0000,20210705 0000,1098787, ,AF
ORO,D,15,STORAGE,20210705 0000,20210706 0000,1089224, ,AF
ORO,D,15,STORAGE,20210706 0000,20210707 0000,1079994, ,AF
ORO,D,15,STORAGE,20210707 0000,20210708 0000,1071024, ,AF
ORO,D,15,STORAGE,20210708 0000,20210709 0000,1063396, ,AF
ORO,D,15,STORAGE,20210709 0000,20210710 0000,1055401, ,AF
ORO,D,15,STORAGE,20210710 0000,20210711 0000,1047380, ,AF
ORO,D,15,STORAGE,20210711 0000,20210712 0000,1040071, ,AF
ORO,D,15,STORAGE,20210712 0000,20210713 0000,1032597, ,AF
ORO,D,15,STORAGE,20210713 0000,20210714 0000,1025624, ,AF
ORO,D,15,STORAGE,20210714 0000,20210715 0000,1015718, ,AF
ORO,D,15,STORAGE,20210715 0000,20210716 0000,1007053, ,AF
ORO,D,15,STORAGE,20210716 0000,20210717 0000,998700, ,AF
ORO,D,15,STORAGE,20210717 0000,20210718 0000,990264, ,AF
ORO,D,15,STORAGE,20210718 0000,20210719 0000,981876, ,AF
ORO,D,15,STORAGE,20210719 0000,20210720 0000,970790, ,AF
ORO,D,15,STORAGE,20210720 0000,20210721 0000,962261, ,AF
ORO,D,15,STORAGE,20210721 0000,20210721 0000,953529, ,AF
ORO,D,15,STORAGE,20210722 0000,20210722 0000,944916, ,AF
ORO,D,15,STORAGE,20210723 0000,20210724 0000,938415, ,AF
ORO,D,15,STORAGE,20210724 0000,20210725 0000,931012, ,AF
ORO,D,15,STORAGE,20210725 0000,20210726 0000,923587, ,AF
ORO,D,15,STORAGE,20210726 0000,20210727 0000,915957, ,AF
ORO,D,15,STORAGE,20210727 0000,20210728 0000,909530, ,AF
ORO,D,15,STORAGE,20210728 0000,20210729 0000,905628, ,AF
ORO,D,15,STORAGE,20210729 0000,20210730 0000,902040, ,AF
ORO,D,15,STORAGE,20210730 0000,20210730 0000,893386, ,AF
ORO,D,15,STORAGE,20210731 0000,20210731 0000,891999, ,AF
ORO,D,15,STORAGE,20210801 0000,20210801 0000,881498,r,AF
ORO,D,15,STORAGE,20210802 0000,20210802 0000,875654,r,AF
ORO,D,15,STORAGE,20210803 0000,20210804 0000,868239, ,AF
ORO,D,15,STORAGE,20210804 0000,20210805 0000,863517, ,AF
ORO,D,15,STORAGE,20210805 0000,20210806 0000,860339, ,AF
ORO,D,15,STORAGE,20210806 0000,20210807 0000,856583, ,AF
ORO,D,15,STORAGE,20210807 0000,20210808 0000,853364, ,AF
ORO,D,15,STORAGE,20210808 0000,20210809 0000,848814, ,AF
ORO,D,15,STORAGE,20210809 0000,20210810 0000,845209, ,AF
ORO,D,15,STORAGE,20210810 0000,20210811 0000,841672, ,AF
ORO,D,15,STORAGE,20210811 0000,20210812 0000,838493, ,AF
ORO,D,15,STORAGE,20210812 0000,20210813 0000,834170, ,AF
ORO,D,15,STORAGE,20210813 0000,20210814 0000,832502, ,AF
ORO,D,15,STORAGE,20210814 0000,20210815 0000,829576, ,AF
ORO,D,15,STORAGE,20210815 0000,20210816 0000,827114, ,AF
ORO,D,15,STORAGE,20210816 0000,20210817 0000,824257, ,AF
ORO,D,15,STORAGE,20210817 0000,20210818 0000,820326, ,AF
ORO,D,15,STORAGE,20210818 0000,20210818 0000,817430, ,AF
ORO,D,15,STORAGE,20210819 0000,20210819 0000,814936, ,AF
ORO,D,15,STORAGE,20210820 0000,20210820 0000,812900, ,AF
ORO,D,15,STORAGE,20210821 0000,20210821 0000,810360, ,AF
ORO,D,15,STORAGE,20210822 0000,20210822 0000,807656, ,AF
ORO,D,15,STORAGE,20210823 0000,20210823 0000,806025, ,AF
ORO,D,15,STORAGE,20210824 0000,20210824 0000,804734, ,AF
ORO,D,15,STORAGE,20210825 0000,20210826 0000,804061, ,AF
ORO,D,15,STORAGE,20210826 0000,20210827 0000,803724, ,AF
ORO,D,15,STORAGE,20210827 0000,20210828 0000,802996, ,AF
ORO,D,15,STORAGE,20210828 0000,20210829 0000,802379, ,AF
ORO,D,15,STORAGE,20210829 0000,20210830 0000,801819, ,AF
ORO,D,15,STORAGE,20210830 0000,20210831 0000,800924, ,AF
ORO,D,15,STORAGE,20210831 0000,20210901 0000,799527, ,AF
ORO,D,15,STORAGE,20210901 0000,20210902 0000,798577, ,AF
ORO,D,15,STORAGE,20210902 0000,20210903 0000,797016, ,AF
ORO,D,15,STORAGE,20210903 0000,20210904 0000,796681, ,AF
ORO,D,15,STORAGE,20210904 0000,20210905 0000,796124, ,AF
ORO,D,15,STORAGE,20210905 0000,20210906 0000,795845, ,AF
ORO,D,15,STORAGE,20210906 0000,20210907 0000,794788, ,AF
ORO,D,15,STORAGE,20210907 0000,20210908 0000,794176, ,AF
ORO,D,15,STORAGE,20210908 0000,20210909 0000,793176, ,AF
ORO,D,15,STORAGE,20210909 0000,20210910 0000,793009, ,AF
ORO,D,15,STORAGE,20210910 0000,20210911 0000,792731, ,AF
ORO,D,15,STORAGE,20210911 0000,20210912 0000,792231, ,AF
ORO,D,15,STORAGE,20210912 0000,20210913 0000,791565, ,AF
ORO,D,15,STORAGE,20210913 0000,20210914 0000,790900, ,AF
ORO,D,15,STORAGE,20210914 0000,20210915 0000,790013, ,AF
ORO,D,15,STORAGE,20210915 0000,20210916 0000,789349, ,AF
ORO,D,15,STORAGE,20210916 0000,20210917 0000,788684, ,AF
ORO,D,15,STORAGE,20210917 0000,20210918 0000,788684, ,AF
ORO,D,15,STORAGE,20210918 0000,20210919 0000,788518, ,AF
ORO,D,15,STORAGE,20210919 0000,20210920 0000,788574, ,AF
ORO,D,15,STORAGE,20210920 0000,20210921 0000,787965, ,AF
ORO,D,15,STORAGE,20210921 0000,20210922 0000,788076, ,AF
ORO,D,15,STORAGE,20210922 0000,20210923 0000,788242, ,AF
ORO,D,15,STORAGE,20210923 0000,20210924 0000,788518, ,AF
ORO,D,15,STORAGE,20210924 0000,20210925 0000,788408, ,AF
ORO,D,15,STORAGE,20210925 0000,20210926 0000,788740, ,AF
ORO,D,15,STORAGE,20210926 0000,20210927 0000,788574, ,AF
ORO,D,15,STORAGE,20210927 0000,20210928 0000,788574, ,AF
ORO,D,15,STORAGE,20210928 0000,20210929 0000,788629, ,AF
ORO,D,15,STORAGE,20210929 0000,20210930 0000,788076, ,AF
ORO,D,15,STORAGE,20210930 0000,20211001 0000,787578, ,AF
ORO,D,15,STORAGE,20211001 0000,20211002 0000,787633, ,AF
ORO,D,15,STORAGE,20211002 0000,20211003 0000,788352, ,AF
ORO,D,15,STORAGE,20211003 0000,20211004 0000,788574, ,AF
ORO,D,15,STORAGE,20211004 0000,20211005 0000,790124, ,AF
ORO,D,15,STORAGE,20211005 0000,20211006 0000,791011, ,AF
ORO,D,15,STORAGE,20211006 0000,20211007 0000,792065, ,AF
ORO,D,15,STORAGE,20211007 0000,20211008 0000,793176, ,AF
ORO,D,15,STORAGE,20211008 0000,20211009 0000,793731, ,AF
ORO,D,15,STORAGE,20211009 0000,20211010 0000,793231, ,AF
ORO,D,15,STORAGE,20211010 0000,20211011 0000,792842, ,AF
ORO,D,15,STORAGE,20211011 0000,20211012 0000,792287, ,AF
ORO,D,15,STORAGE,20211012 0000,20211013 0000,792120, ,AF
ORO,D,15,STORAGE,20211013 0000,20211014 0000,791510, ,AF
ORO,D,15,STORAGE,20211014 0000,20211015 0000,790900, ,AF
ORO,D,15,STORAGE,20211015 0000,20211016 0000,792287, ,AF
ORO,D,15,STORAGE,20211016 0000,20211017 0000,791565, ,AF
ORO,D,15,STORAGE,20211017 0000,20211018 0000,790401, ,AF
ORO,D,15,STORAGE,20211018 0000,20211019 0000,789459, ,AF
ORO,D,15,STORAGE,20211019 0000,20211020 0000,790235, ,AF
ORO,D,15,STORAGE,20211020 0000,20211021 0000,791066, ,AF
ORO,D,15,STORAGE,20211021 0000,20211022 0000,792342, ,AF
ORO,D,15,STORAGE,20211022 0000,20211023 0000,799638, ,AF
ORO,D,15,STORAGE,20211023 0000,20211024 0000,804397, ,AF
ORO,D,15,STORAGE,20211024 0000,20211025 0000,881199, ,AF
ORO,D,15,STORAGE,20211025 0000,20211026 0000,941413, ,AF
ORO,D,15,STORAGE,20211026 0000,20211027 0000,959915, ,AF
ORO,D,15,STORAGE,20211027 0000,20211028 0000,966201, ,AF
ORO,D,15,STORAGE,20211028 0000,20211028 0000,970851, ,AF
ORO,D,15,STORAGE,20211029 0000,20211030 0000,974433, ,AF
ORO,D,15,STORAGE,20211030 0000,20211031 0000,977444, ,AF
ORO,D,15,STORAGE,20211031 0000,20211101 0000,980140, ,AF
ORO,D,15,STORAGE,20211101 0000,20211102 0000,982263, ,AF
ORO,D,15,STORAGE,20211102 0000,20211103 0000,985354, ,AF
ORO,D,15,STORAGE,20211103 0000,20211104 0000,987355, ,AF
ORO,D,15,STORAGE,20211104 0000,20211105 0000,990393, ,AF
ORO,D,15,STORAGE,20211105 0000,20211106 0000,993827, ,AF
ORO,D,15,STORAGE,20211106 0000,20211107 0000,995384, ,AF
ORO,D,15,STORAGE,20211107 0000,20211108 0000,996034, ,AF
ORO,D,15,STORAGE,20211108 0000,20211109 0000,997399, ,AF
ORO,D,15,STORAGE,20211109 0000,20211110 0000,1009346, ,AF
ORO,D,15,STORAGE,20211110 0000,20211111 0000,1018551, ,AF
ORO,D,15,STORAGE,20211111 0000,20211112 0000,1023637, ,AF
ORO,D,15,STORAGE,20211112 0000,20211113 0000,1027680, ,AF
ORO,D,15,STORAGE,20211113 0000,20211114 0000,1030070, ,AF
ORO,D,15,STORAGE,20211114 0000,20211115 0000,1032531, ,AF
ORO,D,15,STORAGE,20211115 0000,20211116 0000,1034729, ,AF
ORO,D,15,STORAGE,20211116 0000,20211117 0000,1036263, ,AF
ORO,D,15,STORAGE,20211117 0000,20211118 0000,1037932, ,AF
ORO,D,15,STORAGE,20211118 0000,20211119 0000,1039737, ,AF
ORO,D,15,STORAGE,20211119 0000,20211120 0000,1041611, ,AF
ORO,D,15,STORAGE,20211120 0000,20211121 0000,1043218, ,AF
ORO,D,15,STORAGE,20211121 0000,20211122 0000,1045030, ,AF
ORO,D,15,STORAGE,20211122 0000,20211123 0000,1046641, ,AF
ORO,D,15,STORAGE,20211123 0000,20211124 0000,1048187, ,AF
ORO,D,15,STORAGE,20211124 0000,20211125 0000,1048860, ,AF
ORO,D,15,STORAGE,20211125 0000,20211126 0000,1050476, ,AF
ORO,D,15,STORAGE,20211126 0000,20211127 0000,1051352, ,AF
ORO,D,15,STORAGE,20211127 0000,20211128 0000,1052566, ,AF
ORO,D,15,STORAGE,20211128 0000,20211129 0000,1053375, ,AF
ORO,D,15,STORAGE,20211129 0000,20211130 0000,1054253, ,AF
ORO,D,15,STORAGE,20211130 0000,20211201 0000,1054996, ,AF
ORO,D,15,STORAGE,20211201 0000,20211202 0000,1055604, ,AF
ORO,D,15,STORAGE,20211202 0000,20211203 0000,1056010, ,AF
ORO,D,15,STORAGE,20211203 0000,20211204 0000,1056483, ,AF
ORO,D,15,STORAGE,20211204 0000,20211205 0000,1056889, ,AF
ORO,D,15,STORAGE,20211205 0000,20211206 0000,1057362, ,AF
ORO,D,15,STORAGE,20211206 0000,20211207 0000,1057768, ,AF
ORO,D,15,STORAGE,20211207 0000,20211208 0000,1058174, ,AF
ORO,D,15,STORAGE,20211208 0000,20211209 0000,1059123, ,AF
ORO,D,15,STORAGE,20211209 0000,20211210 0000,1060614, ,AF
ORO,D,15,STORAGE,20211210 0000,20211211 0000,1062106, ,AF
ORO,D,15,STORAGE,20211211 0000,20211212 0000,1063668, ,AF
ORO,D,15,STORAGE,20211212 0000,20211213 0000,1067478, ,AF
ORO,D,15,STORAGE,20211213 0000,20211214 0000,1089293, ,AF
ORO,D,15,STORAGE,20211214 0000,20211215 0000,1112820, ,AF
ORO,D,15,STORAGE,20211215 0000,20211216 0000,1125424, ,AF
ORO,D,15,STORAGE,20211216 0000,20211217 0000,1138128, ,AF
ORO,D,15,STORAGE,20211217 0000,20211218 0000,1146701, ,AF
ORO,D,15,STORAGE,20211218 0000,20211219 0000,1152945, ,AF
ORO,D,15,STORAGE,20211219 0000,20211220 0000,1158419, ,AF
ORO,D,15,STORAGE,20211220 0000,20211221 0000,1163550, ,AF
ORO,D,15,STORAGE,20211221 0000,20211222 0000,1168624, ,AF
ORO,D,15,STORAGE,20211222 0000,20211223 0000,1174880, ,AF
ORO,D,15,STORAGE,20211223 0000,20211224 0000,1205254, ,AF
ORO,D,15,STORAGE,20211224 0000,20211225 0000,1237924, ,AF
ORO,D,15,STORAGE,20211225 0000,20211226 0000,1269576, ,AF
ORO,D,15,STORAGE,20211226 0000,20211227 0000,1292101, ,AF
ORO,D,15,STORAGE,20211227 0000,20211228 0000,1310094, ,AF
ORO,D,15,STORAGE,20211228 0000,20211229 0000,1323897, ,AF
ORO,D,15,STORAGE,20211229 0000,20211230 0000,1337560, ,AF
ORO,D,15,STORAGE,20211230 0000,20211231 0000,1349152, ,AF
ORO,D,15,STORAGE,20211231 0000,20220101 0000,1359281, ,AF
ORO,D,15,STORAGE,20220101 0000,20220102 0000,1368165, ,AF
ORO,D,15,STORAGE,20220102 0000,20220103 0000,1375952, ,AF
ORO,D,15,STORAGE,20220103 0000,20220104 0000,1383768, ,AF
ORO,D,15,STORAGE,20220104 0000,20220105 0000,1401385, ,AF
ORO,D,15,STORAGE,20220105 0000,20220106 0000,1417246, ,AF
ORO,D,15,STORAGE,20220106 0000,20220107 0000,1431644, ,AF
ORO,D,15,STORAGE,20220107 0000,20220108 0000,1448414, ,AF
ORO,D,15,STORAGE,20220108 0000,20220109 0000,1466848, ,AF
ORO,D,15,STORAGE,20220109 0000,20220110 0000,1482446, ,AF
ORO,D,15,STORAGE,20220110 0000,20220111 0000,1493942, ,AF
ORO,D,15,STORAGE,20220111 0000,20220112 0000,1505845, ,AF
ORO,D,15,STORAGE,20220112 0000,20220113 0000,1516348, ,AF
ORO,D,15,STORAGE,20220113 0000,20220113 0000,1526279,e,AF
ORO,D,15,STORAGE,20220114 0000,20220114 0000,1533799, ,AF
ORO,D,15,STORAGE,20220115 0000,20220115 0000,1542575, ,AF
ORO,D,15,STORAGE,20220116 0000,20220116 0000,1551828, ,AF
ORO,D,15,STORAGE,20220117 0000,20220117 0000,1559435, ,AF
ORO,D,15,STORAGE,20220118 0000,20220118 0000,1566979, ,AF
ORO,D,15,STORAGE,20220119 0000,20220119 0000,1573925, ,AF
ORO,D,15,STORAGE,20220120 0000,20220121 0000,1580711, ,AF
ORO,D,15,STORAGE,20220121 0000,20220122 0000,1587609, ,AF
ORO,D,15,STORAGE,20220122 0000,20220123 0000,1594888, ,AF
ORO,D,15,STORAGE,20220123 0000,20220124 0000,1602372, ,AF
ORO,D,15,STORAGE,20220124 0000,20220125 0000,1608794, ,AF
ORO,D,15,STORAGE,20220125 0000,20220126 0000,1615324, ,AF
ORO,D,15,STORAGE,20220126 0000,20220127 0000,1622237, ,AF
ORO,D,15,STORAGE,20220127 0000,20220128 0000,1628257, ,AF
ORO,D,15,STORAGE,20220128 0000,20220129 0000,1633928, ,AF
ORO,D,15,STORAGE,20220129 0000,20220130 0000,1637959, ,AF
ORO,D,15,STORAGE,20220130 0000,20220131 0000,1640345, ,AF
ORO,D,15,STORAGE,20220131 0000,20220201 0000,1641539, ,AF
ORO,D,15,STORAGE,20220201 0000,20220202 0000,1640529, ,AF
ORO,D,15,STORAGE,20220202 0000,20220203 0000,1640437, ,AF
ORO,D,15,STORAGE,20220203 0000,20220204 0000,1639886, ,AF
ORO,D,15,STORAGE,20220204 0000,20220205 0000,1638326, ,AF
ORO,D,15,STORAGE,20220205 0000,20220206 0000,1640070, ,AF
ORO,D,15,STORAGE,20220206 0000,20220207 0000,1641447, ,AF
ORO,D,15,STORAGE,20220207 0000,20220208 0000,1641080, ,AF
ORO,D,15,STORAGE,20220208 0000,20220209 0000,1639611, ,AF
ORO,D,15,STORAGE,20220209 0000,20220210 0000,1638510, ,AF
ORO,D,15,STORAGE,20220210 0000,20220211 0000,1637409, ,AF
ORO,D,15,STORAGE,20220211 0000,20220211 0000,1640393,e,AF
ORO,D,15,STORAGE,20220212 0000,20220213 0000,1643377, ,AF
ORO,D,15,STORAGE,20220213 0000,20220214 0000,1647518, ,AF
ORO,D,15,STORAGE,20220214 0000,20220215 0000,1650098, ,AF
ORO,D,15,STORAGE,20220215 0000,20220216 0000,1651204, ,AF
ORO,D,15,STORAGE,20220216 0000,20220217 0000,1653235, ,AF
ORO,D,15,STORAGE,20220217 0000,20220218 0000,1655359, ,AF
ORO,D,15,STORAGE,20220218 0000,20220219 0000,1657763, ,AF
ORO,D,15,STORAGE,20220219 0000,20220220 0000,1663505, ,AF
ORO,D,15,STORAGE,20220220 0000,20220221 0000,1665824, ,AF
ORO,D,15,STORAGE,20220221 0000,20220222 0000,1667310, ,AF
ORO,D,15,STORAGE,20220222 0000,20220223 0000,1668425, ,AF
ORO,D,15,STORAGE,20220223 0000,20220224 0000,1666382, ,AF
ORO,D,15,STORAGE,20220224 0000,20220225 0000,1665454, ,AF
ORO,D,15,STORAGE,20220225 0000,20220226 0000,1664247, ,AF
ORO,D,15,STORAGE,20220226 0000,20220227 0000,1662856, ,AF
ORO,D,15,STORAGE,20220227 0000,20220228 0000,1659336, ,AF
ORO,D,15,STORAGE,20220228 0000,20220301 0000,1655082, ,AF
ORO,D,15,STORAGE,20220301 0000,20220302 0000,1650098, ,AF
ORO,D,15,STORAGE,20220302 0000,20220303 0000,1645401, ,AF
ORO,D,15,STORAGE,20220303 0000,20220304 0000,1641998, ,AF
ORO,D,15,STORAGE,20220304 0000,20220305 0000,1638785, ,AF
ORO,D,15,STORAGE,20220305 0000,20220306 0000,1637042, ,AF
ORO,D,15,STORAGE,20220306 0000,20220307 0000,1639060, ,AF
ORO,D,15,STORAGE,20220307 0000,20220308 0000,1637592, ,AF
ORO,D,15,STORAGE,20220308 0000,20220309 0000,1634202, ,AF
ORO,D,15,STORAGE,20220309 0000,20220310 0000,1630633, ,AF
ORO,D,15,STORAGE,20220310 0000,20220311 0000,1626066, ,AF
ORO,D,15,STORAGE,20220311 0000,20220312 0000,1622054, ,AF
ORO,D,15,STORAGE,20220312 0000,20220313 0000,1616868, ,AF
ORO,D,15,STORAGE,20220313 0000,20220314 0000,1613962, ,AF
ORO,D,15,STORAGE,20220314 0000,20220315 0000,1611240, ,AF
ORO,D,15,STORAGE,20220315 0000,20220316 0000,1611150, ,AF
ORO,D,15,STORAGE,20220316 0000,20220317 0000,1614779, ,AF
ORO,D,15,STORAGE,20220317 0000,20220318 0000,1614507, ,AF
ORO,D,15,STORAGE,20220318 0000,20220319 0000,1616050, ,AF
ORO,D,15,STORAGE,20220319 0000,20220320 0000,1622875, ,AF
ORO,D,15,STORAGE,20220320 0000,20220321 0000,1629811, ,AF
ORO,D,15,STORAGE,20220321 0000,20220322 0000,1631365, ,AF
ORO,D,15,STORAGE,20220322 0000,20220323 0000,1635484, ,AF
ORO,D,15,STORAGE,20220323 0000,20220324 0000,1642182, ,AF
ORO,D,15,STORAGE,20220324 0000,20220325 0000,1648163, ,AF
ORO,D,15,STORAGE,20220325 0000,20220326 0000,1654897, ,AF
ORO,D,15,STORAGE,20220326 0000,20220327 0000,1659521, ,AF
ORO,D,15,STORAGE,20220327 0000,20220328 0000,1662578, ,AF
ORO,D,15,STORAGE,20220328 0000,20220329 0000,1670098, ,AF
ORO,D,15,STORAGE,20220329 0000,20220330 0000,1676430, ,AF
ORO,D,15,STORAGE,20220330 0000,20220331 0000,1676150, ,AF
ORO,D,15,STORAGE,20220331 0000,20220401 0000,1675777, ,AF
ORO,D,15,STORAGE,20220401 0000,20220402 0000,1681003, ,AF
ORO,D,15,STORAGE,20220402 0000,20220403 0000,1681470, ,AF
ORO,D,15,STORAGE,20220403 0000,20220404 0000,1685866, ,AF
ORO,D,15,STORAGE,20220404 0000,20220405 0000,1687551, ,AF
ORO,D,15,STORAGE,20220405 0000,20220406 0000,1689706, ,AF
ORO,D,15,STORAGE,20220406 0000,20220407 0000,1688863, ,AF
ORO,D,15,STORAGE,20220407 0000,20220408 0000,1687551, ,AF
ORO,D,15,STORAGE,20220408 0000,20220409 0000,1687270, ,AF
ORO,D,15,STORAGE,20220409 0000,20220410 0000,1692427, ,AF
ORO,D,15,STORAGE,20220410 0000,20220411 0000,1697783, ,AF
ORO,D,15,STORAGE,20220411 0000,20220412 0000,1701926, ,AF
ORO,D,15,STORAGE,20220412 0000,20220413 0000,1704943, ,AF
ORO,D,15,STORAGE,20220413 0000,20220414 0000,1708437, ,AF
ORO,D,15,STORAGE,20220414 0000,20220415 0000,1714966, ,AF
ORO,D,15,STORAGE,20220415 0000,20220416 0000,1723128, ,AF
ORO,D,15,STORAGE,20220416 0000,20220417 0000,1738195, ,AF
ORO,D,15,STORAGE,20220417 0000,20220418 0000,1753356, ,AF
ORO,D,15,STORAGE,20220418 0000,20220419 0000,1764159, ,AF
ORO,D,15,STORAGE,20220419 0000,20220420 0000,1781620, ,AF
ORO,D,15,STORAGE,20220420 0000,20220421 0000,1795273, ,AF
ORO,D,15,STORAGE,20220421 0000,20220422 0000,1815794, ,AF
ORO,D,15,STORAGE,20220422 0000,20220423 0000,1833702, ,AF
ORO,D,15,STORAGE,20220423 0000,20220424 0000,1849838, ,AF
ORO,D,15,STORAGE,20220424 0000,20220425 0000,1865070, ,AF
ORO,D,15,STORAGE,20220425 0000,20220426 0000,1875643, ,AF
ORO,D,15,STORAGE,20220426 0000,20220427 0000,1885348, ,AF
ORO,D,15,STORAGE,20220427 0000,20220428 0000,1893971, ,AF
ORO,D,15,STORAGE,20220428 0000,20220429 0000,1900381, ,AF
ORO,D,15,STORAGE,20220429 0000,20220430 0000,1906909, ,AF
ORO,D,15,STORAGE,20220430 0000,20220501 0000,1916629, ,AF
ORO,D,15,STORAGE,20220501 0000,20220502 0000,1926796, ,AF
ORO,D,15,STORAGE,20220502 0000,20220503 0000,1931121, ,AF
ORO,D,15,STORAGE,20220503 0000,20220504 0000,1933390, ,AF
ORO,D,15,STORAGE,20220504 0000,20220505 0000,1934112, ,AF
ORO,D,15,STORAGE,20220505 0000,20220506 0000,1935866, ,AF
ORO,D,15,STORAGE,20220506 0000,20220507 0000,1935247, ,AF
ORO,D,15,STORAGE,20220507 0000,20220508 0000,1939276, ,AF
ORO,D,15,STORAGE,20220508 0000,20220509 0000,1942482, ,AF
ORO,D,15,STORAGE,20220509 0000,20220510 0000,1940413, ,AF
ORO,D,15,STORAGE,20220510 0000,20220511 0000,1938759, ,AF
ORO,D,15,STORAGE,20220511 0000,20220512 0000,1937312, ,AF
ORO,D,15,STORAGE,20220512 0000,20220513 0000,1937209, ,AF
ORO,D,15,STORAGE,20220513 0000,20220514 0000,1936073, ,AF
ORO,D,15,STORAGE,20220514 0000,20220515 0000,1938552, ,AF
ORO,D,15,STORAGE,20220515 0000,20220516 0000,1941551, ,AF
ORO,D,15,STORAGE,20220516 0000,20220517 0000,1940000, ,AF
ORO,D,15,STORAGE,20220517 0000,20220518 0000,1938345, ,AF
ORO,D,15,STORAGE,20220518 0000,20220519 0000,1936382, ,AF
ORO,D,15,STORAGE,20220519 0000,20220520 0000,1934318, ,AF
ORO,D,15,STORAGE,20220520 0000,20220521 0000,1932977, ,AF
ORO,D,15,STORAGE,20220521 0000,20220522 0000,1935866, ,AF
ORO,D,15,STORAGE,20220522 0000,20220523 0000,1939276, ,AF
ORO,D,15,STORAGE,20220523 0000,20220524 0000,1936486, ,AF
ORO,D,15,STORAGE,20220524 0000,20220525 0000,1931121, ,AF
ORO,D,15,STORAGE,20220525 0000,20220526 0000,1926488, ,AF
ORO,D,15,STORAGE,20220526 0000,20220527 0000,1923094, ,AF
ORO,D,15,STORAGE,20220527 0000,20220528 0000,1917244, ,AF
ORO,D,15,STORAGE,20220528 0000,20220529 0000,1917552, ,AF
ORO,D,15,STORAGE,20220529 0000,20220530 0000,1918474, ,AF
ORO,D,15,STORAGE,20220530 0000,20220531 0000,1915194, ,AF
ORO,D,15,STORAGE,20220531 0000,20220601 0000,1909055, ,AF
ORO,D,15,STORAGE,20220601 0000,20220602 0000,1904153, ,AF
ORO,D,15,STORAGE,20220602 0000,20220603 0000,1901196, ,AF
ORO,D,15,STORAGE,20220603 0000,20220604 0000,1898752, ,AF
ORO,D,15,STORAGE,20220604 0000,20220605 0000,1895802, ,AF
ORO,D,15,STORAGE,20220605 0000,20220606 0000,1895802, ,AF
ORO,D,15,STORAGE,20220606 0000,20220607 0000,1891534, ,AF
ORO,D,15,STORAGE,20220607 0000,20220608 0000,1885753, ,AF
ORO,D,15,STORAGE,20220608 0000,20220609 0000,1882413, ,AF
ORO,D,15,STORAGE,20220609 0000,20220610 0000,1877966, ,AF
ORO,D,15,STORAGE,20220610 0000,20220611 0000,1872921, ,AF
ORO,D,15,STORAGE,20220611 0000,20220612 0000,1865473, ,AF
ORO,D,15,STORAGE,20220612 0000,20220613 0000,1864267, ,AF
ORO,D,15,STORAGE,20220613 0000,20220614 0000,1858646, ,AF
ORO,D,15,STORAGE,20220614 0000,20220615 0000,1852037, ,AF
ORO,D,15,STORAGE,20220615 0000,20220616 0000,1844946, ,AF
ORO,D,15,STORAGE,20220616 0000,20220617 0000,1837379, ,AF
ORO,D,15,STORAGE,20220617 0000,20220618 0000,1829337, ,AF
ORO,D,15,STORAGE,20220618 0000,20220619 0000,1821321, ,AF
ORO,D,15,STORAGE,20220619 0000,20220620 0000,1817372, ,AF
ORO,D,15,STORAGE,20220620 0000,20220621 0000,1808902, ,AF
ORO,D,15,STORAGE,20220621 0000,20220622 0000,1800755, ,AF
ORO,D,15,STORAGE,20220622 0000,20220623 0000,1791755, ,AF
ORO,D,15,STORAGE,20220623 0000,20220624 0000,1782691, ,AF
ORO,D,15,STORAGE,20220624 0000,20220625 0000,1772884, ,AF
ORO,D,15,STORAGE,20220625 0000,20220625 0000,1762900,e,AF
ORO,D,15,STORAGE,20220626 0000,20220627 0000,1760875, ,AF
ORO,D,15,STORAGE,20220627 0000,20220628 0000,1751528, ,AF
ORO,D,15,STORAGE,20220628 0000,20220629 0000,1741737, ,AF
ORO,D,15,STORAGE,20220629 0000,20220630 0000,1732558, ,AF
ORO,D,15,STORAGE,20220630 0000,20220701 0000,1720942, ,AF
ORO,D,15,STORAGE,20220701 0000,20220702 0000,1710422, ,AF
ORO,D,15,STORAGE,20220702 0000,20220703 0000,1698536, ,AF
ORO,D,15,STORAGE,20220703 0000,20220704 0000,1691300, ,AF
ORO,D,15,STORAGE,20220704 0000,20220705 0000,1683246, ,AF
ORO,D,15,STORAGE,20220705 0000,20220706 0000,1672890, ,AF
ORO,D,15,STORAGE,20220706 0000,20220707 0000,1663134, ,AF
ORO,D,15,STORAGE,20220707 0000,20220708 0000,1652312, ,AF
ORO,D,15,STORAGE,20220708 0000,20220709 0000,1641631, ,AF
ORO,D,15,STORAGE,20220709 0000,20220710 0000,1630268, ,AF
ORO,D,15,STORAGE,20220710 0000,20220711 0000,1621053, ,AF
ORO,D,15,STORAGE,20220711 0000,20220712 0000,1610696, ,AF
ORO,D,15,STORAGE,20220712 0000,20220713 0000,1600025, ,AF
ORO,D,15,STORAGE,20220713 0000,20220714 0000,1589314, ,AF
ORO,D,15,STORAGE,20220714 0000,20220715 0000,1585277, ,AF
ORO,D,15,STORAGE,20220715 0000,20220716 0000,1576064, ,AF
ORO,D,15,STORAGE,20220716 0000,20220717 0000,1568666, ,AF
ORO,D,15,STORAGE,20220717 0000,20220718 0000,1562891, ,AF
ORO,D,15,STORAGE,20220718 0000,20220719 0000,1555891, ,AF
ORO,D,15,STORAGE,20220719 0000,20220720 0000,1546886, ,AF
ORO,D,15,STORAGE,20220720 0000,20220721 0000,1538970, ,AF
ORO,D,15,STORAGE,20220721 0000,20220722 0000,1531345, ,AF
ORO,D,15,STORAGE,20220722 0000,20220723 0000,1521220, ,AF
ORO,D,15,STORAGE,20220723 0000,20220724 0000,1511821, ,AF
ORO,D,15,STORAGE,20220724 0000,20220725 0000,1503079, ,AF
ORO,D,15,STORAGE,20220725 0000,20220726 0000,1494458, ,AF
ORO,D,15,STORAGE,20220726 0000,20220727 0000,1486128, ,AF
ORO,D,15,STORAGE,20220727 0000,20220728 0000,1478515, ,AF
ORO,D,15,STORAGE,20220728 0000,20220729 0000,1471779, ,AF
ORO,D,15,STORAGE,20220729 0000,20220730 0000,1464895, ,AF
ORO,D,15,STORAGE,20220730 0000,20220731 0000,1459556, ,AF
ORO,D,15,STORAGE,20220731 0000,20220801 0000,1453724, ,AF
ORO,D,15,STORAGE,20220801 0000,20220802 0000,1452965, ,AF
ORO,D,15,STORAGE,20220802 0000,20220803 0000,1440432, ,AF
ORO,D,15,STORAGE,20220803 0000,20220804 0000,1442109, ,AF
ORO,D,15,STORAGE,20220804 0000,20220805 0000,1439844, ,AF
ORO,D,15,STORAGE,20220805 0000,20220806 0000,1438671, ,AF
ORO,D,15,STORAGE,20220806 0000,20220807 0000,1431143, ,AF
ORO,D,15,STORAGE,20220807 0000,20220808 0000,1423309, ,AF
ORO,D,15,STORAGE,20220808 0000,20220809 0000,1416417, ,AF
ORO,D,15,STORAGE,20220809 0000,20220810 0000,1409548, ,AF
ORO,D,15,STORAGE,20220810 0000,20220811 0000,1402867, ,AF
ORO,D,15,STORAGE,20220811 0000,20220812 0000,1399246, ,AF
ORO,D,15,STORAGE,20220812 0000,20220813 0000,1392352, ,AF
ORO,D,15,STORAGE,20220813 0000,20220814 0000,1384258, ,AF
ORO,D,15,STORAGE,20220814 0000,20220815 0000,1376927, ,AF
ORO,D,15,STORAGE,20220815 0000,20220816 0000,1371082, ,AF
ORO,D,15,STORAGE,20220816 0000,20220817 0000,1366547, ,AF
ORO,D,15,STORAGE,20220817 0000,20220818 0000,1361781, ,AF
ORO,D,15,STORAGE,20220818 0000,20220819 0000,1358878, ,AF
ORO,D,15,STORAGE,20220819 0000,20220820 0000,1354210, ,AF
ORO,D,15,STORAGE,20220820 0000,20220821 0000,1350435, ,AF
ORO,D,15,STORAGE,20220821 0000,20220822 0000,1346267, ,AF
ORO,D,15,STORAGE,20220822 0000,20220823 0000,1342508, ,AF
ORO,D,15,STORAGE,20220823 0000,20220824 0000,1337321, ,AF
ORO,D,15,STORAGE,20220824 0000,20220825 0000,1333578, ,AF
ORO,D,15,STORAGE,20220825 0000,20220826 0000,1329684, ,AF
ORO,D,15,STORAGE,20220826 0000,20220827 0000,1326907, ,AF
ORO,D,15,STORAGE,20220827 0000,20220828 0000,1324610, ,AF
ORO,D,15,STORAGE,20220828 0000,20220829 0000,1323106, ,AF
ORO,D,15,STORAGE,20220829 0000,20220830 0000,1321998, ,AF
ORO,D,15,STORAGE,20220830 0000,20220831 0000,1316076, ,AF
ORO,D,15,STORAGE,20220831 0000,20220901 0000,1311588, ,AF
ORO,D,15,STORAGE,20220901 0000,20220902 0000,1307894, ,AF
ORO,D,15,STORAGE,20220902 0000,20220903 0000,1305776, ,AF
ORO,D,15,STORAGE,20220903 0000,20220904 0000,1302485, ,AF
ORO,D,15,STORAGE,20220904 0000,20220905 0000,1300842, ,AF
ORO,D,15,STORAGE,20220905 0000,20220906 0000,1297247, ,AF
ORO,D,15,STORAGE,20220906 0000,20220907 0000,1292179, ,AF
ORO,D,15,STORAGE,20220907 0000,20220908 0000,1289144, ,AF
ORO,D,15,STORAGE,20220908 0000,20220909 0000,1286658, ,AF
ORO,D,15,STORAGE,20220909 0000,20220910 0000,1285183, ,AF
ORO,D,15,STORAGE,20220910 0000,20220911 0000,1281153, ,AF
ORO,D,15,STORAGE,20220911 0000,20220912 0000,1277209, ,AF
ORO,D,15,STORAGE,20220912 0000,20220913 0000,1272656, ,AF
ORO,D,15,STORAGE,20220913 0000,20220914 0000,1269883, ,AF
ORO,D,15,STORAGE,20220914 0000,20220915 0000,1267038, ,AF
ORO,D,15,STORAGE,20220915 0000,20220916 0000,1264811, ,AF
ORO,D,15,STORAGE,20220916 0000,20220917 0000,1263276, ,AF
ORO,D,15,STORAGE,20220917 0000,20220918 0000,1261973, ,AF
ORO,D,15,STORAGE,20220918 0000,20220919 0000,1260747, ,AF
ORO,D,15,STORAGE,20220919 0000,20220920 0000,1261360, ,AF
ORO,D,15,STORAGE,20220920 0000,20220921 0000,1260134, ,AF
ORO,D,15,STORAGE,20220921 0000,20220922 0000,1258298, ,AF
ORO,D,15,STORAGE,20220922 0000,20220923 0000,1255852, ,AF
ORO,D,15,STORAGE,20220923 0000,20220924 0000,1252968, ,AF
ORO,D,15,STORAGE,20220924 0000,20220925 0000,1249461, ,AF
ORO,D,15,STORAGE,20220925 0000,20220926 0000,1246874, ,AF
ORO,D,15,STORAGE,20220926 0000,20220927 0000,1243986, ,AF
ORO,D,15,STORAGE,20220927 0000,20220928 0000,1240877, ,AF
ORO,D,15,STORAGE,20220928 0000,20220929 0000,1237318, ,AF
ORO,D,15,STORAGE,20220929 0000,20220930 0000,1233768, ,AF
ORO,D,15,STORAGE,20220930 0000,20221001 0000,1230451, ,AF
ORO,D,15,STORAGE,20221001 0000,20221002 0000,1228869, ,AF
ORO,D,15,STORAGE,20221002 0000,20221003 0000,1228268, ,AF
ORO,D,15,STORAGE,20221003 0000,20221004 0000,1225787, ,AF
ORO,D,15,STORAGE,20221004 0000,20221005 0000,1222335, ,AF
ORO,D,15,STORAGE,20221005 0000,20221006 0000,1218591, ,AF
ORO,D,15,STORAGE,20221006 0000,20221007 0000,1214482, ,AF
ORO,D,15,STORAGE,20221007 0000,20221008 0000,1210457, ,AF
ORO,D,15,STORAGE,20221008 0000,20221009 0000,1206293, ,AF
ORO,D,15,STORAGE,20221009 0000,20221010 0000,1202140, ,AF
ORO,D,15,STORAGE,20221010 0000,20221011 0000,1198736, ,AF
ORO,D,15,STORAGE,20221011 0000,20221012 0000,1194748, ,AF
ORO,D,15,STORAGE,20221012 0000,20221013 0000,1190476, ,AF
ORO,D,15,STORAGE,20221013 0000,20221014 0000,1186728, ,AF
ORO,D,15,STORAGE,20221014 0000,20221015 0000,1182623, ,AF
ORO,D,15,STORAGE,20221015 0000,20221016 0000,1178163, ,AF
ORO,D,15,STORAGE,20221016 0000,20221017 0000,1174078, ,AF
ORO,D,15,STORAGE,20221017 0000,20221018 0000,1169714, ,AF
ORO,D,15,STORAGE,20221018 0000,20221019 0000,1164853, ,AF
ORO,D,15,STORAGE,20221019 0000,20221020 0000,1160513, ,AF
ORO,D,15,STORAGE,20221020 0000,20221021 0000,1156184, ,AF
ORO,D,15,STORAGE,20221021 0000,20221022 0000,1151651, ,AF
ORO,D,15,STORAGE,20221022 0000,20221023 0000,1146558, ,AF
ORO,D,15,STORAGE,20221023 0000,20221024 0000,1141266, ,AF
ORO,D,15,STORAGE,20221024 0000,20221025 0000,1136205, ,AF
ORO,D,15,STORAGE,20221025 0000,20221026 0000,1131302, ,AF
ORO,D,15,STORAGE,20221026 0000,20221027 0000,1126980, ,AF
ORO,D,15,STORAGE,20221027 0000,20221028 0000,1122599, ,AF
ORO,D,15,STORAGE,20221028 0000,20221029 0000,1117526, ,AF
ORO,D,15,STORAGE,20221029 0000,20221030 0000,1112610, ,AF
ORO,D,15,STORAGE,20221030 0000,20221031 0000,1107220, ,AF
ORO,D,15,STORAGE,20221031 0000,20221101 0000,1102824, ,AF
ORO,D,15,STORAGE,20221101 0000,20221102 0000,1098648, ,AF
ORO,D,15,STORAGE,20221102 0000,20221103 0000,1093305, ,AF
ORO,D,15,STORAGE,20221103 0000,20221104 0000,1087429, ,AF
ORO,D,15,STORAGE,20221104 0000,20221105 0000,1079376, ,AF
ORO,D,15,STORAGE,20221105 0000,20221106 0000,1072595, ,AF
ORO,D,15,STORAGE,20221106 0000,20221107 0000,1064688, ,AF
ORO,D,15,STORAGE,20221107 0000,20221108 0000,1058919, ,AF
ORO,D,15,STORAGE,20221108 0000,20221109 0000,1055604, ,AF
ORO,D,15,STORAGE,20221109 0000,20221110 0000,1049399, ,AF
ORO,D,15,STORAGE,20221110 0000,20221111 0000,1043487, ,AF
ORO,D,15,STORAGE,20221111 0000,20221112 0000,1038132, ,AF
ORO,D,15,STORAGE,20221112 0000,20221113 0000,1032531, ,AF
ORO,D,15,STORAGE,20221113 0000,20221114 0000,1027082, ,AF
ORO,D,15,STORAGE,20221114 0000,20221115 0000,1021653, ,AF
ORO,D,15,STORAGE,20221115 0000,20221116 0000,1015454, ,AF
ORO,D,15,STORAGE,20221116 0000,20221117 0000,1010985, ,AF
ORO,D,15,STORAGE,20221117 0000,20221118 0000,1006595, ,AF
ORO,D,15,STORAGE,20221118 0000,20221119 0000,1001762, ,AF
ORO,D,15,STORAGE,20221119 0000,20221120 0000,997399, ,AF
ORO,D,15,STORAGE,20221120 0000,20221121 0000,993179, ,AF
ORO,D,15,STORAGE,20221121 0000,20221122 0000,989617, ,AF
ORO,D,15,STORAGE,20221122 0000,20221123 0000,986322, ,AF
ORO,D,15,STORAGE,20221123 0000,20221124 0000,983292, ,AF
ORO,D,15,STORAGE,20221124 0000,20221125 0000,980719, ,AF
ORO,D,15,STORAGE,20221125 0000,20221126 0000,978664, ,AF
ORO,D,15,STORAGE,20221126 0000,20221127 0000,976226, ,AF
ORO,D,15,STORAGE,20221127 0000,20221128 0000,973793, ,AF
ORO,D,15,STORAGE,20221128 0000,20221129 0000,971620, ,AF
ORO,D,15,STORAGE,20221129 0000,20221130 0000,967792, ,AF
ORO,D,15,STORAGE,20221130 0000,20221201 0000,964420, ,AF
ORO,D,15,STORAGE,20221201 0000,20221202 0000,964992, ,AF
ORO,D,15,STORAGE,20221202 0000,20221203 0000,964865, ,AF
ORO,D,15,STORAGE,20221203 0000,20221204 0000,965946, ,AF
ORO,D,15,STORAGE,20221204 0000,20221205 0000,974753, ,AF
ORO,D,15,STORAGE,20221205 0000,20221206 0000,979370, ,AF
ORO,D,15,STORAGE,20221206 0000,20221207 0000,981876, ,AF
ORO,D,15,STORAGE,20221207 0000,20221207 0000,983500,e,AF
ORO,D,15,STORAGE,20221208 0000,20221209 0000,985097, ,AF
ORO,D,15,STORAGE,20221209 0000,20221210 0000,986387, ,AF
ORO,D,15,STORAGE,20221210 0000,20221211 0000,996619, ,AF
ORO,D,15,STORAGE,20221211 0000,20221212 0000,1011641, ,AF
ORO,D,15,STORAGE,20221212 0000,20221213 0000,1019672, ,AF
ORO,D,15,STORAGE,20221213 0000,20221214 0000,1024829, ,AF
ORO,D,15,STORAGE,20221214 0000,20221215 0000,1028144, ,AF
ORO,D,15,STORAGE,20221215 0000,20221216 0000,1030801, ,AF
ORO,D,15,STORAGE,20221216 0000,20221217 0000,1033130, ,AF
ORO,D,15,STORAGE,20221217 0000,20221218 0000,1034996, ,AF
ORO,D,15,STORAGE,20221218 0000,20221219 0000,1036597, ,AF
ORO,D,15,STORAGE,20221219 0000,20221220 0000,1038467, ,AF
ORO,D,15,STORAGE,20221220 0000,20221221 0000,1040406, ,AF
ORO,D,15,STORAGE,20221221 0000,20221222 0000,1042146, ,AF
ORO,D,15,STORAGE,20221222 0000,20221223 0000,1044560, ,AF
ORO,D,15,STORAGE,20221223 0000,20221224 0000,1047044, ,AF
ORO,D,15,STORAGE,20221224 0000,20221225 0000,1050476, ,AF
ORO,D,15,STORAGE,20221225 0000,20221226 0000,1054185, ,AF
ORO,D,15,STORAGE,20221226 0000,20221227 0000,1058784, ,AF
ORO,D,15,STORAGE,20221227 0000,20221228 0000,1092751, ,AF
ORO,D,15,STORAGE,20221228 0000,20221229 0000,1120554, ,AF
ORO,D,15,STORAGE,20221229 0000,20221230 0000,1137629, ,AF
ORO,D,15,STORAGE,20221230 0000,20221231 0000,1191800, ,AF
ORO,D,15,STORAGE,20221231 0000,20230101 0000,1273042, ,AF
ORO,D,15,STORAGE,20230101 0000,20230102 0000,1315524, ,AF
ORO,D,15,STORAGE,20230102 0000,20230103 0000,1343148, ,AF
ORO,D,15,STORAGE,20230103 0000,20230104 0000,1365415, ,AF
ORO,D,15,STORAGE,20230104 0000,20230105 0000,1386544, ,AF
ORO,D,15,STORAGE,20230105 0000,20230106 0000,1443537, ,AF
ORO,D,15,STORAGE,20230106 0000,20230107 0000,1486814, ,AF
ORO,D,15,STORAGE,20230107 0000,20230108 0000,1517044, ,AF
ORO,D,15,STORAGE,20230108 0000,20230109 0000,1550501, ,AF
ORO,D,15,STORAGE,20230109 0000,20230110 0000,1617868, ,AF
ORO,D,15,STORAGE,20230110 0000,20230111 0000,1679976, ,AF
ORO,D,15,STORAGE,20230111 0000,20230112 0000,1731413, ,AF
ORO,D,15,STORAGE,20230112 0000,20230113 0000,1790095, ,AF
ORO,D,15,STORAGE,20230113 0000,20230114 0000,1844647, ,AF
ORO,D,15,STORAGE,20230114 0000,20230115 0000,1916834, ,AF
ORO,D,15,STORAGE,20230115 0000,20230116 0000,1978743, ,AF
ORO,D,15,STORAGE,20230116 0000,20230117 0000,2026672, ,AF
ORO,D,15,STORAGE,20230117 0000,20230118 0000,2063404, ,AF
ORO,D,15,STORAGE,20230118 0000,20230119 0000,2093391, ,AF
ORO,D,15,STORAGE,20230119 0000,20230120 0000,2119057, ,AF
ORO,D,15,STORAGE,20230120 0000,20230121 0000,2139617, ,AF
ORO,D,15,STORAGE,20230121 0000,20230122 0000,2158531, ,AF
ORO,D,15,STORAGE,20230122 0000,20230123 0000,2175542, ,AF
ORO,D,15,STORAGE,20230123 0000,20230124 0000,2191069, ,AF
ORO,D,15,STORAGE,20230124 0000,20230125 0000,2205086, ,AF
ORO,D,15,STORAGE,20230125 0000,20230126 0000,2219508, ,AF
ORO,D,15,STORAGE,20230126 0000,20230127 0000,2233310, ,AF
ORO,D,15,STORAGE,20230127 0000,20230128 0000,2246369, ,AF
ORO,D,15,STORAGE,20230128 0000,20230129 0000,2260633, ,AF
ORO,D,15,STORAGE,20230129 0000,20230130 0000,2274614, ,AF
ORO,D,15,STORAGE,20230130 0000,20230131 0000,2287144, ,AF
ORO,D,15,STORAGE,20230131 0000,20230201 0000,2297971, ,AF
ORO,D,15,STORAGE,20230201 0000,20230202 0000,2309420, ,AF
ORO,D,15,STORAGE,20230202 0000,20230203 0000,2319382, ,AF
ORO,D,15,STORAGE,20230203 0000,20230204 0000,2327961, ,AF
ORO,D,15,STORAGE,20230204 0000,20230205 0000,2338805, ,AF
ORO,D,15,STORAGE,20230205 0000,20230206 0000,2352765, ,AF
ORO,D,15,STORAGE,20230206 0000,20230207 0000,2364284, ,AF
ORO,D,15,STORAGE,20230207 0000,20230208 0000,2374052, ,AF
ORO,D,15,STORAGE,20230208 0000,20230209 0000,2384206, ,AF
ORO,D,15,STORAGE,20230209 0000,20230210 0000,2394390, ,AF
ORO,D,15,STORAGE,20230210 0000,20230211 0000,2403764, ,AF
ORO,D,15,STORAGE,20230211 0000,20230212 0000,2414006, ,AF
ORO,D,15,STORAGE,20230212 0000,20230213 0000,2424158, ,AF
ORO,D,15,STORAGE,20230213 0000,20230214 0000,2433574, ,AF
ORO,D,15,STORAGE,20230214 0000,20230215 0000,2443544, ,AF
ORO,D,15,STORAGE,20230215 0000,20230216 0000,2452567, ,AF
ORO,D,15,STORAGE,20230216 0000,20230217 0000,2462102, ,AF
ORO,D,15,STORAGE,20230217 0000,20230218 0000,2471050, ,AF
ORO,D,15,STORAGE,20230218 0000,20230219 0000,2480144, ,AF
ORO,D,15,STORAGE,20230219 0000,20230220 0000,2489014, ,AF
ORO,D,15,STORAGE,20230220 0000,20230221 0000,2498278, ,AF
ORO,D,15,STORAGE,20230221 0000,20230222 0000,2507690, ,AF
ORO,D,15,STORAGE,20230222 0000,20230223 0000,2517624, ,AF
ORO,D,15,STORAGE,20230223 0000,20230224 0000,2527835, ,AF
ORO,D,15,STORAGE,20230224 0000,20230225 0000,2537825, ,AF
ORO,D,15,STORAGE,20230225 0000,20230226 0000,2543456, ,AF
ORO,D,15,STORAGE,20230226 0000,20230227 0000,2552862, ,AF
ORO,D,15,STORAGE,20230227 0000,20230228 0000,2564054, ,AF
ORO,D,15,STORAGE,20230228 0000,20230301 0000,2576038, ,AF
ORO,D,15,STORAGE,20230301 0000,20230302 0000,2586921, ,AF
ORO,D,15,STORAGE,20230302 0000,20230303 0000,2595802, ,AF
ORO,D,15,STORAGE,20230303 0000,20230304 0000,2604706, ,AF
ORO,D,15,STORAGE,20230304 0000,20230305 0000,2614014, ,AF
ORO,D,15,STORAGE,20230305 0000,20230306 0000,2625648, ,AF
ORO,D,15,STORAGE,20230306 0000,20230307 0000,2637961, ,AF
ORO,D,15,STORAGE,20230307 0000,20230308 0000,2647994, ,AF
ORO,D,15,STORAGE,20230308 0000,20230309 0000,2658184, ,AF
ORO,D,15,STORAGE,20230309 0000,20230310 0000,2663871, ,AF
ORO,D,15,STORAGE,20230310 0000,20230311 0000,2682810, ,AF
ORO,D,15,STORAGE,20230311 0000,20230312 0000,2682160, ,AF
ORO,D,15,STORAGE,20230312 0000,20230313 0000,2692044, ,AF
ORO,D,15,STORAGE,20230313 0000,20230314 0000,2735519, ,AF
ORO,D,15,STORAGE,20230314 0000,20230315 0000,2829869, ,AF
ORO,D,15,STORAGE,20230315 0000,20230316 0000,2917380, ,AF
ORO,D,15,STORAGE,20230316 0000,20230317 0000,2952661, ,AF
ORO,D,15,STORAGE,20230317 0000,20230318 0000,2956692, ,AF
ORO,D,15,STORAGE,20230318 0000,20230319 0000,2937267, ,AF
ORO,D,15,STORAGE,20230319 0000,20230320 0000,2916278, ,AF
ORO,D,15,STORAGE,20230320 0000,20230321 0000,2898136, ,AF
ORO,D,15,STORAGE,20230321 0000,20230322 0000,2890190, ,AF
ORO,D,15,STORAGE,20230322 0000,20230323 0000,2891011, ,AF
ORO,D,15,STORAGE,20230323 0000,20230324 0000,2894846, ,AF
ORO,D,15,STORAGE,20230324 0000,20230325 0000,2898959, ,AF
ORO,D,15,STORAGE,20230325 0000,20230326 0000,2901291, ,AF
ORO,D,15,STORAGE,20230326 0000,20230327 0000,2900605, ,AF
ORO,D,15,STORAGE,20230327 0000,20230328 0000,2898411, ,AF
ORO,D,15,STORAGE,20230328 0000,20230329 0000,2904450, ,AF
ORO,D,15,STORAGE,20230329 0000,20230330 0000,2903076, ,AF
ORO,D,15,STORAGE,20230330 0000,20230331 0000,2903900, ,AF
ORO,D,15,STORAGE,20230331 0000,20230401 0000,2908434, ,AF
ORO,D,15,STORAGE,20230401 0000,20230402 0000,2915727, ,AF
ORO,D,15,STORAGE,20230402 0000,20230403 0000,2922066, ,AF
ORO,D,15,STORAGE,20230403 0000,20230404 0000,2927311, ,AF
ORO,D,15,STORAGE,20230404 0000,20230405 0000,2931871, ,AF
ORO,D,15,STORAGE,20230405 0000,20230406 0000,2937267, ,AF
ORO,D,15,STORAGE,20230406 0000,20230407 0000,2943917, ,AF
ORO,D,15,STORAGE,20230407 0000,20230408 0000,2954051, ,AF
ORO,D,15,STORAGE,20230408 0000,20230409 0000,2966022, ,AF
ORO,D,15,STORAGE,20230409 0000,20230410 0000,2978445, ,AF
ORO,D,15,STORAGE,20230410 0000,20230411 0000,2997782, ,AF
ORO,D,15,STORAGE,20230411 0000,20230412 0000,3021300, ,AF
ORO,D,15,STORAGE,20230412 0000,20230413 0000,3049211, ,AF
ORO,D,15,STORAGE,20230413 0000,20230414 0000,3082600, ,AF
ORO,D,15,STORAGE,20230414 0000,20230415 0000,3107883, ,AF
ORO,D,15,STORAGE,20230415 0000,20230416 0000,3120146, ,AF
ORO,D,15,STORAGE,20230416 0000,20230417 0000,3127809, ,AF
ORO,D,15,STORAGE,20230417 0000,20230418 0000,3137082, ,AF
ORO,D,15,STORAGE,20230418 0000,20230419 0000,3144484, ,AF
ORO,D,15,STORAGE,20230419 0000,20230420 0000,3149426, ,AF
ORO,D,15,STORAGE,20230420 0000,20230421 0000,3151899, ,AF
ORO,D,15,STORAGE,20230421 0000,20230422 0000,3155975, ,AF
ORO,D,15,STORAGE,20230422 0000,20230423 0000,3161951, ,AF
ORO,D,15,STORAGE,20230423 0000,20230424 0000,3172902, ,AF
ORO,D,15,STORAGE,20230424 0000,20230425 0000,3185932, ,AF
ORO,D,15,STORAGE,20230425 0000,20230426 0000,3197678, ,AF
ORO,D,15,STORAGE,20230426 0000,20230427 0000,3203857, ,AF
ORO,D,15,STORAGE,20230427 0000,20230428 0000,3209454, ,AF
ORO,D,15,STORAGE,20230428 0000,20230429 0000,3215059, ,AF
ORO,D,15,STORAGE,20230429 0000,20230430 0000,3221852, ,AF
ORO,D,15,STORAGE,20230430 0000,20230501 0000,3229989, ,AF
ORO,D,15,STORAGE,20230501 0000,20230502 0000,3238863, ,AF
ORO,D,15,STORAGE,20230502 0000,20230503 0000,3247774, ,AF
ORO,D,15,STORAGE,20230503 0000,20230504 0000,3261025, ,AF
ORO,D,15,STORAGE,20230504 0000,20230505 0000,3276409, ,AF
ORO,D,15,STORAGE,20230505 0000,20230506 0000,3291844, ,AF
ORO,D,15,STORAGE,20230506 0000,20230507 0000,3309743, ,AF
ORO,D,15,STORAGE,20230507 0000,20230508 0000,3322116, ,AF
ORO,D,15,STORAGE,20230508 0000,20230509 0000,3334220, ,AF
ORO,D,15,STORAGE,20230509 0000,20230510 0000,3344533, ,AF
ORO,D,15,STORAGE,20230510 0000,20230511 0000,3355630, ,AF
ORO,D,15,STORAGE,20230511 0000,20230512 0000,3368279, ,AF
ORO,D,15,STORAGE,20230512 0000,20230513 0000,3381115, ,AF
ORO,D,15,STORAGE,20230513 0000,20230514 0000,3387240, ,AF
ORO,D,15,STORAGE,20230514 0000,20230515 0000,3388926, ,AF
ORO,D,15,STORAGE,20230515 0000,20230516 0000,3388006, ,AF
ORO,D,15,STORAGE,20230516 0000,20230517 0000,3387699, ,AF
ORO,D,15,STORAGE,20230517 0000,20230518 0000,3387087, ,AF
ORO,D,15,STORAGE,20230518 0000,20230519 0000,3384177, ,AF
ORO,D,15,STORAGE,20230519 0000,20230520 0000,3388465, ,AF
ORO,D,15,STORAGE,20230520 0000,20230521 0000,3393526, ,AF
ORO,D,15,STORAGE,20230521 0000,20230522 0000,3397209, ,AF
ORO,D,15,STORAGE,20230522 0000,20230523 0000,3401203, ,AF
ORO,D,15,STORAGE,20230523 0000,20230524 0000,3403047, ,AF
ORO,D,15,STORAGE,20230524 0000,20230525 0000,3401971, ,AF
ORO,D,15,STORAGE,20230525 0000,20230526 0000,3405354, ,AF
ORO,D,15,STORAGE,20230526 0000,20230527 0000,3409354, ,AF
ORO,D,15,STORAGE,20230527 0000,20230528 0000,3419370, ,AF
ORO,D,15,STORAGE,20230528 0000,20230529 0000,3431417, ,AF
ORO,D,15,STORAGE,20230529 0000,20230530 0000,3439156, ,AF
ORO,D,15,STORAGE,20230530 0000,20230531 0000,3443804, ,AF
ORO,D,15,STORAGE,20230531 0000,20230601 0000,3454358, ,AF
ORO,D,15,STORAGE,20230601 0000,20230602 0000,3469921, ,AF
ORO,D,15,STORAGE,20230602 0000,20230603 0000,3481470, ,AF
ORO,D,15,STORAGE,20230603 0000,20230604 0000,3493516, ,AF
ORO,D,15,STORAGE,20230604 0000,20230605 0000,3505905, ,AF
ORO,D,15,STORAGE,20230605 0000,20230606 0000,3516909, ,AF
ORO,D,15,STORAGE,20230606 0000,20230607 0000,3522106, ,AF
ORO,D,15,STORAGE,20230607 0000,20230608 0000,3522894, ,AF
ORO,D,15,STORAGE,20230608 0000,20230609 0000,3523524, ,AF
ORO,D,15,STORAGE,20230609 0000,20230610 0000,3525730, ,AF
ORO,D,15,STORAGE,20230610 0000,20230611 0000,3526519, ,AF
ORO,D,15,STORAGE,20230611 0000,20230612 0000,3525573, ,AF
ORO,D,15,STORAGE,20230612 0000,20230613 0000,3524311, ,AF
ORO,D,15,STORAGE,20230613 0000,20230614 0000,3520372, ,AF
ORO,D,15,STORAGE,20230614 0000,20230615 0000,3520372, ,AF
ORO,D,15,STORAGE,20230615 0000,20230616 0000,3520688, ,AF
ORO,D,15,STORAGE,20230616 0000,20230617 0000,3523051, ,AF
ORO,D,15,STORAGE,20230617 0000,20230618 0000,3527465, ,AF
ORO,D,15,STORAGE,20230618 0000,20230619 0000,3530778, ,AF
ORO,D,15,STORAGE,20230619 0000,20230620 0000,3533936, ,AF
ORO,D,15,STORAGE,20230620 0000,20230621 0000,3535673, ,AF
ORO,D,15,STORAGE,20230621 0000,20230622 0000,3534251, ,AF
ORO,D,15,STORAGE,20230622 0000,20230623 0000,3531567, ,AF
ORO,D,15,STORAGE,20230623 0000,20230624 0000,3529358, ,AF
ORO,D,15,STORAGE,20230624 0000,20230625 0000,3526676, ,AF
ORO,D,15,STORAGE,20230625 0000,20230626 0000,3523209, ,AF
ORO,D,15,STORAGE,20230626 0000,20230627 0000,3520688, ,AF
ORO,D,15,STORAGE,20230627 0000,20230628 0000,3518169, ,AF
ORO,D,15,STORAGE,20230628 0000,20230629 0000,3515493, ,AF
ORO,D,15,STORAGE,20230629 0000,20230630 0000,3513920, ,AF
ORO,D,15,STORAGE,20230630 0000,20230701 0000,3510932, ,AF
ORO,D,15,STORAGE,20230701 0000,20230702 0000,3506219, ,AF
ORO,D,15,STORAGE,20230702 0000,20230703 0000,3502452, ,AF
ORO,D,15,STORAGE,20230703 0000,20230704 0000,3497433, ,AF
ORO,D,15,STORAGE,20230704 0000,20230705 0000,3492576, ,AF
ORO,D,15,STORAGE,20230705 0000,20230706 0000,3489914, ,AF
ORO,D,15,STORAGE,20230706 0000,20230707 0000,3487724, ,AF
ORO,D,15,STORAGE,20230707 0000,20230708 0000,3485847, ,AF
ORO,D,15,STORAGE,20230708 0000,20230709 0000,3482564, ,AF
ORO,D,15,STORAGE,20230709 0000,20230710 0000,3478034, ,AF
ORO,D,15,STORAGE,20230710 0000,20230711 0000,3474287, ,AF
ORO,D,15,STORAGE,20230711 0000,20230712 0000,3467272, ,AF
ORO,D,15,STORAGE,20230712 0000,20230713 0000,3459799, ,AF
ORO,D,15,STORAGE,20230713 0000,20230714 0000,3451252, ,AF
ORO,D,15,STORAGE,20230714 0000,20230715 0000,3440549, ,AF
ORO,D,15,STORAGE,20230715 0000,20230716 0000,3431108, ,AF
ORO,D,15,STORAGE,20230716 0000,20230717 0000,3422147, ,AF
ORO,D,15,STORAGE,20230717 0000,20230718 0000,3411972, ,AF
ORO,D,15,STORAGE,20230718 0000,20230719 0000,3403662, ,AF
ORO,D,15,STORAGE,20230719 0000,20230720 0000,3393526, ,AF
ORO,D,15,STORAGE,20230720 0000,20230721 0000,3382493, ,AF
ORO,D,15,STORAGE,20230721 0000,20230722 0000,3369958, ,AF
ORO,D,15,STORAGE,20230722 0000,20230723 0000,3360503, ,AF
ORO,D,15,STORAGE,20230723 0000,20230724 0000,3350458, ,AF
ORO,D,15,STORAGE,20230724 0000,20230725 0000,3342560, ,AF
ORO,D,15,STORAGE,20230725 0000,20230726 0000,3328467, ,AF
ORO,D,15,STORAGE,20230726 0000,20230727 0000,3314416, ,AF
ORO,D,15,STORAGE,20230727 0000,20230728 0000,3299958, ,AF
ORO,D,15,STORAGE,20230728 0000,20230729 0000,3285844, ,AF
ORO,D,15,STORAGE,20230729 0000,20230730 0000,3268486, ,AF
ORO,D,15,STORAGE,20230730 0000,20230731 0000,3251195, ,AF
ORO,D,15,STORAGE,20230731 0000,20230801 0000,3236490, ,AF
ORO,D,15,STORAGE,20230801 0000,20230802 0000,3219192, ,AF
ORO,D,15,STORAGE,20230802 0000,20230803 0000,3201944, ,AF
ORO,D,15,STORAGE,20230803 0000,20230804 0000,3187986, ,AF
ORO,D,15,STORAGE,20230804 0000,20230805 0000,3173487, ,AF
ORO,D,15,STORAGE,20230805 0000,20230806 0000,3154665, ,AF
ORO,D,15,STORAGE,20230806 0000,20230807 0000,3139838, ,AF
ORO,D,15,STORAGE,20230807 0000,20230808 0000,3129402, ,AF
ORO,D,15,STORAGE,20230808 0000,20230809 0000,3118846, ,AF
ORO,D,15,STORAGE,20230809 0000,20230810 0000,3106587, ,AF
ORO,D,15,STORAGE,20230810 0000,20230811 0000,3093213, ,AF
ORO,D,15,STORAGE,20230811 0000,20230812 0000,3083746, ,AF
ORO,D,15,STORAGE,20230812 0000,20230813 0000,3073156, ,AF
ORO,D,15,STORAGE,20230813 0000,20230814 0000,3059172, ,AF
ORO,D,15,STORAGE,20230814 0000,20230815 0000,3047932, ,AF
ORO,D,15,STORAGE,20230815 0000,20230816 0000,3035870, ,AF
ORO,D,15,STORAGE,20230816 0000,20230817 0000,3025539, ,AF
ORO,D,15,STORAGE,20230817 0000,20230818 0000,3015938, ,AF
ORO,D,15,STORAGE,20230818 0000,20230819 0000,3008469, ,AF
ORO,D,15,STORAGE,20230819 0000,20230820 0000,2994974, ,AF
ORO,D,15,STORAGE,20230820 0000,20230821 0000,2981382, ,AF
ORO,D,15,STORAGE,20230821 0000,20230822 0000,2976349, ,AF
ORO,D,15,STORAGE,20230822 0000,20230823 0000,2967973, ,AF
ORO,D,15,STORAGE,20230823 0000,20230824 0000,2958919, ,AF
ORO,D,15,STORAGE,20230824 0000,20230825 0000,2949328, ,AF
ORO,D,15,STORAGE,20230825 0000,20230826 0000,2940867, ,AF
ORO,D,15,STORAGE,20230826 0000,20230827 0000,2929936, ,AF
ORO,D,15,STORAGE,20230827 0000,20230828 0000,2918069, ,AF
ORO,D,15,STORAGE,20230828 0000,20230829 0000,2907747, ,AF
ORO,D,15,STORAGE,20230829 0000,20230830 0000,2896354, ,AF
ORO,D,15,STORAGE,20230830 0000,20230831 0000,2885266, ,AF
ORO,D,15,STORAGE,20230831 0000,20230901 0000,2873390, ,AF
ORO,D,15,STORAGE,20230901 0000,20230902 0000,2861956, ,AF
ORO,D,15,STORAGE,20230902 0000,20230903 0000,2847844, ,AF
ORO,D,15,STORAGE,20230903 0000,20230904 0000,2836888, ,AF
ORO,D,15,STORAGE,20230904 0000,20230905 0000,2829600, ,AF
ORO,D,15,STORAGE,20230905 0000,20230906 0000,2820710, ,AF
ORO,D,15,STORAGE,20230906 0000,20230907 0000,2812108, ,AF
ORO,D,15,STORAGE,20230907 0000,20230908 0000,2803123, ,AF
ORO,D,15,STORAGE,20230908 0000,20230909 0000,2793757, ,AF
ORO,D,15,STORAGE,20230909 0000,20230910 0000,2783746, ,AF
ORO,D,15,STORAGE,20230910 0000,20230911 0000,2777885, ,AF
ORO,D,15,STORAGE,20230911 0000,20230912 0000,2777620, ,AF
ORO,D,15,STORAGE,20230912 0000,20230913 0000,2762873, ,AF
ORO,D,15,STORAGE,20230913 0000,20230914 0000,2756248, ,AF
ORO,D,15,STORAGE,20230914 0000,20230915 0000,2749238, ,AF
ORO,D,15,STORAGE,20230915 0000,20230916 0000,2741054, ,AF
ORO,D,15,STORAGE,20230916 0000,20230917 0000,2729466, ,AF
ORO,D,15,STORAGE,20230917 0000,20230917 0000,2721658,e,AF
ORO,D,15,STORAGE,20230918 0000,20230919 0000,2713852, ,AF
ORO,D,15,STORAGE,20230919 0000,20230920 0000,2706264, ,AF
ORO,D,15,STORAGE,20230920 0000,20230921 0000,2694650, ,AF
ORO,D,15,STORAGE,20230921 0000,20230922 0000,2686969, ,AF
ORO,D,15,STORAGE,20230922 0000,20230923 0000,2679175, ,AF
ORO,D,15,STORAGE,20230923 0000,20230924 0000,2664388, ,AF
ORO,D,15,STORAGE,20230924 0000,20230925 0000,2650958, ,AF
ORO,D,15,STORAGE,20230925 0000,20230926 0000,2645162, ,AF
ORO,D,15,STORAGE,20230926 0000,20230927 0000,2637832, ,AF
ORO,D,15,STORAGE,20230927 0000,20230928 0000,2619762, ,AF
ORO,D,15,STORAGE,20230928 0000,20230929 0000,2615546, ,AF
ORO,D,15,STORAGE,20230929 0000,20230930 0000,2608401, ,AF
ORO,D,15,STORAGE,20230930 0000,20231001 0000,2595422, ,AF
ORO,D,15,STORAGE,20231001 0000,20231002 0000,2587301, ,AF
ORO,D,15,STORAGE,20231002 0000,20231003 0000,2581728, ,AF
ORO,D,15,STORAGE,20231003 0000,20231004 0000,2577934, ,AF
ORO,D,15,STORAGE,20231004 0000,20231005 0000,2566699, ,AF
ORO,D,15,STORAGE,20231005 0000,20231006 0000,2562543, ,AF
ORO,D,15,STORAGE,20231006 0000,20231007 0000,2558893, ,AF
ORO,D,15,STORAGE,20231007 0000,20231008 0000,2548594, ,AF
ORO,D,15,STORAGE,20231008 0000,20231008 0000,2542459,e,AF
ORO,D,15,STORAGE,20231009 0000,20231010 0000,2536324, ,AF
ORO,D,15,STORAGE,20231010 0000,20231011 0000,2532577, ,AF
ORO,D,15,STORAGE,20231011 0000,20231012 0000,2522477, ,AF
ORO,D,15,STORAGE,20231012 0000,20231013 0000,2518868, ,AF
ORO,D,15,STORAGE,20231013 0000,20231014 0000,2514268, ,AF
ORO,D,15,STORAGE,20231014 0000,20231015 0000,2503724, ,AF
ORO,D,15,STORAGE,20231015 0000,20231016 0000,2495558, ,AF
ORO,D,15,STORAGE,20231016 0000,20231017 0000,2492223, ,AF
ORO,D,15,STORAGE,20231017 0000,20231018 0000,2488891, ,AF
ORO,D,15,STORAGE,20231018 0000,20231019 0000,2484946, ,AF
ORO,D,15,STORAGE,20231019 0000,20231020 0000,2481128, ,AF
ORO,D,15,STORAGE,20231020 0000,20231021 0000,2477315, ,AF
ORO,D,15,STORAGE,20231021 0000,20231022 0000,2473015, ,AF
ORO,D,15,STORAGE,20231022 0000,20231023 0000,2467003, ,AF
ORO,D,15,STORAGE,20231023 0000,20231024 0000,2463572, ,AF
ORO,D,15,STORAGE,20231024 0000,20231025 0000,2460022, ,AF
ORO,D,15,STORAGE,20231025 0000,20231026 0000,2455132, ,AF
ORO,D,15,STORAGE,20231026 0000,20231027 0000,2451102, ,AF
ORO,D,15,STORAGE,20231027 0000,20231028 0000,2446712, ,AF
ORO,D,15,STORAGE,20231028 0000,20231029 0000,2438678, ,AF
ORO,D,15,STORAGE,20231029 0000,20231030 0000,2431389, ,AF
ORO,D,15,STORAGE,20231030 0000,20231031 0000,2426540, ,AF
ORO,D,15,STORAGE,20231031 0000,20231101 0000,2421859, ,AF
ORO,D,15,STORAGE,20231101 0000,20231102 0000,2419561, ,AF
ORO,D,15,STORAGE,20231102 0000,20231103 0000,2417748, ,AF
ORO,D,15,STORAGE,20231103 0000,20231104 0000,2414126, ,AF
ORO,D,15,STORAGE,20231104 0000,20231105 0000,2408700, ,AF
ORO,D,15,STORAGE,20231105 0000,20231106 0000,2403282, ,AF
ORO,D,15,STORAGE,20231106 0000,20231107 0000,2400636, ,AF
ORO,D,15,STORAGE,20231107 0000,20231108 0000,2397752, ,AF
ORO,D,15,STORAGE,20231108 0000,20231109 0000,2391632, ,AF
ORO,D,15,STORAGE,20231109 0000,20231110 0000,2387677, ,AF
ORO,D,15,STORAGE,20231110 0000,20231111 0000,2383728, ,AF
ORO,D,15,STORAGE,20231111 0000,20231112 0000,2379424, ,AF
ORO,D,15,STORAGE,20231112 0000,20231113 0000,2370952, ,AF
ORO,D,15,STORAGE,20231113 0000,20231114 0000,2366187, ,AF
ORO,D,15,STORAGE,20231114 0000,20231115 0000,2362262, ,AF
ORO,D,15,STORAGE,20231115 0000,20231116 0000,2360598, ,AF
ORO,D,15,STORAGE,20231116 0000,20231117 0000,2356560, ,AF
ORO,D,15,STORAGE,20231117 0000,20231118 0000,2352291, ,AF
ORO,D,15,STORAGE,20231118 0000,20231119 0000,2352528, ,AF
ORO,D,15,STORAGE,20231119 0000,20231120 0000,2346842, ,AF
ORO,D,15,STORAGE,20231120 0000,20231121 0000,2345541, ,AF
ORO,D,15,STORAGE,20231121 0000,20231122 0000,2343649, ,AF
ORO,D,15,STORAGE,20231122 0000,20231123 0000,2342112, ,AF
ORO,D,15,STORAGE,20231123 0000,20231124 0000,2340931, ,AF
ORO,D,15,STORAGE,20231124 0000,20231125 0000,2340576, ,AF
ORO,D,15,STORAGE,20231125 0000,20231126 0000,2337860, ,AF
ORO,D,15,STORAGE,20231126 0000,20231127 0000,2335147, ,AF
ORO,D,15,STORAGE,20231127 0000,20231128 0000,2333496, ,AF
ORO,D,15,STORAGE,20231128 0000,20231129 0000,2333614, ,AF
ORO,D,15,STORAGE,20231129 0000,20231130 0000,2331611, ,AF
ORO,D,15,STORAGE,20231130 0000,20231201 0000,2330434, ,AF
ORO,D,15,STORAGE,20231201 0000,20231202 0000,2327961, ,AF
ORO,D,15,STORAGE,20231202 0000,20231203 0000,2325844, ,AF
ORO,D,15,STORAGE,20231203 0000,20231204 0000,2325844, ,AF
ORO,D,15,STORAGE,20231204 0000,20231205 0000,2325726, ,AF
ORO,D,15,STORAGE,20231205 0000,20231205 0000,2323845,e,AF
ORO,D,15,STORAGE,20231206 0000,20231206 0000,2324962,e,AF
ORO,D,15,STORAGE,20231207 0000,20231208 0000,2325138, ,AF
ORO,D,15,STORAGE,20231208 0000,20231209 0000,2325844, ,AF
ORO,D,15,STORAGE,20231209 0000,20231210 0000,2326314, ,AF
ORO,D,15,STORAGE,20231210 0000,20231211 0000,2325962, ,AF
ORO,D,15,STORAGE,20231211 0000,20231212 0000,2325608, ,AF
ORO,D,15,STORAGE,20231212 0000,20231213 0000,2325491, ,AF
ORO,D,15,STORAGE,20231213 0000,20231214 0000,2324551, ,AF
ORO,D,15,STORAGE,20231214 0000,20231215 0000,2324551, ,AF
ORO,D,15,STORAGE,20231215 0000,20231216 0000,2325138, ,AF
ORO,D,15,STORAGE,20231216 0000,20231217 0000,2324785, ,AF
ORO,D,15,STORAGE,20231217 0000,20231218 0000,2324080, ,AF
ORO,D,15,STORAGE,20231218 0000,20231219 0000,2325844, ,AF
ORO,D,15,STORAGE,20231219 0000,20231220 0000,2347080, ,AF
ORO,D,15,STORAGE,20231220 0000,20231221 0000,2362143, ,AF
ORO,D,15,STORAGE,20231221 0000,20231222 0000,2369402, ,AF
ORO,D,15,STORAGE,20231222 0000,20231223 0000,2373694, ,AF
ORO,D,15,STORAGE,20231223 0000,20231224 0000,2376796, ,AF
ORO,D,15,STORAGE,20231224 0000,20231225 0000,2380619, ,AF
ORO,D,15,STORAGE,20231225 0000,20231226 0000,2384326, ,AF
ORO,D,15,STORAGE,20231226 0000,20231227 0000,2387677, ,AF
ORO,D,15,STORAGE,20231227 0000,20231228 0000,2392352, ,AF
ORO,D,15,STORAGE,20231228 0000,20231229 0000,2396071, ,AF
ORO,D,15,STORAGE,20231229 0000,20231230 0000,2400877, ,AF
ORO,D,15,STORAGE,20231230 0000,20231231 0000,2405809, ,AF
ORO,D,15,STORAGE,20231231 0000,20240101 0000,2406532, ,AF
ORO,D,15,STORAGE,20240101 0000,20240102 0000,2406291, ,AF
ORO,D,15,STORAGE,20240102 0000,20240103 0000,2410990, ,AF
ORO,D,15,STORAGE,20240103 0000,20240104 0000,2417266, ,AF
ORO,D,15,STORAGE,20240104 0000,20240105 0000,2424762, ,AF
ORO,D,15,STORAGE,20240105 0000,20240106 0000,2431632, ,AF
ORO,D,15,STORAGE,20240106 0000,20240107 0000,2434667, ,AF
ORO,D,15,STORAGE,20240107 0000,20240108 0000,2435882, ,AF
ORO,D,15,STORAGE,20240108 0000,20240109 0000,2439407, ,AF
ORO,D,15,STORAGE,20240109 0000,20240110 0000,2443422, ,AF
ORO,D,15,STORAGE,20240110 0000,20240111 0000,2445128, ,AF
ORO,D,15,STORAGE,20240111 0000,20240112 0000,2447443, ,AF
ORO,D,15,STORAGE,20240112 0000,20240113 0000,2448297, ,AF
ORO,D,15,STORAGE,20240113 0000,20240114 0000,2452201, ,AF
ORO,D,15,STORAGE,20240114 0000,20240115 0000,2462837, ,AF
ORO,D,15,STORAGE,20240115 0000,20240116 0000,2469210, ,AF
ORO,D,15,STORAGE,20240116 0000,20240117 0000,2473874, ,AF
ORO,D,15,STORAGE,20240117 0000,20240118 0000,2481744, ,AF
ORO,D,15,STORAGE,20240118 0000,20240119 0000,2488891, ,AF
ORO,D,15,STORAGE,20240119 0000,20240120 0000,2492223, ,AF
ORO,D,15,STORAGE,20240120 0000,20240121 0000,2507690, ,AF
ORO,D,15,STORAGE,20240121 0000,20240122 0000,2538325, ,AF
ORO,D,15,STORAGE,20240122 0000,20240123 0000,2582868, ,AF
ORO,D,15,STORAGE,20240123 0000,20240124 0000,2606362, ,AF
ORO,D,15,STORAGE,20240124 0000,20240125 0000,2626032, ,AF
ORO,D,15,STORAGE,20240125 0000,20240126 0000,2647737, ,AF
ORO,D,15,STORAGE,20240126 0000,20240127 0000,2663742, ,AF
ORO,D,15,STORAGE,20240127 0000,20240128 0000,2678525, ,AF
ORO,D,15,STORAGE,20240128 0000,20240129 0000,2691133, ,AF
ORO,D,15,STORAGE,20240129 0000,20240129 0000,2704562, ,AF
ORO,D,15,STORAGE,20240130 0000,20240130 0000,2707699, ,AF
ORO,D,15,STORAGE,20240131 0000,20240201 0000,2704435, ,AF
ORO,D,15,STORAGE,20240201 0000,20240202 0000,2704304, ,AF
ORO,D,15,STORAGE,20240202 0000,20240203 0000,2701431, ,AF
ORO,D,15,STORAGE,20240203 0000,20240203 0000,2696210, ,AF
ORO,D,15,STORAGE,20240204 0000,20240204 0000,2698952,r,AF
ORO,D,15,STORAGE,20240205 0000,20240206 0000,2709532, ,AF
ORO,D,15,STORAGE,20240206 0000,20240207 0000,2718568, ,AF
ORO,D,15,STORAGE,20240207 0000,20240208 0000,2733281, ,AF
ORO,D,15,STORAGE,20240208 0000,20240209 0000,2747917, ,AF
ORO,D,15,STORAGE,20240209 0000,20240210 0000,2759162, ,AF
ORO,D,15,STORAGE,20240210 0000,20240211 0000,2769243, ,AF
ORO,D,15,STORAGE,20240211 0000,20240212 0000,2777752, ,AF
ORO,D,15,STORAGE,20240212 0000,20240213 0000,2784146, ,AF
ORO,D,15,STORAGE,20240213 0000,20240214 0000,2791887, ,AF
ORO,D,15,STORAGE,20240214 0000,20240215 0000,2801248, ,AF
ORO,D,15,STORAGE,20240215 0000,20240216 0000,2812242, ,AF
ORO,D,15,STORAGE,20240216 0000,20240217 0000,2817886, ,AF
ORO,D,15,STORAGE,20240217 0000,20240218 0000,2820710, ,AF
ORO,D,15,STORAGE,20240218 0000,20240219 0000,2830813, ,AF
ORO,D,15,STORAGE,20240219 0000,20240220 0000,2865492, ,AF
ORO,D,15,STORAGE,20240220 0000,20240221 0000,2912010, ,AF
ORO,D,15,STORAGE,20240221 0000,20240222 0000,2941976, ,AF
ORO,D,15,STORAGE,20240222 0000,20240222 0000,2956090,e,AF
ORO,D,15,STORAGE,20240223 0000,20240224 0000,2970205, ,AF
ORO,D,15,STORAGE,20240224 0000,20240225 0000,2977327, ,AF
ORO,D,15,STORAGE,20240225 0000,20240226 0000,2973415, ,AF
ORO,D,15,STORAGE,20240226 0000,20240227 0000,2976069, ,AF
ORO,D,15,STORAGE,20240227 0000,20240228 0000,2966022, ,AF
ORO,D,15,STORAGE,20240228 0000,20240229 0000,2962120, ,AF
ORO,D,15,STORAGE,20240229 0000,20240301 0000,2947800, ,AF
ORO,D,15,STORAGE,20240301 0000,20240302 0000,2957388, ,AF
ORO,D,15,STORAGE,20240302 0000,20240303 0000,2970205, ,AF
ORO,D,15,STORAGE,20240303 0000,20240304 0000,2969228, ,AF
ORO,D,15,STORAGE,20240304 0000,20240305 0000,2963931, ,AF
ORO,D,15,STORAGE,20240305 0000,20240306 0000,2958362, ,AF
ORO,D,15,STORAGE,20240306 0000,20240307 0000,2964488, ,AF
ORO,D,15,STORAGE,20240307 0000,20240308 0000,2969089, ,AF
ORO,D,15,STORAGE,20240308 0000,20240309 0000,2976489, ,AF
ORO,D,15,STORAGE,20240309 0000,20240310 0000,2979424, ,AF
ORO,D,15,STORAGE,20240310 0000,20240311 0000,2979844, ,AF
ORO,D,15,STORAGE,20240311 0000,20240312 0000,2987262, ,AF
ORO,D,15,STORAGE,20240312 0000,20240313 0000,2987262, ,AF
ORO,D,15,STORAGE,20240313 0000,20240314 0000,2997641, ,AF
ORO,D,15,STORAGE,20240314 0000,20240315 0000,2994132, ,AF
ORO,D,15,STORAGE,20240315 0000,20240316 0000,2999467, ,AF
ORO,D,15,STORAGE,20240316 0000,20240317 0000,3003825, ,AF
ORO,D,15,STORAGE,20240317 0000,20240318 0000,3006357, ,AF
ORO,D,15,STORAGE,20240318 0000,20240319 0000,3012272, ,AF
ORO,D,15,STORAGE,20240319 0000,20240320 0000,3017348, ,AF
ORO,D,15,STORAGE,20240320 0000,20240321 0000,3023560, ,AF
ORO,D,15,STORAGE,20240321 0000,20240322 0000,3030348, ,AF
ORO,D,15,STORAGE,20240322 0000,20240323 0000,3037855, ,AF
ORO,D,15,STORAGE,20240323 0000,20240324 0000,3051628, ,AF
ORO,D,15,STORAGE,20240324 0000,20240325 0000,3060882, ,AF
ORO,D,15,STORAGE,20240325 0000,20240326 0000,3068014, ,AF
ORO,D,15,STORAGE,20240326 0000,20240327 0000,3072299, ,AF
ORO,D,15,STORAGE,20240327 0000,20240328 0000,3073300, ,AF
ORO,D,15,STORAGE,20240328 0000,20240329 0000,3085036, ,AF
ORO,D,15,STORAGE,20240329 0000,20240330 0000,3093213, ,AF
ORO,D,15,STORAGE,20240330 0000,20240331 0000,3100398, ,AF
ORO,D,15,STORAGE,20240331 0000,20240401 0000,3109468, ,AF
ORO,D,15,STORAGE,20240401 0000,20240402 0000,3114948, ,AF
ORO,D,15,STORAGE,20240402 0000,20240403 0000,3119857, ,AF
ORO,D,15,STORAGE,20240403 0000,20240404 0000,3122170, ,AF
ORO,D,15,STORAGE,20240404 0000,20240405 0000,3130705, ,AF
ORO,D,15,STORAGE,20240405 0000,20240406 0000,3137517, ,AF
ORO,D,15,STORAGE,20240406 0000,20240407 0000,3140999, ,AF
ORO,D,15,STORAGE,20240407 0000,20240408 0000,3145210, ,AF
ORO,D,15,STORAGE,20240408 0000,20240409 0000,3145065, ,AF
ORO,D,15,STORAGE,20240409 0000,20240410 0000,3147681, ,AF
ORO,D,15,STORAGE,20240410 0000,20240411 0000,3156267, ,AF
ORO,D,15,STORAGE,20240411 0000,20240412 0000,3163702, ,AF
ORO,D,15,STORAGE,20240412 0000,20240413 0000,3173634, ,AF
ORO,D,15,STORAGE,20240413 0000,20240414 0000,3188574, ,AF
ORO,D,15,STORAGE,20240414 0000,20240415 0000,3197972, ,AF
ORO,D,15,STORAGE,20240415 0000,20240416 0000,3208423, ,AF
ORO,D,15,STORAGE,20240416 0000,20240417 0000,3220374, ,AF
ORO,D,15,STORAGE,20240417 0000,20240418 0000,3232339, ,AF
ORO,D,15,STORAGE,20240418 0000,20240419 0000,3247031, ,AF
ORO,D,15,STORAGE,20240419 0000,20240420 0000,3263859, ,AF
ORO,D,15,STORAGE,20240420 0000,20240421 0000,3283746, ,AF
ORO,D,15,STORAGE,20240421 0000,20240422 0000,3302063, ,AF
ORO,D,15,STORAGE,20240422 0000,20240423 0000,3323628, ,AF
ORO,D,15,STORAGE,20240423 0000,20240424 0000,3342864, ,AF
ORO,D,15,STORAGE,20240424 0000,20240425 0000,3358371, ,AF
ORO,D,15,STORAGE,20240425 0000,20240426 0000,3373624, ,AF
ORO,D,15,STORAGE,20240426 0000,20240427 0000,3391378, ,AF
ORO,D,15,STORAGE,20240427 0000,20240428 0000,3410740, ,AF
ORO,D,15,STORAGE,20240428 0000,20240429 0000,3428943, ,AF
ORO,D,15,STORAGE,20240429 0000,20240430 0000,3444579, ,AF
ORO,D,15,STORAGE,20240430 0000,20240501 0000,3460888, ,AF
ORO,D,15,STORAGE,20240501 0000,20240502 0000,3477408, ,AF
ORO,D,15,STORAGE,20240502 0000,20240503 0000,3490227, ,AF
ORO,D,15,STORAGE,20240503 0000,20240504 0000,3502452, ,AF
ORO,D,15,STORAGE,20240504 0000,20240505 0000,3516437, ,AF
ORO,D,15,STORAGE,20240505 0000,20240506 0000,3521948, ,AF
ORO,D,15,STORAGE,20240506 0000,20240507 0000,3523997, ,AF
ORO,D,15,STORAGE,20240507 0000,20240508 0000,3525100, ,AF
ORO,D,15,STORAGE,20240508 0000,20240509 0000,3523051, ,AF
ORO,D,15,STORAGE,20240509 0000,20240510 0000,3520058, ,AF
ORO,D,15,STORAGE,20240510 0000,20240511 0000,3519743, ,AF
ORO,D,15,STORAGE,20240511 0000,20240512 0000,3516280, ,AF
ORO,D,15,STORAGE,20240512 0000,20240513 0000,3512348, ,AF
ORO,D,15,STORAGE,20240513 0000,20240514 0000,3517854, ,AF
ORO,D,15,STORAGE,20240514 0000,20240515 0000,3520846, ,AF
ORO,D,15,STORAGE,20240515 0000,20240516 0000,3514235, ,AF
ORO,D,15,STORAGE,20240516 0000,20240517 0000,3520058, ,AF
ORO,D,15,STORAGE,20240517 0000,20240518 0000,3525100, ,AF
ORO,D,15,STORAGE,20240518 0000,20240519 0000,3527623, ,AF
ORO,D,15,STORAGE,20240519 0000,20240520 0000,3527307, ,AF
ORO,D,15,STORAGE,20240520 0000,20240521 0000,3527307, ,AF
ORO,D,15,STORAGE,20240521 0000,20240522 0000,3523839, ,AF
ORO,D,15,STORAGE,20240522 0000,20240523 0000,3515493, ,AF
ORO,D,15,STORAGE,20240523 0000,20240524 0000,3515493, ,AF
ORO,D,15,STORAGE,20240524 0000,20240525 0000,3517381, ,AF
ORO,D,15,STORAGE,20240525 0000,20240526 0000,3517696, ,AF
ORO,D,15,STORAGE,20240526 0000,20240527 0000,3518169, ,AF
ORO,D,15,STORAGE,20240527 0000,20240528 0000,3518011, ,AF
ORO,D,15,STORAGE,20240528 0000,20240529 0000,3523051, ,AF
ORO,D,15,STORAGE,20240529 0000,20240530 0000,3527623, ,AF
ORO,D,15,STORAGE,20240530 0000,20240531 0000,3530304, ,AF
ORO,D,15,STORAGE,20240531 0000,20240601 0000,3531567, ,AF
ORO,D,15,STORAGE,20240601 0000,20240602 0000,3532041, ,AF
ORO,D,15,STORAGE,20240602 0000,20240603 0000,3530304, ,AF
ORO,D,15,STORAGE,20240603 0000,20240604 0000,3530148, ,AF
ORO,D,15,STORAGE,20240604 0000,20240605 0000,3532198, ,AF
ORO,D,15,STORAGE,20240605 0000,20240606 0000,3531725, ,AF
ORO,D,15,STORAGE,20240606 0000,20240607 0000,3531251, ,AF
ORO,D,15,STORAGE,20240607 0000,20240608 0000,3529043, ,AF
ORO,D,15,STORAGE,20240608 0000,20240609 0000,3526992, ,AF
ORO,D,15,STORAGE,20240609 0000,20240610 0000,3523681, ,AF
ORO,D,15,STORAGE,20240610 0000,20240611 0000,3521475, ,AF
ORO,D,15,STORAGE,20240611 0000,20240612 0000,3518798, ,AF
ORO,D,15,STORAGE,20240612 0000,20240613 0000,3514392, ,AF
ORO,D,15,STORAGE,20240613 0000,20240614 0000,3510932, ,AF
ORO,D,15,STORAGE,20240614 0000,20240615 0000,3506219, ,AF
ORO,D,15,STORAGE,20240615 0000,20240616 0000,3501981, ,AF
ORO,D,15,STORAGE,20240616 0000,20240617 0000,3488662, ,AF
ORO,D,15,STORAGE,20240617 0000,20240618 0000,3482407, ,AF
ORO,D,15,STORAGE,20240618 0000,20240619 0000,3477565, ,AF
ORO,D,15,STORAGE,20240619 0000,20240620 0000,3468518, ,AF
ORO,D,15,STORAGE,20240620 0000,20240621 0000,3465403, ,AF
ORO,D,15,STORAGE,20240621 0000,20240622 0000,3459489, ,AF
ORO,D,15,STORAGE,20240622 0000,20240623 0000,3453737, ,AF
ORO,D,15,STORAGE,20240623 0000,20240624 0000,3437297, ,AF
ORO,D,15,STORAGE,20240624 0000,20240625 0000,3431726, ,AF
ORO,D,15,STORAGE,20240625 0000,20240626 0000,3419370, ,AF
ORO,D,15,STORAGE,20240626 0000,20240627 0000,3412279, ,AF
ORO,D,15,STORAGE,20240627 0000,20240628 0000,3405046, ,AF
ORO,D,15,STORAGE,20240628 0000,20240629 0000,3389692, ,AF
ORO,D,15,STORAGE,20240629 0000,20240630 0000,3381115, ,AF
ORO,D,15,STORAGE,20240630 0000,20240701 0000,3361421, ,AF
ORO,D,15,STORAGE,20240701 0000,20240702 0000,3352893, ,AF
ORO,D,15,STORAGE,20240702 0000,20240703 0000,3229790, ,AF
ORO,D,15,STORAGE,20240703 0000,20240704 0000,3219977, ,AF
ORO,D,15,STORAGE,20240704 0000,20240705 0000,3198790, ,AF
ORO,D,15,STORAGE,20240705 0000,20240706 0000,3182557, ,AF
ORO,D,15,STORAGE,20240706 0000,20240707 0000,3167406, ,AF
ORO,D,15,STORAGE,20240707 0000,20240708 0000,3149963, ,AF
ORO,D,15,STORAGE,20240708 0000,20240709 0000,3139004, ,AF
ORO,D,15,STORAGE,20240709 0000,20240710 0000,3116289, ,AF
ORO,D,15,STORAGE,20240710 0000,20240711 0000,3105994, ,AF
ORO,D,15,STORAGE,20240711 0000,20240712 0000,3083588, ,AF
ORO,D,15,STORAGE,20240712 0000,20240713 0000,3072928, ,AF
ORO,D,15,STORAGE,20240713 0000,20240714 0000,3048680, ,AF
ORO,D,15,STORAGE,20240714 0000,20240715 0000,3032679, ,AF
ORO,D,15,STORAGE,20240715 0000,20240716 0000,3023988, ,AF
ORO,D,15,STORAGE,20240716 0000,20240717 0000,3003534, ,AF
ORO,D,15,STORAGE,20240717 0000,20240718 0000,2995181, ,AF
ORO,D,15,STORAGE,20240718 0000,20240719 0000,2971896, ,AF
ORO,D,15,STORAGE,20240719 0000,20240720 0000,2962903, ,AF
ORO,D,15,STORAGE,20240720 0000,20240721 0000,2942724, ,AF
ORO,D,15,STORAGE,20240721 0000,20240722 0000,2921812, ,AF
ORO,D,15,STORAGE,20240722 0000,20240723 0000,2913196, ,AF
ORO,D,15,STORAGE,20240723 0000,20240724 0000,2890490, ,AF
ORO,D,15,STORAGE,20240724 0000,20240725 0000,2880425, ,AF
ORO,D,15,STORAGE,20240725 0000,20240726 0000,2855428, ,AF
ORO,D,15,STORAGE,20240726 0000,20240727 0000,2845712, ,AF
ORO,D,15,STORAGE,20240727 0000,20240728 0000,2820644, ,AF
ORO,D,15,STORAGE,20240728 0000,20240729 0000,2801945, ,AF
ORO,D,15,STORAGE,20240729 0000,20240730 0000,2792620, ,AF
ORO,D,15,STORAGE,20240730 0000,20240731 0000,2768269, ,AF
ORO,D,15,STORAGE,20240731 0000,20240801 0000,2759697, ,AF
ORO,D,15,STORAGE,20240801 0000,20240802 0000,2737272, ,AF
ORO,D,15,STORAGE,20240802 0000,20240803 0000,2729030, ,AF
ORO,D,15,STORAGE,20240803 0000,20240804 0000,2708374, ,AF
ORO,D,15,STORAGE,20240804 0000,20240805 0000,2691508, ,AF
ORO,D,15,STORAGE,20240805 0000,20240806 0000,2681529, ,AF
ORO,D,15,STORAGE,20240806 0000,20240807 0000,2664258, ,AF
ORO,D,15,STORAGE,20240807 0000,20240808 0000,2648102, ,AF
ORO,D,15,STORAGE,20240808 0000,20240809 0000,2635648, ,AF
ORO,D,15,STORAGE,20240809 0000,20240810 0000,2625822, ,AF
ORO,D,15,STORAGE,20240810 0000,20240811 0000,2607269, ,AF
ORO,D,15,STORAGE,20240811 0000,20240812 0000,2590352, ,AF
ORO,D,15,STORAGE,20240812 0000,20240813 0000,2581280, ,AF
ORO,D,15,STORAGE,20240813 0000,20240814 0000,2559784, ,AF
ORO,D,15,STORAGE,20240814 0000,20240815 0000,2549908, ,AF
ORO,D,15,STORAGE,20240815 0000,20240816 0000,2522941, ,AF
ORO,D,15,STORAGE,20240816 0000,20240817 0000,2513792, ,AF
ORO,D,15,STORAGE,20240817 0000,20240818 0000,2491206, ,AF
ORO,D,15,STORAGE,20240818 0000,20240819 0000,2477919, ,AF
ORO,D,15,STORAGE,20240819 0000,20240820 0000,2471476, ,AF
ORO,D,15,STORAGE,20240820 0000,20240821 0000,2449391, ,AF
ORO,D,15,STORAGE,20240821 0000,20240822 0000,2442139, ,AF
ORO,D,15,STORAGE,20240822 0000,20240823 0000,2420474, ,AF
ORO,D,15,STORAGE,20240823 0000,20240824 0000,2412678, ,AF
ORO,D,15,STORAGE,20240824 0000,20240825 0000,2396157, ,AF
ORO,D,15,STORAGE,20240825 0000,20240826 0000,2378634, ,AF
ORO,D,15,STORAGE,20240826 0000,20240827 0000,2373328, ,AF
ORO,D,15,STORAGE,20240827 0000,20240828 0000,2355432, ,AF
ORO,D,15,STORAGE,20240828 0000,20240829 0000,2349202, ,AF
ORO,D,15,STORAGE,20240829 0000,20240830 0000,2329646, ,AF
ORO,D,15,STORAGE,20240830 0000,20240831 0000,2323821, ,AF
ORO,D,15,STORAGE,20240831 0000,20240901 0000,2308309, ,AF
ORO,D,15,STORAGE,20240901 0000,20240902 0000,2292980, ,AF
ORO,D,15,STORAGE,20240902 0000,20240903 0000,2277368, ,AF
ORO,D,15,STORAGE,20240903 0000,20240904 0000,2271643, ,AF
ORO,D,15,STORAGE,20240904 0000,20240905 0000,2252068, ,AF
ORO,D,15,STORAGE,20240905 0000,20240906 0000,2243714, ,AF
ORO,D,15,STORAGE,20240906 0000,20240907 0000,2233768, ,AF
ORO,D,15,STORAGE,20240907 0000,20240908 0000,2213282, ,AF
ORO,D,15,STORAGE,20240908 0000,20240909 0000,2197944, ,AF
ORO,D,15,STORAGE,20240909 0000,20240910 0000,2190646, ,AF
ORO,D,15,STORAGE,20240910 0000,20240911 0000,2168165, ,AF
ORO,D,15,STORAGE,20240911 0000,20240912 0000,2160030, ,AF
ORO,D,15,STORAGE,20240912 0000,20240913 0000,2139341, ,AF
ORO,D,15,STORAGE,20240913 0000,20240914 0000,2131062, ,AF
ORO,D,15,STORAGE,20240914 0000,20240915 0000,2111343, ,AF
ORO,D,15,STORAGE,20240915 0000,20240916 0000,2093299, ,AF
ORO,D,15,STORAGE,20240916 0000,20240917 0000,2086796, ,AF
ORO,D,15,STORAGE,20240917 0000,20240918 0000,2065177, ,AF
ORO,D,15,STORAGE,20240918 0000,20240919 0000,2059386, ,AF
ORO,D,15,STORAGE,20240919 0000,20240920 0000,2039691, ,AF
ORO,D,15,STORAGE,20240920 0000,20240921 0000,2032872, ,AF
ORO,D,15,STORAGE,20240921 0000,20240922 0000,2013585, ,AF
ORO,D,15,STORAGE,20240922 0000,20240923 0000,1994848, ,AF
ORO,D,15,STORAGE,20240923 0000,20240924 0000,1986956, ,AF
ORO,D,15,STORAGE,20240924 0000,20240925 0000,1966906, ,AF
ORO,D,15,STORAGE,20240925 0000,20240926 0000,1958992, ,AF
ORO,D,15,STORAGE,20240926 0000,20240927 0000,1937888, ,AF
ORO,D,15,STORAGE,20240927 0000,20240928 0000,1931097, ,AF
ORO,D,15,STORAGE,20240928 0000,20240929 0000,1912059, ,AF
ORO,D,15,STORAGE,20240929 0000,20240930 0000,1895935, ,AF
ORO,D,15,STORAGE,20240930 0000,20241001 0000,1888115, ,AF
ORO,D,15,STORAGE,20241001 0000,20241002 0000,1868051, ,AF
ORO,D,15,STORAGE,20241002 0000,20241003 0000,1864584, ,AF
ORO,D,15,STORAGE,20241003 0000,20241004 0000,1860207, ,AF
ORO,D,15,STORAGE,20241004 0000,20241005 0000,1859598, ,AF
ORO,D,15,STORAGE,20241005 0000,20241006 0000,1849044, ,AF
ORO,D,15,STORAGE,20241006 0000,20241007 0000,1839340, ,AF
ORO,D,15,STORAGE,20241007 0000,20241008 0000,1834403, ,AF
ORO,D,15,STORAGE,20241008 0000,20241009 0000,1822351, ,AF
ORO,D,15,STORAGE,20241009 0000,20241010 0000,1817950, ,AF
ORO,D,15,STORAGE,20241010 0000,20241011 0000,1806971, ,AF
ORO,D,15,STORAGE,20241011 0000,20241012 0000,1803086, ,AF
ORO,D,15,STORAGE,20241012 0000,20241013 0000,1793850, ,AF
ORO,D,15,STORAGE,20241013 0000,20241014 0000,1791469, ,AF
ORO,D,15,STORAGE,20241014 0000,20241015 0000,1789887, ,AF
ORO,D,15,STORAGE,20241015 0000,20241016 0000,1785139, ,AF
ORO,D,15,STORAGE,20241016 0000,20241017 0000,1781974, ,AF
ORO,D,15,STORAGE,20241017 0000,20241018 0000,1778131, ,AF
ORO,D,15,STORAGE,20241018 0000,20241019 0000,1774388, ,AF
ORO,D,15,STORAGE,20241019 0000,20241020 0000,1769767, ,AF
ORO,D,15,STORAGE,20241020 0000,20241021 0000,1764665, ,AF
ORO,D,15,STORAGE,20241021 0000,20241022 0000,1760942, ,AF
ORO,D,15,STORAGE,20241022 0000,20241023 0000,1755959, ,AF
ORO,D,15,STORAGE,20241023 0000,20241024 0000,1751565, ,AF
ORO,D,15,STORAGE,20241024 0000,20241025 0000,1745042, ,AF
ORO,D,15,STORAGE,20241025 0000,20241026 0000,1741542, ,AF
ORO,D,15,STORAGE,20241026 0000,20241027 0000,1735430, ,AF
ORO,D,15,STORAGE,20241027 0000,20241028 0000,1728751, ,AF
ORO,D,15,STORAGE,20241028 0000,20241029 0000,1728558, ,AF
ORO,D,15,STORAGE,20241029 0000,20241030 0000,1730974, ,AF
ORO,D,15,STORAGE,20241030 0000,20241031 0000,1732521, ,AF
ORO,D,15,STORAGE,20241031 0000,20241101 0000,1729331, ,AF
ORO,D,15,STORAGE,20241101 0000,20241102 0000,1724014, ,AF
ORO,D,15,STORAGE,20241102 0000,20241103 0000,1714191, ,AF
ORO,D,15,STORAGE,20241103 0000,20241104 0000,1703931, ,AF
ORO,D,15,STORAGE,20241104 0000,20241105 0000,1700207, ,AF
ORO,D,15,STORAGE,20241105 0000,20241106 0000,1697247, ,AF
ORO,D,15,STORAGE,20241106 0000,20241107 0000,1692005, ,AF
ORO,D,15,STORAGE,20241107 0000,20241108 0000,1685157, ,AF
ORO,D,15,STORAGE,20241108 0000,20241109 0000,1681840, ,AF
ORO,D,15,STORAGE,20241109 0000,20241110 0000,1676818, ,AF
ORO,D,15,STORAGE,20241110 0000,20241111 0000,1676818, ,AF
ORO,D,15,STORAGE,20241111 0000,20241112 0000,1676818, ,AF
ORO,D,15,STORAGE,20241112 0000,20241113 0000,1663051, ,AF
ORO,D,15,STORAGE,20241113 0000,20241114 0000,1660607, ,AF
ORO,D,15,STORAGE,20241114 0000,20241115 0000,1654039, ,AF
ORO,D,15,STORAGE,20241115 0000,20241116 0000,1652916, ,AF
ORO,D,15,STORAGE,20241116 0000,20241117 0000,1649639, ,AF
ORO,D,15,STORAGE,20241117 0000,20241118 0000,1645714, ,AF
ORO,D,15,STORAGE,20241118 0000,20241119 0000,1643942, ,AF
ORO,D,15,STORAGE,20241119 0000,20241120 0000,1642077, ,AF
ORO,D,15,STORAGE,20241120 0000,20241121 0000,1647113, ,AF
ORO,D,15,STORAGE,20241121 0000,20241122 0000,1676439, ,AF
ORO,D,15,STORAGE,20241122 0000,20241123 0000,1753125, ,AF
ORO,D,15,STORAGE,20241123 0000,20241124 0000,1817950, ,AF
ORO,D,15,STORAGE,20241124 0000,20241125 0000,1843074, ,AF
ORO,D,15,STORAGE,20241125 0000,20241126 0000,1859801, ,AF
ORO,D,15,STORAGE,20241126 0000,20241127 0000,1873766, ,AF
ORO,D,15,STORAGE,20241127 0000,20241128 0000,1883595, ,AF
ORO,D,15,STORAGE,20241128 0000,20241129 0000,1892018, ,AF
ORO,D,15,STORAGE,20241129 0000,20241130 0000,1897276, ,AF
ORO,D,15,STORAGE,20241130 0000,20241201 0000,1901608, ,AF
ORO,D,15,STORAGE,20241201 0000,20241202 0000,1906469, ,AF
ORO,D,15,STORAGE,20241202 0000,20241203 0000,1916731, ,AF
ORO,D,15,STORAGE,20241203 0000,20241204 0000,1920264, ,AF
ORO,D,15,STORAGE,20241204 0000,20241205 0000,1923693, ,AF
ORO,D,15,STORAGE,20241205 0000,20241206 0000,1922654, ,AF
ORO,D,15,STORAGE,20241206 0000,20241207 0000,1924944, ,AF
ORO,D,15,STORAGE,20241207 0000,20241208 0000,1928490, ,AF
ORO,D,15,STORAGE,20241208 0000,20241209 0000,1930158, ,AF
ORO,D,15,STORAGE,20241209 0000,20241210 0000,1930784, ,AF
ORO,D,15,STORAGE,20241210 0000,20241211 0000,1932452, ,AF
ORO,D,15,STORAGE,20241211 0000,20241212 0000,1932244, ,AF
ORO,D,15,STORAGE,20241212 0000,20241213 0000,1938202, ,AF
ORO,D,15,STORAGE,20241213 0000,20241214 0000,1944063, ,AF
ORO,D,15,STORAGE,20241214 0000,20241215 0000,1959941, ,AF
ORO,D,15,STORAGE,20241215 0000,20241216 0000,1972517, ,AF
ORO,D,15,STORAGE,20241216 0000,20241217 0000,1982599, ,AF
ORO,D,15,STORAGE,20241217 0000,20241218 0000,1990795, ,AF
ORO,D,15,STORAGE,20241218 0000,20241219 0000,1998156, ,AF
ORO,D,15,STORAGE,20241219 0000,20241220 0000,2003721, ,AF
ORO,D,15,STORAGE,20241220 0000,20241221 0000,2008215, ,AF
ORO,D,15,STORAGE,20241221 0000,20241222 0000,2014981, ,AF
ORO,D,15,STORAGE,20241222 0000,20241223 0000,2022511, ,AF
ORO,D,15,STORAGE,20241223 0000,20241224 0000,2032006, ,AF
ORO,D,15,STORAGE,20241224 0000,20241225 0000,2057314, ,AF
ORO,D,15,STORAGE,20241225 0000,20241226 0000,2079868, ,AF
ORO,D,15,STORAGE,20241226 0000,20241227 0000,2099708, ,AF
ORO,D,15,STORAGE,20241227 0000,20241228 0000,2146412, ,AF
ORO,D,15,STORAGE,20241228 0000,20241229 0000,2186088, ,AF
ORO,D,15,STORAGE,20241229 0000,20241230 0000,2242786, ,AF
ORO,D,15,STORAGE,20241230 0000,20241231 0000,2287219, ,AF
ORO,D,15,STORAGE,20241231 0000,20250101 0000,2314813, ,AF
ORO,D,15,STORAGE,20250101 0000,20250102 0000,2336903, ,AF
ORO,D,15,STORAGE,20250102 0000,20250103 0000,2354833, ,AF
ORO,D,15,STORAGE,20250103 0000,20250104 0000,2375740, ,AF
ORO,D,15,STORAGE,20250104 0000,20250105 0000,2396157, ,AF
ORO,D,15,STORAGE,20250105 0000,20250106 0000,2411582, ,AF
ORO,D,15,STORAGE,20250106 0000,20250107 0000,2425728, ,AF
ORO,D,15,STORAGE,20250107 0000,20250108 0000,2439072, ,AF
ORO,D,15,STORAGE,20250108 0000,20250109 0000,2450622, ,AF
ORO,D,15,STORAGE,20250109 0000,20250110 0000,2462208, ,AF
ORO,D,15,STORAGE,20250110 0000,20250111 0000,2471352, ,AF
ORO,D,15,STORAGE,20250111 0000,20250112 0000,2480026, ,AF
ORO,D,15,STORAGE,20250112 0000,20250113 0000,2489216, ,AF
ORO,D,15,STORAGE,20250113 0000,20250114 0000,2497180, ,AF
ORO,D,15,STORAGE,20250114 0000,20250115 0000,2505287, ,AF
ORO,D,15,STORAGE,20250115 0000,20250116 0000,2512415, ,AF
ORO,D,15,STORAGE,20250116 0000,20250117 0000,2518674, ,AF
ORO,D,15,STORAGE,20250117 0000,20250118 0000,2524700, ,AF
ORO,D,15,STORAGE,20250118 0000,20250119 0000,2530480, ,AF
ORO,D,15,STORAGE,20250119 0000,20250120 0000,2534256, ,AF
ORO,D,15,STORAGE,20250120 0000,20250121 0000,2539299, ,AF
ORO,D,15,STORAGE,20250121 0000,20250122 0000,2542703, ,AF
ORO,D,15,STORAGE,20250122 0000,20250123 0000,2548516, ,AF
ORO,D,15,STORAGE,20250123 0000,20250124 0000,2554083, ,AF
ORO,D,15,STORAGE,20250124 0000,20250125 0000,2558260, ,AF
ORO,D,15,STORAGE,20250125 0000,20250126 0000,2561815, ,AF
ORO,D,15,STORAGE,20250126 0000,20250127 0000,2566640, ,AF
ORO,D,15,STORAGE,20250127 0000,20250128 0000,2571214, ,AF
ORO,D,15,STORAGE,20250128 0000,20250129 0000,2577458, ,AF
ORO,D,15,STORAGE,20250129 0000,20250130 0000,2581790, ,AF
ORO,D,15,STORAGE,20250130 0000,20250131 0000,2583447, ,AF
ORO,D,15,STORAGE,20250131 0000,20250201 0000,2589073, ,AF
ORO,D,15,STORAGE,20250201 0000,20250202 0000,2588562, ,AF
ORO,D,15,STORAGE,20250202 0000,20250203 0000,2663996, ,AF
ORO,D,15,STORAGE,20250203 0000,20250204 0000,2722000, ,AF
ORO,D,15,STORAGE,20250204 0000,20250205 0000,2798836, ,AF
ORO,D,15,STORAGE,20250205 0000,20250206 0000,2856249, ,AF
ORO,D,15,STORAGE,20250206 0000,20250207 0000,2866397, ,AF
ORO,D,15,STORAGE,20250207 0000,20250208 0000,2893531, ,AF
ORO,D,15,STORAGE,20250208 0000,20250209 0000,2882492, ,AF
ORO,D,15,STORAGE,20250209 0000,20250210 0000,2864474, ,AF
ORO,D,15,STORAGE,20250210 0000,20250211 0000,2852278, ,AF
ORO,D,15,STORAGE,20250211 0000,20250212 0000,2827310, ,AF
ORO,D,15,STORAGE,20250212 0000,20250213 0000,2800999, ,AF
ORO,D,15,STORAGE,20250213 0000,20250214 0000,2799377, ,AF
ORO,D,15,STORAGE,20250214 0000,20250215 0000,2842300, ,AF
ORO,D,15,STORAGE,20250215 0000,20250216 0000,2862414, ,AF
ORO,D,15,STORAGE,20250216 0000,20250217 0000,2869144, ,AF
ORO,D,15,STORAGE,20250217 0000,20250218 0000,2873540, ,AF
ORO,D,15,STORAGE,20250218 0000,20250219 0000,2871754, ,AF
ORO,D,15,STORAGE,20250219 0000,20250220 0000,2874226, ,AF
ORO,D,15,STORAGE,20250220 0000,20250221 0000,2875878, ,AF
ORO,D,15,STORAGE,20250221 0000,20250222 0000,2876566, ,AF
ORO,D,15,STORAGE,20250222 0000,20250223 0000,2874364, ,AF
ORO,D,15,STORAGE,20250223 0000,20250224 0000,2873265, ,AF
ORO,D,15,STORAGE,20250224 0000,20250225 0000,2872578, ,AF
ORO,D,15,STORAGE,20250225 0000,20250226 0000,2871204, ,AF
ORO,D,15,STORAGE,20250226 0000,20250227 0000,2868732, ,AF
ORO,D,15,STORAGE,20250227 0000,20250228 0000,2868458, ,AF
ORO,D,15,STORAGE,20250228 0000,20250301 0000,2865848, ,AF
ORO,D,15,STORAGE,20250301 0000,20250302 0000,2861590, ,AF
ORO,D,15,STORAGE,20250302 0000,20250303 0000,2861041, ,AF
ORO,D,15,STORAGE,20250303 0000,20250304 0000,2860220, ,AF
ORO,D,15,STORAGE,20250304 0000,20250305 0000,2864062, ,AF
ORO,D,15,STORAGE,20250305 0000,20250306 0000,2871754, ,AF
ORO,D,15,STORAGE,20250306 0000,20250307 0000,2875740, ,AF
ORO,D,15,STORAGE,20250307 0000,20250308 0000,2878909, ,AF
ORO,D,15,STORAGE,20250308 0000,20250309 0000,2877669, ,AF
ORO,D,15,STORAGE,20250309 0000,20250310 0000,2878909, ,AF
ORO,D,15,STORAGE,20250310 0000,20250311 0000,2880287, ,AF
ORO,D,15,STORAGE,20250311 0000,20250312 0000,2881527, ,AF
ORO,D,15,STORAGE,20250312 0000,20250313 0000,2889107, ,AF
ORO,D,15,STORAGE,20250313 0000,20250314 0000,2897125, ,AF
ORO,D,15,STORAGE,20250314 0000,20250315 0000,2905568, ,AF
ORO,D,15,STORAGE,20250315 0000,20250316 0000,2907648, ,AF
ORO,D,15,STORAGE,20250316 0000,20250317 0000,2911393, ,AF
ORO,D,15,STORAGE,20250317 0000,20250318 0000,2944820, ,AF
ORO,D,15,STORAGE,20250318 0000,20250319 0000,2958547, ,AF
ORO,D,15,STORAGE,20250319 0000,20250320 0000,2960514, ,AF
ORO,D,15,STORAGE,20250320 0000,20250321 0000,2958968, ,AF
ORO,D,15,STORAGE,20250321 0000,20250322 0000,2965011, ,AF
ORO,D,15,STORAGE,20250322 0000,20250323 0000,2960514, ,AF
ORO,D,15,STORAGE,20250323 0000,20250324 0000,2956585, ,AF
ORO,D,15,STORAGE,20250324 0000,20250325 0000,2958688, ,AF
ORO,D,15,STORAGE,20250325 0000,20250325 0000,2961638, ,AF
ORO,D,15,STORAGE,20250326 0000,20250327 0000,2965011, ,AF
ORO,D,15,STORAGE,20250327 0000,20250328 0000,2974996, ,AF
ORO,D,15,STORAGE,20250328 0000,20250329 0000,2985286, ,AF
ORO,D,15,STORAGE,20250329 0000,20250330 0000,2994333, ,AF
ORO,D,15,STORAGE,20250330 0000,20250331 0000,3004810, ,AF
ORO,D,15,STORAGE,20250331 0000,20250401 0000,3023419, ,AF
ORO,D,15,STORAGE,20250401 0000,20250402 0000,3039815, ,AF
ORO,D,15,STORAGE,20250402 0000,20250403 0000,3049826, ,AF
ORO,D,15,STORAGE,20250403 0000,20250404 0000,3056841, ,AF
ORO,D,15,STORAGE,20250404 0000,20250405 0000,3062584, ,AF
ORO,D,15,STORAGE,20250405 0000,20250406 0000,3065887, ,AF
ORO,D,15,STORAGE,20250406 0000,20250407 0000,3069190, ,AF
ORO,D,15,STORAGE,20250407 0000,20250408 0000,3077249, ,AF
ORO,D,15,STORAGE,20250408 0000,20250409 0000,3083156, ,AF
ORO,D,15,STORAGE,20250409 0000,20250410 0000,3087192, ,AF
ORO,D,15,STORAGE,20250410 0000,20250411 0000,3093695, ,AF
ORO,D,15,STORAGE,20250411 0000,20250412 0000,3098608, ,AF
ORO,D,15,STORAGE,20250412 0000,20250413 0000,3104690, ,AF
ORO,D,15,STORAGE,20250413 0000,20250414 0000,3109763, ,AF
ORO,D,15,STORAGE,20250414 0000,20250415 0000,3114401, ,AF
ORO,D,15,STORAGE,20250415 0000,20250416 0000,3117161, ,AF
ORO,D,15,STORAGE,20250416 0000,20250417 0000,3120797, ,AF
ORO,D,15,STORAGE,20250417 0000,20250418 0000,3131855, ,AF
ORO,D,15,STORAGE,20250418 0000,20250419 0000,3143818, ,AF
ORO,D,15,STORAGE,20250419 0000,20250420 0000,3152304, ,AF
ORO,D,15,STORAGE,20250420 0000,20250421 0000,3162120, ,AF
ORO,D,15,STORAGE,20250421 0000,20250422 0000,3173426, ,AF
ORO,D,15,STORAGE,20250422 0000,20250423 0000,3186239, ,AF
ORO,D,15,STORAGE,20250423 0000,20250424 0000,3199972, ,AF
ORO,D,15,STORAGE,20250424 0000,20250425 0000,3212412, ,AF
ORO,D,15,STORAGE,20250425 0000,20250426 0000,3225032, ,AF
ORO,D,15,STORAGE,20250426 0000,20250427 0000,3237237, ,AF
ORO,D,15,STORAGE,20250427 0000,20250428 0000,3248724, ,AF
ORO,D,15,STORAGE,20250428 0000,20250429 0000,3257700, ,AF
ORO,D,15,STORAGE,20250429 0000,20250430 0000,3267888, ,AF
ORO,D,15,STORAGE,20250430 0000,20250501 0000,3277492, ,AF
ORO,D,15,STORAGE,20250501 0000,20250502 0000,3287125, ,AF
ORO,D,15,STORAGE,20250502 0000,20250503 0000,3296168, ,AF
ORO,D,15,STORAGE,20250503 0000,20250504 0000,3305229, ,AF
ORO,D,15,STORAGE,20250504 0000,20250505 0000,3315675, ,AF
ORO,D,15,STORAGE,20250505 0000,20250506 0000,3324164, ,AF
ORO,D,15,STORAGE,20250506 0000,20250507 0000,3330401, ,AF
ORO,D,15,STORAGE,20250507 0000,20250508 0000,3336942, ,AF
ORO,D,15,STORAGE,20250508 0000,20250509 0000,3344113, ,AF
ORO,D,15,STORAGE,20250509 0000,20250510 0000,3349151, ,AF
ORO,D,15,STORAGE,20250510 0000,20250511 0000,3353274, ,AF
ORO,D,15,STORAGE,20250511 0000,20250512 0000,3359248, ,AF
ORO,D,15,STORAGE,20250512 0000,20250513 0000,3366755, ,AF
ORO,D,15,STORAGE,20250513 0000,20250514 0000,3372434, ,AF
ORO,D,15,STORAGE,20250514 0000,20250515 0000,3376276, ,AF
ORO,D,15,STORAGE,20250515 0000,20250516 0000,3378889, ,AF
ORO,D,15,STORAGE,20250516 0000,20250517 0000,3382424, ,AF
ORO,D,15,STORAGE,20250517 0000,20250518 0000,3385964, ,AF
ORO,D,15,STORAGE,20250518 0000,20250519 0000,3390126, ,AF
ORO,D,15,STORAGE,20250519 0000,20250520 0000,3394288, ,AF
ORO,D,15,STORAGE,20250520 0000,20250521 0000,3400147, ,AF
ORO,D,15,STORAGE,20250521 0000,20250522 0000,3405868, ,AF
ORO,D,15,STORAGE,20250522 0000,20250523 0000,3410351, ,AF
ORO,D,15,STORAGE,20250523 0000,20250524 0000,3412052, ,AF
ORO,D,15,STORAGE,20250524 0000,20250525 0000,3407878, ,AF
ORO,D,15,STORAGE,20250525 0000,20250526 0000,3405094, ,AF
ORO,D,15,STORAGE,20250526 0000,20250527 0000,3405094, ,AF
ORO,D,15,STORAGE,20250527 0000,20250528 0000,3404940, ,AF
ORO,D,15,STORAGE,20250528 0000,20250529 0000,3406795, ,AF
ORO,D,15,STORAGE,20250529 0000,20250530 0000,3412825, ,AF
ORO,D,15,STORAGE,20250530 0000,20250531 0000,3413598, ,AF
ORO,D,15,STORAGE,20250531 0000,20250601 0000,3415454, ,AF
ORO,D,15,STORAGE,20250601 0000,20250602 0000,3418244, ,AF
ORO,D,15,STORAGE,20250602 0000,20250603 0000,3420724, ,AF
ORO,D,15,STORAGE,20250603 0000,20250604 0000,3420724, ,AF
ORO,D,15,STORAGE,20250604 0000,20250605 0000,3421498, ,AF
ORO,D,15,STORAGE,20250605 0000,20250606 0000,3417004, ,AF
ORO,D,15,STORAGE,20250606 0000,20250607 0000,3415609, ,AF
ORO,D,15,STORAGE,20250607 0000,20250608 0000,3410970, ,AF
ORO,D,15,STORAGE,20250608 0000,20250609 0000,3406641, ,AF
ORO,D,15,STORAGE,20250609 0000,20250610 0000,3405404, ,AF
ORO,D,15,STORAGE,20250610 0000,20250611 0000,3402466, ,AF
ORO,D,15,STORAGE,20250611 0000,20250612 0000,3397988, ,AF
ORO,D,15,STORAGE,20250612 0000,20250613 0000,3392438, ,AF
ORO,D,15,STORAGE,20250613 0000,20250614 0000,3386734, ,AF
ORO,D,15,STORAGE,20250614 0000,20250615 0000,3378735, ,AF
ORO,D,15,STORAGE,20250615 0000,20250616 0000,3371205, ,AF
ORO,D,15,STORAGE,20250616 0000,20250617 0000,3365070, ,AF
ORO,D,15,STORAGE,20250617 0000,20250618 0000,3357716, ,AF
ORO,D,15,STORAGE,20250618 0000,20250619 0000,3348846, ,AF
ORO,D,15,STORAGE,20250619 0000,20250620 0000,3339991, ,AF
ORO,D,15,STORAGE,20250620 0000,20250621 0000,3331162, ,AF
ORO,D,15,STORAGE,20250621 0000,20250622 0000,3321584, ,AF
ORO,D,15,STORAGE,20250622 0000,20250623 0000,3311130, ,AF
ORO,D,15,STORAGE,20250623 0000,20250624 0000,3304172, ,AF
ORO,D,15,STORAGE,20250624 0000,20250625 0000,3296470, ,AF
ORO,D,15,STORAGE,20250625 0000,20250626 0000,3287426, ,AF
ORO,D,15,STORAGE,20250626 0000,20250627 0000,3278544, ,AF
ORO,D,15,STORAGE,20250627 0000,20250628 0000,3267138, ,AF
ORO,D,15,STORAGE,20250628 0000,20250629 0000,3254708, ,AF
ORO,D,15,STORAGE,20250629 0000,20250630 0000,3242905, ,AF
ORO,D,15,STORAGE,20250630 0000,20250630 0000,3232243,e,AF
ORO,D,15,STORAGE,20250701 0000,20250702 0000,3216265, ,AF
ORO,D,15,STORAGE,20250702 0000,20250703 0000,3212708, ,AF
ORO,D,15,STORAGE,20250703 0000,20250704 0000,3199677, ,AF
ORO,D,15,STORAGE,20250704 0000,20250705 0000,3175487, ,AF
ORO,D,15,STORAGE,20250705 0000,20250706 0000,3151426, ,AF
ORO,D,15,STORAGE,20250706 0000,20250707 0000,3127195, ,AF
ORO,D,15,STORAGE,20250707 0000,20250708 0000,3113096, ,AF
ORO,D,15,STORAGE,20250708 0000,20250709 0000,3096441, ,AF
ORO,D,15,STORAGE,20250709 0000,20250710 0000,3080419, ,AF
ORO,D,15,STORAGE,20250710 0000,20250711 0000,3064450, ,AF
ORO,D,15,STORAGE,20250711 0000,20250712 0000,3048251, ,AF
ORO,D,15,STORAGE,20250712 0000,20250713 0000,3022138, ,AF
ORO,D,15,STORAGE,20250713 0000,20250714 0000,2995888, ,AF
ORO,D,15,STORAGE,20250714 0000,20250715 0000,2981903, ,AF
ORO,D,15,STORAGE,20250715 0000,20250716 0000,2968242, ,AF
ORO,D,15,STORAGE,20250716 0000,20250717 0000,2953644, ,AF
ORO,D,15,STORAGE,20250717 0000,20250718 0000,2938257, ,AF
ORO,D,15,STORAGE,20250718 0000,20250719 0000,2922369, ,AF
ORO,D,15,STORAGE,20250719 0000,20250720 0000,2900858, ,AF
ORO,D,15,STORAGE,20250720 0000,20250721 0000,2880425, ,AF
ORO,D,15,STORAGE,20250721 0000,20250722 0000,2867908, ,AF
ORO,D,15,STORAGE,20250722 0000,20250723 0000,2853511, ,AF
ORO,D,15,STORAGE,20250723 0000,20250724 0000,2839571, ,AF
ORO,D,15,STORAGE,20250724 0000,20250725 0000,2825677, ,AF
ORO,D,15,STORAGE,20250725 0000,20250726 0000,2811422, ,AF
ORO,D,15,STORAGE,20250726 0000,20250727 0000,2791812, ,AF
ORO,D,15,STORAGE,20250727 0000,20250728 0000,2774581, ,AF
ORO,D,15,STORAGE,20250728 0000,20250729 0000,2765586, ,AF
ORO,D,15,STORAGE,20250729 0000,20250730 0000,2755816, ,AF
ORO,D,15,STORAGE,20250730 0000,20250731 0000,2742600, ,AF
ORO,D,15,STORAGE,20250731 0000,20250801 0000,2730626, ,AF
ORO,D,15,STORAGE,20250801 0000,20250802 0000,2717894, ,AF
ORO,D,15,STORAGE,20250802 0000,20250803 0000,2697558, ,AF
ORO,D,15,STORAGE,20250803 0000,20250804 0000,2678383, ,AF
ORO,D,15,STORAGE,20250804 0000,20250805 0000,2668961, ,AF
ORO,D,15,STORAGE,20250805 0000,20250806 0000,2656824, ,AF
ORO,D,15,STORAGE,20250806 0000,20250807 0000,2645376, ,AF
ORO,D,15,STORAGE,20250807 0000,20250808 0000,2633964, ,AF
ORO,D,15,STORAGE,20250808 0000,20250809 0000,2623495, ,AF
ORO,D,15,STORAGE,20250809 0000,20250810 0000,2602778, ,AF
ORO,D,15,STORAGE,20250810 0000,20250811 0000,2584598, ,AF
ORO,D,15,STORAGE,20250811 0000,20250812 0000,2575292, ,AF
ORO,D,15,STORAGE,20250812 0000,20250813 0000,2564482, ,AF
ORO,D,15,STORAGE,20250813 0000,20250814 0000,2553956, ,AF
ORO,D,15,STORAGE,20250814 0000,20250815 0000,2543838, ,AF
ORO,D,15,STORAGE,20250815 0000,20250816 0000,2532616, ,AF
ORO,D,15,STORAGE,20250816 0000,20250817 0000,2513416, ,AF
ORO,D,15,STORAGE,20250817 0000,20250818 0000,2493194, ,AF
ORO,D,15,STORAGE,20250818 0000,20250819 0000,2481760, ,AF
ORO,D,15,STORAGE,20250819 0000,20250820 0000,2470113, ,AF
ORO,D,15,STORAGE,20250820 0000,20250821 0000,2464432, ,AF
ORO,D,15,STORAGE,20250821 0000,20250822 0000,2452838, ,AF
ORO,D,15,STORAGE,20250822 0000,20250823 0000,2442016, ,AF
ORO,D,15,STORAGE,20250823 0000,20250824 0000,2423161, ,AF
ORO,D,15,STORAGE,20250824 0000,20250825 0000,2407202, ,AF
ORO,D,15,STORAGE,20250825 0000,20250826 0000,2400283, ,AF
ORO,D,15,STORAGE,20250826 0000,20250827 0000,2388656, ,AF
ORO,D,15,STORAGE,20250827 0000,20250828 0000,2372966, ,AF
ORO,D,15,STORAGE,20250828 0000,20250829 0000,2373810, ,AF
ORO,D,15,STORAGE,20250829 0000,20250830 0000,2356031, ,AF
ORO,D,15,STORAGE,20250830 0000,20250831 0000,2340365, ,AF
ORO,D,15,STORAGE,20250831 0000,20250901 0000,2322873, ,AF
ORO,D,15,STORAGE,20250901 0000,20250902 0000,2306301, ,AF
ORO,D,15,STORAGE,20250902 0000,20250903 0000,2300514, ,AF
ORO,D,15,STORAGE,20250903 0000,20250904 0000,2292745, ,AF
ORO,D,15,STORAGE,20250904 0000,20250905 0000,2283584, ,AF
ORO,D,15,STORAGE,20250905 0000,20250906 0000,2274564, ,AF
ORO,D,15,STORAGE,20250906 0000,20250907 0000,2259164, ,AF
ORO,D,15,STORAGE,20250907 0000,20250908 0000,2250560, ,AF
ORO,D,15,STORAGE,20250908 0000,20250909 0000,2243482, ,AF
ORO,D,15,STORAGE,20250909 0000,20250910 0000,2235386, ,AF
ORO,D,15,STORAGE,20250910 0000,20250911 0000,2229035, ,AF
ORO,D,15,STORAGE,20250911 0000,20250912 0000,2232380, ,AF
ORO,D,15,STORAGE,20250912 0000,20250913 0000,2226617, ,AF
ORO,D,15,STORAGE,20250913 0000,20250914 0000,2214773, ,AF
ORO,D,15,STORAGE,20250914 0000,20250915 0000,2205604, ,AF
ORO,D,15,STORAGE,20250915 0000,20250916 0000,2199659, ,AF
ORO,D,15,STORAGE,20250916 0000,20250917 0000,2195090, ,AF
ORO,D,15,STORAGE,20250917 0000,20250918 0000,2191444, ,AF
ORO,D,15,STORAGE,20250918 0000,20250919 0000,2188254, ,AF
ORO,D,15,STORAGE,20250919 0000,20250920 0000,2186202, ,AF
ORO,D,15,STORAGE,20250920 0000,20250921 0000,2177455, ,AF
ORO,D,15,STORAGE,20250921 0000,20250922 0000,2165790, ,AF
ORO,D,15,STORAGE,20250922 0000,20250923 0000,2157776, ,AF
ORO,D,15,STORAGE,20250923 0000,20250924 0000,2149220, ,AF
ORO,D,15,STORAGE,20250924 0000,20250925 0000,2138446, ,AF
ORO,D,15,STORAGE,20250925 0000,20250926 0000,2125144, ,AF
ORO,D,15,STORAGE,20250926 0000,20250927 0000,2112565, ,AF
ORO,D,15,STORAGE,20250927 0000,20250928 0000,2100150, ,AF
ORO,D,15,STORAGE,20250928 0000,20250929 0000,2085915, ,AF
ORO,D,15,STORAGE,20250929 0000,20250929 0000,2073497,r,AF
ORO,D,15,STORAGE,20250930 0000,20251001 0000,2060586, ,AF
